USD,OIL,VIX,YieldSpread,InfExpectation,FinStress,FedFundsRate,FedBalanceSheet,CPI,PPI,Consumer_Confidence,DateKey
114.1595,36.81,20.7,1.22,1.55,0.3168,0.34,4486606.0,237.652,182.6,92.0,20160101
114.1595,36.81,20.7,1.22,1.55,0.3168,0.34,4486606.0,237.652,182.6,92.0,20160104
114.2649,35.97,19.34,1.21,1.56,0.3168,0.34,4486606.0,237.652,182.6,92.0,20160105
114.6177,33.97,20.59,1.19,1.53,0.3168,0.34,4486606.0,237.652,182.6,92.0,20160106
114.6516,33.29,24.99,1.2,1.5,0.3168,0.34,4486606.0,237.652,182.6,92.0,20160107
115.0095,33.2,27.01,1.19,1.48,0.7006,0.34,4486606.0,237.652,182.6,92.0,20160108
115.0139,31.42,24.3,1.23,1.45,0.7006,0.34,4486606.0,237.652,182.6,92.0,20160111
115.3128,30.42,22.47,1.19,1.43,0.7006,0.34,4486606.0,237.652,182.6,92.0,20160112
115.1425,30.42,25.22,1.17,1.43,0.7006,0.34,4501695.0,237.652,182.6,92.0,20160113
115.3846,31.22,23.95,1.2,1.43,0.7006,0.34,4501695.0,237.652,182.6,92.0,20160114
115.7404,29.45,27.02,1.18,1.36,0.8684,0.34,4501695.0,237.652,182.6,92.0,20160115
115.7404,29.45,27.02,1.18,1.36,0.8684,0.34,4501695.0,237.652,182.6,92.0,20160118
115.8155,28.47,26.05,1.18,1.38,0.8684,0.34,4501695.0,237.652,182.6,92.0,20160119
116.3498,26.68,27.59,1.16,1.32,0.8684,0.34,4488840.0,237.652,182.6,92.0,20160120
115.9833,29.55,26.69,1.18,1.28,0.8684,0.34,4488840.0,237.652,182.6,92.0,20160121
115.9833,32.07,22.34,1.19,1.35,0.9831,0.34,4488840.0,237.652,182.6,92.0,20160122
115.9833,30.31,24.15,1.15,1.34,0.9831,0.34,4488840.0,237.652,182.6,92.0,20160125
115.9833,29.54,22.5,1.16,1.36,0.9831,0.34,4488840.0,237.652,182.6,92.0,20160126
115.5087,32.32,23.11,1.18,1.4,0.9831,0.34,4482349.0,237.652,182.6,92.0,20160127
115.2224,33.21,22.42,1.17,1.42,0.9831,0.34,4482349.0,237.652,182.6,92.0,20160128
115.5731,33.66,20.2,1.18,1.41,0.5386,0.34,4482349.0,237.652,182.6,92.0,20160129
115.3331,31.62,19.98,1.16,1.4,0.5386,0.38,4482349.0,237.336,181.3,91.7,20160201
115.553,29.9,21.98,1.12,1.36,0.5386,0.38,4482349.0,237.336,181.3,91.7,20160202
114.6144,32.29,21.65,1.16,1.38,0.5386,0.38,4483495.0,237.336,181.3,91.7,20160203
113.6012,31.63,21.84,1.17,1.36,0.5386,0.38,4483495.0,237.336,181.3,91.7,20160204
114.2935,30.86,23.38,1.12,1.33,0.714,0.38,4483495.0,237.336,181.3,91.7,20160205
114.4351,29.71,26.0,1.09,1.23,0.714,0.38,4483495.0,237.336,181.3,91.7,20160208
114.127,27.96,26.54,1.05,1.21,0.714,0.38,4483495.0,237.336,181.3,91.7,20160209
114.2877,27.54,26.29,1.0,1.21,0.714,0.38,4486278.0,237.336,181.3,91.7,20160210
114.1845,26.19,28.14,0.99,1.18,0.714,0.38,4486278.0,237.336,181.3,91.7,20160211
114.2992,29.32,25.4,1.03,1.25,1.2522,0.38,4486278.0,237.336,181.3,91.7,20160212
114.2992,29.32,25.4,1.03,1.25,1.2522,0.38,4486278.0,237.336,181.3,91.7,20160215
114.4905,29.05,24.11,1.04,1.25,1.2522,0.38,4486278.0,237.336,181.3,91.7,20160216
113.8634,30.68,22.31,1.07,1.28,1.2522,0.38,4483629.0,237.336,181.3,91.7,20160217
113.8897,30.77,21.64,1.04,1.24,1.2522,0.38,4483629.0,237.336,181.3,91.7,20160218
113.9558,29.59,20.53,1.0,1.26,0.5734,0.38,4483629.0,237.336,181.3,91.7,20160219
113.8232,31.37,19.38,0.99,1.31,0.5734,0.38,4483629.0,237.336,181.3,91.7,20160222
114.177,31.84,20.98,0.98,1.32,0.5734,0.38,4483629.0,237.336,181.3,91.7,20160223
114.1716,30.35,20.72,1.0,1.36,0.5734,0.38,4489796.0,237.336,181.3,91.7,20160224
113.9222,31.4,19.11,0.99,1.39,0.5734,0.38,4489796.0,237.336,181.3,91.7,20160225
114.3708,31.65,19.81,0.96,1.41,0.552,0.38,4489796.0,237.336,181.3,91.7,20160226
114.2418,32.74,20.55,0.96,1.42,0.552,0.38,4489796.0,237.336,181.3,91.7,20160229
113.9265,34.39,17.7,0.98,1.48,0.552,0.36,4489796.0,238.08,182.1,91.0,20160301
113.7965,34.57,17.09,0.99,1.51,0.552,0.36,4478485.0,238.08,182.1,91.0,20160302
113.2482,34.56,16.7,0.98,1.53,0.552,0.36,4478485.0,238.08,182.1,91.0,20160303
112.6387,35.91,16.86,1.0,1.51,0.2357,0.36,4478485.0,238.08,182.1,91.0,20160304
112.6219,37.9,17.35,1.0,1.48,0.2357,0.36,4478485.0,238.08,182.1,91.0,20160307
112.8465,36.67,18.67,0.95,1.46,0.2357,0.36,4478485.0,238.08,182.1,91.0,20160308
112.4268,37.62,18.34,1.0,1.51,0.2357,0.36,4481083.0,238.08,182.1,91.0,20160309
112.4191,37.77,18.05,1.0,1.48,0.2357,0.36,4481083.0,238.08,182.1,91.0,20160310
111.741,38.51,16.5,1.01,1.54,0.2717,0.36,4481083.0,238.08,182.1,91.0,20160311
112.1688,37.2,16.92,1.0,1.52,0.2717,0.36,4481083.0,238.08,182.1,91.0,20160314
112.5545,36.32,16.84,0.99,1.5,0.2717,0.36,4481083.0,238.08,182.1,91.0,20160315
112.7759,38.43,14.99,1.07,1.58,0.2717,0.36,4486333.0,238.08,182.1,91.0,20160316
110.445,40.17,14.44,1.04,1.57,0.2717,0.36,4486333.0,238.08,182.1,91.0,20160317
110.4002,39.47,14.02,1.04,1.61,0.1584,0.36,4486333.0,238.08,182.1,91.0,20160318
110.737,39.91,13.79,1.05,1.64,0.1584,0.36,4486333.0,238.08,182.1,91.0,20160321
110.7877,41.45,14.17,1.03,1.63,0.1584,0.36,4486333.0,238.08,182.1,91.0,20160322
111.5473,38.28,14.94,1.01,1.58,0.1584,0.36,4492857.0,238.08,182.1,91.0,20160323
111.816,38.14,14.74,1.02,1.57,0.1584,0.36,4492857.0,238.08,182.1,91.0,20160324
111.7698,38.14,14.74,1.02,1.57,0.161,0.36,4492857.0,238.08,182.1,91.0,20160325
111.3578,37.99,15.24,1.0,1.56,0.161,0.36,4492857.0,238.08,182.1,91.0,20160328
111.3736,36.91,13.82,1.03,1.61,0.161,0.36,4492857.0,238.08,182.1,91.0,20160329
110.2301,36.91,13.56,1.07,1.65,0.161,0.36,4482840.0,238.08,182.1,91.0,20160330
109.9191,36.94,13.95,1.05,1.62,0.161,0.36,4482840.0,238.08,182.1,91.0,20160331
110.2977,35.36,13.1,1.03,1.62,0.3786,0.37,4482840.0,238.992,183.2,89.0,20160401
110.3987,34.3,14.12,1.03,1.64,0.3786,0.37,4482840.0,238.992,183.2,89.0,20160404
110.9478,34.52,15.42,1.01,1.59,0.3786,0.37,4482840.0,238.992,183.2,89.0,20160405
110.5347,37.74,14.09,1.03,1.59,0.3786,0.37,4484069.0,238.992,183.2,89.0,20160406
110.8876,37.3,16.16,1.0,1.58,0.3786,0.37,4484069.0,238.992,183.2,89.0,20160407
110.4213,39.74,15.36,1.02,1.58,0.3358,0.37,4484069.0,238.992,183.2,89.0,20160408
109.9758,40.46,16.26,1.03,1.56,0.3358,0.37,4484069.0,238.992,183.2,89.0,20160411
109.816,42.12,14.85,1.05,1.57,0.3358,0.37,4484069.0,238.992,183.2,89.0,20160412
110.1436,41.7,13.84,1.02,1.56,0.3358,0.37,4499729.0,238.992,183.2,89.0,20160413
110.1691,41.45,13.72,1.03,1.56,0.3358,0.37,4499729.0,238.992,183.2,89.0,20160414
110.1933,40.4,13.62,1.02,1.56,0.0911,0.37,4499729.0,238.992,183.2,89.0,20160415
109.9892,39.74,13.35,1.03,1.57,0.0911,0.37,4499729.0,238.992,183.2,89.0,20160418
109.2782,40.88,13.24,1.02,1.6,0.0911,0.37,4499729.0,238.992,183.2,89.0,20160419
109.3926,42.72,13.28,1.05,1.62,0.0911,0.37,4490131.0,238.992,183.2,89.0,20160420
109.8533,43.18,13.95,1.06,1.64,0.0911,0.37,4490131.0,238.992,183.2,89.0,20160421
110.2331,42.76,13.22,1.05,1.64,-0.0232,0.37,4490131.0,238.992,183.2,89.0,20160422
110.1865,41.67,14.08,1.06,1.65,-0.0232,0.37,4490131.0,238.992,183.2,89.0,20160425
109.7496,42.52,13.96,1.08,1.67,-0.0232,0.37,4490131.0,238.992,183.2,89.0,20160426
109.8483,45.29,13.77,1.04,1.68,-0.0232,0.37,4474665.0,238.992,183.2,89.0,20160427
109.2148,46.03,15.22,1.06,1.72,-0.0232,0.37,4474665.0,238.992,183.2,89.0,20160428
108.8274,45.98,15.7,1.06,1.71,0.0675,0.37,4474665.0,238.992,183.2,89.0,20160429
108.671,44.75,14.68,1.08,1.68,0.0675,0.37,4474665.0,239.557,185.3,94.7,20160502
109.3613,43.65,15.6,1.06,1.64,0.0675,0.37,4474665.0,239.557,185.3,94.7,20160503
109.9952,43.77,16.05,1.04,1.63,0.0675,0.37,4477270.0,239.557,185.3,94.7,20160504
110.2417,44.33,15.91,1.04,1.63,0.0675,0.37,4477270.0,239.557,185.3,94.7,20160505
110.3801,44.58,14.72,1.05,1.61,0.2678,0.37,4477270.0,239.557,185.3,94.7,20160506
110.9466,43.45,14.57,1.05,1.59,0.2678,0.37,4477270.0,239.557,185.3,94.7,20160509
110.8225,44.68,13.63,1.05,1.62,0.2678,0.37,4477270.0,239.557,185.3,94.7,20160510
110.2806,46.21,14.69,0.99,1.59,0.2678,0.37,4478411.0,239.557,185.3,94.7,20160511
110.6935,46.64,14.41,0.99,1.6,0.2678,0.37,4478411.0,239.557,185.3,94.7,20160512
111.2521,46.22,15.04,0.95,1.58,0.1779,0.37,4478411.0,239.557,185.3,94.7,20160513
111.1217,47.72,14.68,0.96,1.6,0.1779,0.37,4478411.0,239.557,185.3,94.7,20160516
111.0867,48.29,15.57,0.94,1.61,0.1779,0.37,4478411.0,239.557,185.3,94.7,20160517
111.4995,48.12,15.95,0.97,1.61,0.1779,0.37,4473741.0,239.557,185.3,94.7,20160518
112.2331,48.16,16.33,0.96,1.56,0.1779,0.37,4473741.0,239.557,185.3,94.7,20160519
112.1822,47.67,15.2,0.96,1.56,0.0755,0.37,4473741.0,239.557,185.3,94.7,20160520
112.284,48.12,15.82,0.93,1.54,0.0755,0.37,4473741.0,239.557,185.3,94.7,20160523
112.2912,48.04,14.42,0.94,1.55,0.0755,0.37,4473741.0,239.557,185.3,94.7,20160524
112.2001,49.1,13.9,0.95,1.58,0.0755,0.37,4461111.0,239.557,185.3,94.7,20160525
111.8979,49.0,13.43,0.96,1.58,0.0755,0.37,4461111.0,239.557,185.3,94.7,20160526
112.0822,49.36,13.12,0.95,1.58,-0.0039,0.37,4461111.0,239.557,185.3,94.7,20160527
112.0822,49.36,13.12,0.95,1.58,-0.0039,0.37,4461111.0,239.557,185.3,94.7,20160530
112.4276,49.1,14.19,0.97,1.54,-0.0039,0.37,4461111.0,239.557,185.3,94.7,20160531
112.462,49.07,14.2,0.94,1.54,-0.0039,0.38,4461393.0,240.222,187.6,93.5,20160601
112.4564,49.14,13.63,0.92,1.54,-0.0039,0.38,4461393.0,240.222,187.6,93.5,20160602
111.4451,48.69,13.47,0.93,1.52,0.1248,0.38,4461393.0,240.222,187.6,93.5,20160603
111.2295,49.71,13.65,0.93,1.54,0.1248,0.38,4461393.0,240.222,187.6,93.5,20160606
110.8378,50.37,14.05,0.94,1.57,0.1248,0.38,4461393.0,240.222,187.6,93.5,20160607
110.1916,51.23,14.08,0.93,1.59,0.1248,0.38,4463542.0,240.222,187.6,93.5,20160608
110.6168,50.52,14.64,0.91,1.56,0.1248,0.38,4463542.0,240.222,187.6,93.5,20160609
111.1027,49.09,17.03,0.91,1.52,0.1519,0.38,4463542.0,240.222,187.6,93.5,20160610
111.5036,48.89,20.97,0.89,1.47,0.1519,0.38,4463542.0,240.222,187.6,93.5,20160613
111.9826,48.49,20.5,0.88,1.45,0.1519,0.38,4463542.0,240.222,187.6,93.5,20160614
111.7671,47.92,20.14,0.91,1.47,0.1519,0.38,4472817.0,240.222,187.6,93.5,20160615
112.2347,46.14,19.37,0.87,1.42,0.1519,0.38,4472817.0,240.222,187.6,93.5,20160616
111.5332,48.0,19.41,0.92,1.42,0.5659,0.38,4472817.0,240.222,187.6,93.5,20160617
110.8693,49.4,18.37,0.93,1.43,0.5659,0.38,4472817.0,240.222,187.6,93.5,20160620
111.0077,48.95,18.48,0.95,1.43,0.5659,0.38,4472817.0,240.222,187.6,93.5,20160621
110.7681,49.16,21.17,0.94,1.44,0.5659,0.38,4482009.0,240.222,187.6,93.5,20160622
110.262,49.34,17.25,0.96,1.5,0.5659,0.38,4482009.0,240.222,187.6,93.5,20160623
112.1355,46.7,25.76,0.93,1.42,0.2561,0.38,4482009.0,240.222,187.6,93.5,20160624
113.1301,45.8,23.85,0.85,1.34,0.2561,0.38,4482009.0,240.222,187.6,93.5,20160627
112.7545,47.93,18.75,0.85,1.37,0.2561,0.38,4482009.0,240.222,187.6,93.5,20160628
111.8597,49.85,16.64,0.88,1.4,0.2561,0.38,4466482.0,240.222,187.6,93.5,20160629
112.1618,48.27,15.63,0.91,1.4,0.2561,0.38,4466482.0,240.222,187.6,93.5,20160630
111.6509,49.02,14.77,0.87,1.43,0.5804,0.39,4466482.0,240.101,187.7,90.0,20160701
111.6509,49.02,14.77,0.87,1.43,0.5804,0.39,4466482.0,240.101,187.7,90.0,20160704
112.4231,46.73,15.58,0.81,1.4,0.5804,0.39,4466482.0,240.101,187.7,90.0,20160705
112.5438,47.37,14.96,0.8,1.43,0.5804,0.39,4470605.0,240.101,187.7,90.0,20160706
112.5775,45.22,14.76,0.82,1.43,0.5804,0.39,4470605.0,240.101,187.7,90.0,20160707
112.3963,45.37,13.2,0.76,1.43,0.2049,0.39,4470605.0,240.101,187.7,90.0,20160708
112.5254,44.73,13.54,0.77,1.42,0.2049,0.39,4470605.0,240.101,187.7,90.0,20160711
112.1102,46.82,13.55,0.84,1.46,0.2049,0.39,4470605.0,240.101,187.7,90.0,20160712
112.0266,44.87,13.04,0.8,1.45,0.2049,0.39,4472202.0,240.101,187.7,90.0,20160713
111.7692,45.64,12.82,0.85,1.45,0.2049,0.39,4472202.0,240.101,187.7,90.0,20160714
112.2833,45.93,12.67,0.89,1.49,-0.1009,0.39,4472202.0,240.101,187.7,90.0,20160715
112.2463,45.23,12.44,0.91,1.49,-0.1009,0.39,4472202.0,240.101,187.7,90.0,20160718
112.638,44.64,11.97,0.86,1.44,-0.1009,0.39,4472202.0,240.101,187.7,90.0,20160719
112.6743,44.96,11.77,0.86,1.46,-0.1009,0.39,4480973.0,240.101,187.7,90.0,20160720
112.6239,43.96,12.74,0.87,1.52,-0.1009,0.39,4480973.0,240.101,187.7,90.0,20160721
112.989,43.41,12.02,0.86,1.51,0.0922,0.39,4480973.0,240.101,187.7,90.0,20160722
113.1784,42.4,12.87,0.86,1.5,0.0922,0.39,4480973.0,240.101,187.7,90.0,20160725
113.0593,42.16,13.05,0.82,1.5,0.0922,0.39,4480973.0,240.101,187.7,90.0,20160726
113.217,41.9,12.83,0.79,1.49,0.0922,0.39,4464498.0,240.101,187.7,90.0,20160727
112.7393,41.13,12.72,0.8,1.52,0.0922,0.39,4464498.0,240.101,187.7,90.0,20160728
111.874,41.54,11.87,0.79,1.49,0.2349,0.39,4464498.0,240.101,187.7,90.0,20160729
111.9757,40.05,12.44,0.84,1.46,0.2349,0.4,4464498.0,240.545,186.6,89.8,20160801
111.7124,39.5,13.37,0.88,1.44,0.2349,0.4,4464498.0,240.545,186.6,89.8,20160802
111.9419,40.8,12.86,0.88,1.46,0.2349,0.4,4466793.0,240.545,186.6,89.8,20160803
111.9149,41.92,12.42,0.87,1.47,0.2349,0.4,4466793.0,240.545,186.6,89.8,20160804
112.3589,41.83,11.39,0.87,1.5,0.356,0.4,4466793.0,240.545,186.6,89.8,20160805
112.1456,43.06,11.5,0.85,1.51,0.356,0.4,4466793.0,240.545,186.6,89.8,20160808
111.722,42.78,11.66,0.84,1.49,0.356,0.4,4466793.0,240.545,186.6,89.8,20160809
111.3238,41.75,12.05,0.81,1.44,0.356,0.4,4468929.0,240.545,186.6,89.8,20160810
111.1954,43.51,11.68,0.81,1.47,0.356,0.4,4468929.0,240.545,186.6,89.8,20160811
111.1787,44.47,11.55,0.8,1.44,0.2112,0.4,4468929.0,240.545,186.6,89.8,20160812
110.9212,45.72,11.81,0.83,1.45,0.2112,0.4,4468929.0,240.545,186.6,89.8,20160815
110.4295,46.57,12.64,0.81,1.44,0.2112,0.4,4468929.0,240.545,186.6,89.8,20160816
110.9459,46.81,12.19,0.82,1.47,0.2112,0.4,4466476.0,240.545,186.6,89.8,20160817
110.3134,48.2,11.43,0.82,1.47,0.2112,0.4,4466476.0,240.545,186.6,89.8,20160818
110.8163,48.48,11.34,0.82,1.48,0.192,0.4,4466476.0,240.545,186.6,89.8,20160819
110.9997,46.8,12.27,0.79,1.47,0.192,0.4,4466476.0,240.545,186.6,89.8,20160822
110.9414,47.54,12.38,0.81,1.48,0.192,0.4,4466476.0,240.545,186.6,89.8,20160823
111.2958,46.29,13.45,0.8,1.48,0.192,0.4,4473840.0,240.545,186.6,89.8,20160824
111.1726,46.97,13.63,0.8,1.49,0.192,0.4,4473840.0,240.545,186.6,89.8,20160825
111.2035,47.64,13.65,0.78,1.47,0.2694,0.4,4473840.0,240.545,186.6,89.8,20160826
111.8775,46.97,12.94,0.76,1.46,0.2694,0.4,4473840.0,240.545,186.6,89.8,20160829
112.2928,46.32,13.12,0.77,1.46,0.2694,0.4,4473840.0,240.545,186.6,89.8,20160830
112.4036,44.68,13.42,0.78,1.47,0.2694,0.4,4457907.0,240.545,186.6,89.8,20160831
112.1733,43.17,13.48,0.79,1.45,0.2694,0.4,4457907.0,241.176,186.9,91.2,20160901
112.0009,44.39,11.98,0.8,1.47,0.2825,0.4,4457907.0,241.176,186.9,91.2,20160902
112.0009,44.39,11.98,0.8,1.47,0.2825,0.4,4457907.0,241.176,186.9,91.2,20160905
110.9613,44.85,12.02,0.81,1.49,0.2825,0.4,4457907.0,241.176,186.9,91.2,20160906
110.9717,45.47,11.94,0.8,1.51,0.2825,0.4,4459394.0,241.176,186.9,91.2,20160907
111.2609,47.63,12.51,0.83,1.52,0.2825,0.4,4459394.0,241.176,186.9,91.2,20160908
111.9879,45.88,17.5,0.88,1.5,0.2938,0.4,4459394.0,241.176,186.9,91.2,20160909
112.1516,46.28,15.16,0.89,1.51,0.2938,0.4,4459394.0,241.176,186.9,91.2,20160912
112.5207,44.91,17.85,0.93,1.49,0.2938,0.4,4459394.0,241.176,186.9,91.2,20160913
112.4678,43.62,18.14,0.93,1.49,0.2938,0.4,4481635.0,241.176,186.9,91.2,20160914
112.4753,43.85,16.3,0.97,1.49,0.2938,0.4,4481635.0,241.176,186.9,91.2,20160915
113.1765,43.04,15.37,0.93,1.51,0.5007,0.4,4481635.0,241.176,186.9,91.2,20160916
112.903,43.34,15.53,0.91,1.5,0.5007,0.4,4481635.0,241.176,186.9,91.2,20160919
113.1848,43.85,15.92,0.9,1.49,0.5007,0.4,4481635.0,241.176,186.9,91.2,20160920
112.9842,45.33,13.3,0.87,1.51,0.5007,0.4,4473032.0,241.176,186.9,91.2,20160921
112.2592,46.1,12.02,0.84,1.55,0.5007,0.4,4473032.0,241.176,186.9,91.2,20160922
112.7166,44.36,12.29,0.85,1.57,0.3306,0.4,4473032.0,241.176,186.9,91.2,20160923
112.7112,45.6,14.5,0.83,1.54,0.3306,0.4,4473032.0,241.176,186.9,91.2,20160926
112.5515,44.65,13.1,0.81,1.52,0.3306,0.4,4473032.0,241.176,186.9,91.2,20160927
112.6283,47.07,12.39,0.82,1.56,0.3306,0.4,4452002.0,241.176,186.9,91.2,20160928
112.2879,47.72,14.02,0.83,1.54,0.3306,0.4,4452002.0,241.176,186.9,91.2,20160929
112.2795,47.72,13.29,0.83,1.6,0.3098,0.4,4452002.0,241.176,186.9,91.2,20160930
112.5077,48.8,13.57,0.83,1.63,0.3098,0.4,4452002.0,241.741,186.7,87.2,20161003
112.6579,48.67,13.63,0.87,1.62,0.3098,0.4,4452002.0,241.741,186.7,87.2,20161004
112.7946,49.75,12.99,0.87,1.62,0.3098,0.4,4459407.0,241.741,186.7,87.2,20161005
113.0066,50.44,12.84,0.89,1.64,0.3098,0.4,4459407.0,241.741,186.7,87.2,20161006
113.2915,49.76,13.48,0.9,1.63,0.0894,0.4,4459407.0,241.741,186.7,87.2,20161007
113.2915,49.76,13.38,0.9,1.63,0.0894,0.4,4459407.0,241.741,186.7,87.2,20161010
113.4461,50.72,15.36,0.9,1.64,0.0894,0.4,4459407.0,241.741,186.7,87.2,20161011
113.7442,50.14,15.91,0.92,1.64,0.0894,0.4,4457698.0,241.741,186.7,87.2,20161012
113.6238,50.47,16.69,0.9,1.63,0.0894,0.4,4457698.0,241.741,186.7,87.2,20161013
113.7119,50.35,16.12,0.96,1.67,0.2239,0.4,4457698.0,241.741,186.7,87.2,20161014
113.5488,49.97,16.21,0.96,1.68,0.2239,0.4,4457698.0,241.741,186.7,87.2,20161017
113.1393,50.3,15.28,0.93,1.66,0.2239,0.4,4457698.0,241.741,186.7,87.2,20161018
113.0547,51.59,14.41,0.95,1.68,0.2239,0.4,4467382.0,241.741,186.7,87.2,20161019
113.4033,50.31,13.75,0.92,1.68,0.2239,0.4,4467382.0,241.741,186.7,87.2,20161020
113.9015,50.61,13.34,0.9,1.67,0.1806,0.4,4467382.0,241.741,186.7,87.2,20161021
113.8571,50.18,13.02,0.93,1.66,0.1806,0.4,4467382.0,241.741,186.7,87.2,20161024
113.6801,49.45,13.46,0.91,1.7,0.1806,0.4,4467382.0,241.741,186.7,87.2,20161025
113.8131,48.75,14.24,0.93,1.71,0.1806,0.4,4454326.0,241.741,186.7,87.2,20161026
114.1998,49.71,15.36,0.98,1.72,0.1806,0.4,4454326.0,241.741,186.7,87.2,20161027
114.0931,48.72,16.19,1.0,1.73,0.1062,0.4,4454326.0,241.741,186.7,87.2,20161028
114.0188,46.83,17.06,0.98,1.73,0.1062,0.4,4454326.0,241.741,186.7,87.2,20161031
113.9915,46.66,18.56,1.0,1.72,0.1062,0.41,4454326.0,242.026,186.3,93.8,20161101
113.9206,45.32,19.32,1.0,1.7,0.1062,0.41,4453087.0,242.026,186.3,93.8,20161102
113.7664,44.66,22.08,1.01,1.68,0.1062,0.41,4453087.0,242.026,186.3,93.8,20161103
113.5828,44.07,22.51,0.99,1.68,0.4937,0.41,4453087.0,242.026,186.3,93.8,20161104
113.5443,44.88,18.71,1.01,1.71,0.4937,0.41,4453087.0,242.026,186.3,93.8,20161107
113.3017,44.96,18.74,1.01,1.73,0.4937,0.41,4453087.0,242.026,186.3,93.8,20161108
114.6956,45.2,14.38,1.17,1.82,0.4937,0.41,4455087.0,242.026,186.3,93.8,20161109
115.9375,44.62,14.74,1.23,1.88,0.4937,0.41,4455087.0,242.026,186.3,93.8,20161110
115.9375,43.39,14.17,1.23,1.88,-0.0113,0.41,4455087.0,242.026,186.3,93.8,20161111
117.2245,43.29,14.48,1.23,1.83,-0.0113,0.41,4455087.0,242.026,186.3,93.8,20161114
116.7724,45.86,13.37,1.21,1.82,-0.0113,0.41,4455087.0,242.026,186.3,93.8,20161115
116.8062,45.56,13.72,1.22,1.83,-0.0113,0.41,4453633.0,242.026,186.3,93.8,20161116
116.8952,45.37,13.35,1.25,1.87,-0.0113,0.41,4453633.0,242.026,186.3,93.8,20161117
117.5936,45.69,12.85,1.27,1.9,-0.0341,0.41,4453633.0,242.026,186.3,93.8,20161118
117.4762,47.48,12.42,1.25,1.91,-0.0341,0.41,4453633.0,242.026,186.3,93.8,20161121
117.4508,48.07,12.41,1.24,1.9,-0.0341,0.41,4453633.0,242.026,186.3,93.8,20161122
118.0356,46.72,12.43,1.24,1.92,-0.0341,0.41,4465782.0,242.026,186.3,93.8,20161123
118.0356,46.72,12.43,1.24,1.92,-0.0341,0.41,4465782.0,242.026,186.3,93.8,20161124
118.02,46.72,12.34,1.24,1.89,-0.117,0.41,4465782.0,242.026,186.3,93.8,20161125
117.7278,45.66,13.15,1.21,1.85,-0.117,0.41,4465782.0,242.026,186.3,93.8,20161128
117.644,45.29,12.9,1.21,1.86,-0.117,0.41,4465782.0,242.026,186.3,93.8,20161129
117.7636,49.41,13.33,1.26,1.94,-0.117,0.41,4446307.0,242.026,186.3,93.8,20161130
117.6642,51.08,14.07,1.31,1.97,-0.117,0.54,4446307.0,242.637,188.2,98.2,20161201
117.3116,51.7,14.12,1.29,1.91,-0.0071,0.54,4446307.0,242.637,188.2,98.2,20161202
117.1008,51.72,12.14,1.26,1.94,-0.0071,0.54,4446307.0,242.637,188.2,98.2,20161205
116.9225,50.95,11.79,1.27,1.95,-0.0071,0.54,4446307.0,242.637,188.2,98.2,20161206
116.672,49.85,12.22,1.24,1.92,-0.0071,0.54,4448618.0,242.637,188.2,98.2,20161207
117.0327,50.84,12.64,1.28,1.95,-0.0071,0.54,4448618.0,242.637,188.2,98.2,20161208
117.2834,51.51,11.75,1.32,1.96,-0.257,0.54,4448618.0,242.637,188.2,98.2,20161209
116.9161,52.74,12.64,1.34,1.98,-0.257,0.54,4448618.0,242.637,188.2,98.2,20161212
116.8029,52.99,12.72,1.31,1.95,-0.257,0.54,4448618.0,242.637,188.2,98.2,20161213
116.7332,51.01,13.19,1.27,1.94,-0.257,0.54,4470973.0,242.637,188.2,98.2,20161214
118.8072,50.9,12.79,1.31,1.9,-0.257,0.54,4470973.0,242.637,188.2,98.2,20161215
118.3584,51.93,12.2,1.32,1.86,-0.1544,0.54,4470973.0,242.637,188.2,98.2,20161216
118.3875,52.13,11.71,1.3,1.86,-0.1544,0.54,4470973.0,242.637,188.2,98.2,20161219
118.63,52.22,11.45,1.32,1.9,-0.1544,0.54,4470973.0,242.637,188.2,98.2,20161220
118.581,51.44,11.27,1.34,1.91,-0.1544,0.54,4469089.0,242.637,188.2,98.2,20161221
118.8209,51.98,11.43,1.33,1.95,-0.1544,0.54,4469089.0,242.637,188.2,98.2,20161222
118.7856,52.01,11.44,1.33,1.97,-0.1,0.54,4469089.0,242.637,188.2,98.2,20161223
118.7856,52.01,11.44,1.33,1.97,-0.1,0.54,4469089.0,242.637,188.2,98.2,20161226
118.9506,52.82,11.99,1.29,1.99,-0.1,0.54,4469089.0,242.637,188.2,98.2,20161227
119.2305,54.01,12.95,1.25,1.95,-0.1,0.54,4451451.0,242.637,188.2,98.2,20161228
118.6637,53.8,13.37,1.27,1.94,-0.1,0.54,4451451.0,242.637,188.2,98.2,20161229
118.3466,53.75,14.04,1.25,1.95,-0.0565,0.54,4451451.0,242.637,188.2,98.2,20161230
118.3466,53.75,14.04,1.25,1.95,-0.0565,0.65,4451451.0,243.618,190.7,98.5,20170102
119.0903,52.36,12.85,1.23,1.98,-0.0565,0.65,4451451.0,243.618,190.7,98.5,20170103
118.8803,53.26,11.85,1.22,1.99,-0.0565,0.65,4453101.0,243.618,190.7,98.5,20170104
117.9999,53.77,11.67,1.2,1.95,-0.0565,0.65,4453101.0,243.618,190.7,98.5,20170105
118.3495,53.98,11.32,1.2,1.96,-0.0991,0.65,4453101.0,243.618,190.7,98.5,20170106
118.4111,51.95,11.56,1.17,1.95,-0.0991,0.65,4453101.0,243.618,190.7,98.5,20170109
118.5386,50.82,11.49,1.19,1.95,-0.0991,0.65,4453101.0,243.618,190.7,98.5,20170110
119.0219,52.19,11.26,1.18,1.99,-0.0991,0.65,4452509.0,243.618,190.7,98.5,20170111
117.8001,53.01,11.54,1.18,1.98,-0.0991,0.65,4452509.0,243.618,190.7,98.5,20170112
117.9884,52.36,11.23,1.19,1.99,-0.1102,0.65,4452509.0,243.618,190.7,98.5,20170113
117.9884,52.36,11.23,1.19,1.99,-0.1102,0.65,4452509.0,243.618,190.7,98.5,20170116
117.2656,52.45,11.87,1.16,1.97,-0.1102,0.65,4452509.0,243.618,190.7,98.5,20170117
117.7242,51.12,12.48,1.19,2.0,-0.1102,0.65,4460758.0,243.618,190.7,98.5,20170118
118.3182,51.39,12.78,1.22,2.04,-0.1102,0.65,4460758.0,243.618,190.7,98.5,20170119
118.3182,52.33,11.54,1.28,2.04,-0.088,0.65,4460758.0,243.618,190.7,98.5,20170120
117.2479,52.77,11.77,1.25,2.02,-0.088,0.65,4460758.0,243.618,190.7,98.5,20170123
117.0516,52.38,11.07,1.26,2.06,-0.088,0.65,4460758.0,243.618,190.7,98.5,20170124
116.9355,52.14,10.81,1.3,2.08,-0.088,0.65,4452838.0,243.618,190.7,98.5,20170125
117.2766,53.24,10.63,1.3,2.08,-0.088,0.65,4452838.0,243.618,190.7,98.5,20170126
117.0735,53.18,10.58,1.27,2.08,-0.2015,0.65,4452838.0,243.618,190.7,98.5,20170127
116.7325,52.63,11.88,1.27,2.07,-0.2015,0.65,4452838.0,243.618,190.7,98.5,20170130
116.2241,52.75,11.99,1.26,2.05,-0.2015,0.65,4452838.0,243.618,190.7,98.5,20170131
116.3914,53.9,11.81,1.26,2.05,-0.2015,0.66,4453881.0,244.006,191.6,96.3,20170201
115.903,53.55,11.93,1.27,2.05,-0.2015,0.66,4453881.0,244.006,191.6,96.3,20170202
115.6259,53.81,10.97,1.28,2.05,-0.1373,0.66,4453881.0,244.006,191.6,96.3,20170203
116.0504,53.01,11.37,1.26,2.02,-0.1373,0.66,4453881.0,244.006,191.6,96.3,20170206
116.4082,52.19,11.29,1.24,2.0,-0.1373,0.66,4453881.0,244.006,191.6,96.3,20170207
116.1382,52.37,11.45,1.19,1.96,-0.1373,0.66,4456236.0,244.006,191.6,96.3,20170208
116.306,52.99,10.88,1.2,1.99,-0.1373,0.66,4456236.0,244.006,191.6,96.3,20170209
116.148,53.84,10.85,1.21,2.01,-0.1771,0.66,4456236.0,244.006,191.6,96.3,20170210
116.3427,52.96,11.07,1.23,2.0,-0.1771,0.66,4456236.0,244.006,191.6,96.3,20170213
116.3949,53.21,10.74,1.22,2.01,-0.1771,0.66,4456236.0,244.006,191.6,96.3,20170214
116.2162,53.11,11.97,1.24,2.06,-0.1771,0.66,4454676.0,244.006,191.6,96.3,20170215
116.0067,53.41,11.76,1.23,2.02,-0.1771,0.66,4454676.0,244.006,191.6,96.3,20170216
116.4035,53.41,11.49,1.21,2.01,-0.3,0.66,4454676.0,244.006,191.6,96.3,20170217
116.4035,53.41,11.49,1.21,2.01,-0.3,0.66,4454676.0,244.006,191.6,96.3,20170220
116.5921,54.02,11.57,1.21,2.03,-0.3,0.66,4454676.0,244.006,191.6,96.3,20170221
116.2136,53.61,11.74,1.2,2.04,-0.3,0.66,4468702.0,244.006,191.6,96.3,20170222
115.6527,54.48,11.71,1.2,2.03,-0.3,0.66,4468702.0,244.006,191.6,96.3,20170223
115.8143,53.99,11.47,1.19,2.0,-0.2253,0.66,4468702.0,244.006,191.6,96.3,20170224
115.6764,54.04,12.09,1.16,2.01,-0.2253,0.66,4468702.0,244.006,191.6,96.3,20170227
116.0032,54.0,12.92,1.14,2.02,-0.2253,0.66,4468702.0,244.006,191.6,96.3,20170228
116.438,53.82,12.54,1.17,2.03,-0.2253,0.79,4458018.0,243.892,191.5,96.9,20170301
116.8429,52.63,11.81,1.17,2.01,-0.2253,0.79,4458018.0,243.892,191.5,96.9,20170302
116.6438,53.33,10.96,1.17,2.04,-0.3952,0.79,4458018.0,243.892,191.5,96.9,20170303
116.4313,53.19,11.24,1.18,2.01,-0.3952,0.79,4458018.0,243.892,191.5,96.9,20170306
116.4303,52.68,11.45,1.2,2.03,-0.3952,0.79,4458018.0,243.892,191.5,96.9,20170307
116.875,49.83,11.86,1.21,2.01,-0.3952,0.79,4459840.0,243.892,191.5,96.9,20170308
116.9959,48.75,12.3,1.23,2.0,-0.3952,0.79,4459840.0,243.892,191.5,96.9,20170309
116.616,48.05,11.66,1.22,2.01,-0.4104,0.79,4459840.0,243.892,191.5,96.9,20170310
116.4004,47.95,11.35,1.22,2.01,-0.4104,0.79,4459840.0,243.892,191.5,96.9,20170313
116.5646,47.24,12.3,1.2,1.99,-0.4104,0.79,4459840.0,243.892,191.5,96.9,20170314
116.3584,48.34,11.63,1.18,2.01,-0.4104,0.79,4469577.0,243.892,191.5,96.9,20170315
115.4456,48.3,11.21,1.18,2.02,-0.4104,0.79,4469577.0,243.892,191.5,96.9,20170316
115.2783,48.34,11.28,1.17,2.01,-0.369,0.79,4469577.0,243.892,191.5,96.9,20170317
115.0426,47.79,11.34,1.17,2.0,-0.369,0.79,4469577.0,243.892,191.5,96.9,20170320
114.8119,47.02,12.47,1.16,1.98,-0.369,0.79,4469577.0,243.892,191.5,96.9,20170321
114.7937,47.29,12.81,1.13,1.97,-0.369,0.79,4478236.0,243.892,191.5,96.9,20170322
114.7899,47.0,13.12,1.15,1.95,-0.369,0.79,4478236.0,243.892,191.5,96.9,20170323
114.6372,47.3,12.96,1.14,1.98,-0.2432,0.79,4478236.0,243.892,191.5,96.9,20170324
114.2347,47.02,12.5,1.11,1.97,-0.2432,0.79,4478236.0,243.892,191.5,96.9,20170327
114.419,48.36,11.53,1.12,1.97,-0.2432,0.79,4478236.0,243.892,191.5,96.9,20170328
114.7167,49.47,11.42,1.13,1.98,-0.2432,0.79,4469618.0,243.892,191.5,96.9,20170329
114.5245,50.3,11.54,1.14,1.96,-0.2432,0.79,4469618.0,243.892,191.5,96.9,20170330
114.7938,50.54,12.37,1.13,1.97,-0.413,0.79,4469618.0,243.892,191.5,96.9,20170331
114.8734,50.25,12.38,1.11,1.96,-0.413,0.9,4469618.0,244.193,193.0,97.0,20170403
115.0038,50.99,11.79,1.11,1.96,-0.413,0.9,4469618.0,244.193,193.0,97.0,20170404
114.9494,51.14,12.89,1.1,1.97,-0.413,0.9,4474634.0,244.193,193.0,97.0,20170405
115.0181,51.69,12.39,1.1,1.95,-0.413,0.9,4474634.0,244.193,193.0,97.0,20170406
115.0547,52.25,12.87,1.09,1.94,-0.3851,0.9,4474634.0,244.193,193.0,97.0,20170407
115.11,53.06,14.05,1.08,1.93,-0.3851,0.9,4474634.0,244.193,193.0,97.0,20170410
115.009,53.38,15.07,1.08,1.91,-0.3851,0.9,4474634.0,244.193,193.0,97.0,20170411
114.9162,53.12,15.77,1.04,1.9,-0.3851,0.9,4484492.0,244.193,193.0,97.0,20170412
114.5059,53.19,15.96,1.03,1.92,-0.3851,0.9,4484492.0,244.193,193.0,97.0,20170413
114.5368,53.19,15.96,1.03,1.92,-0.2579,0.9,4484492.0,244.193,193.0,97.0,20170414
114.3283,52.62,14.66,1.05,1.88,-0.2579,0.9,4484492.0,244.193,193.0,97.0,20170417
114.2575,52.46,14.42,1.0,1.85,-0.2579,0.9,4484492.0,244.193,193.0,97.0,20170418
114.7923,50.49,14.93,1.02,1.85,-0.2579,0.9,4479270.0,244.193,193.0,97.0,20170419
114.6205,50.26,14.15,1.03,1.85,-0.2579,0.9,4479270.0,244.193,193.0,97.0,20170420
114.8128,49.64,14.63,1.04,1.84,-0.2562,0.9,4479270.0,244.193,193.0,97.0,20170421
114.3659,48.9,10.84,1.03,1.87,-0.2562,0.9,4479270.0,244.193,193.0,97.0,20170424
114.5111,49.22,10.76,1.06,1.91,-0.2562,0.9,4479270.0,244.193,193.0,97.0,20170425
114.9479,49.22,10.85,1.04,1.9,-0.2562,0.9,4470142.0,244.193,193.0,97.0,20170426
114.9946,48.96,10.36,1.05,1.91,-0.2562,0.9,4470142.0,244.193,193.0,97.0,20170427
114.7877,49.31,10.82,1.01,1.92,-0.5844,0.9,4470142.0,244.193,193.0,97.0,20170428
114.5921,48.83,10.11,1.05,1.92,-0.5844,0.91,4470142.0,244.004,192.8,97.1,20170501
114.6792,47.65,10.59,1.02,1.88,-0.5844,0.91,4470142.0,244.004,192.8,97.1,20170502
114.6637,47.79,10.68,1.03,1.87,-0.5844,0.91,4471246.0,244.004,192.8,97.1,20170503
114.9076,45.55,10.46,1.04,1.86,-0.5844,0.91,4471246.0,244.004,192.8,97.1,20170504
114.7725,46.23,10.57,1.04,1.86,-0.5059,0.91,4471246.0,244.004,192.8,97.1,20170505
115.0895,46.46,9.77,1.06,1.86,-0.5059,0.91,4471246.0,244.004,192.8,97.1,20170508
115.3933,45.84,9.96,1.05,1.86,-0.5059,0.91,4471246.0,244.004,192.8,97.1,20170509
115.1145,47.28,10.21,1.06,1.85,-0.5059,0.91,4473459.0,244.004,192.8,97.1,20170510
115.0669,47.81,10.6,1.04,1.88,-0.5059,0.91,4473459.0,244.004,192.8,97.1,20170511
114.7479,47.83,10.4,1.04,1.84,-0.6128,0.91,4473459.0,244.004,192.8,97.1,20170512
114.3504,48.86,10.42,1.03,1.82,-0.6128,0.91,4473459.0,244.004,192.8,97.1,20170515
113.9923,48.64,10.65,1.04,1.82,-0.6128,0.91,4473459.0,244.004,192.8,97.1,20170516
113.7506,49.04,15.59,0.96,1.78,-0.6128,0.91,4467108.0,244.004,192.8,97.1,20170517
114.2683,49.36,14.66,0.96,1.8,-0.6128,0.91,4467108.0,244.004,192.8,97.1,20170518
113.7001,50.32,12.04,0.95,1.82,-0.4771,0.91,4467108.0,244.004,192.8,97.1,20170519
113.5442,50.81,10.93,0.96,1.82,-0.4771,0.91,4467108.0,244.004,192.8,97.1,20170522
113.6862,51.12,10.72,0.98,1.83,-0.4771,0.91,4467108.0,244.004,192.8,97.1,20170523
113.675,50.99,10.02,0.97,1.81,-0.4771,0.91,4470852.0,244.004,192.8,97.1,20170524
113.3719,48.57,9.99,0.95,1.8,-0.4771,0.91,4470852.0,244.004,192.8,97.1,20170525
113.4839,49.58,9.81,0.95,1.81,-0.6595,0.91,4470852.0,244.004,192.8,97.1,20170526
113.4839,49.58,9.81,0.95,1.81,-0.6595,0.91,4470852.0,244.004,192.8,97.1,20170529
113.5552,49.63,10.38,0.93,1.81,-0.6595,0.91,4470852.0,244.004,192.8,97.1,20170530
113.2956,48.29,10.41,0.93,1.81,-0.6595,0.91,4459914.0,244.004,192.8,97.1,20170531
113.3017,48.32,9.89,0.93,1.81,-0.6595,1.04,4459914.0,244.163,193.6,95.0,20170601
113.1908,47.68,9.75,0.87,1.79,-0.6277,1.04,4459914.0,244.163,193.6,95.0,20170602
112.9755,47.4,10.07,0.86,1.79,-0.6277,1.04,4459914.0,244.163,193.6,95.0,20170605
112.7095,48.13,10.45,0.84,1.77,-0.6277,1.04,4459914.0,244.163,193.6,95.0,20170606
112.8191,45.8,10.39,0.86,1.78,-0.6277,1.04,4462443.0,244.163,193.6,95.0,20170607
112.8351,45.68,10.16,0.86,1.78,-0.6277,1.04,4462443.0,244.163,193.6,95.0,20170608
112.9562,45.82,10.7,0.86,1.78,-0.7164,1.04,4462443.0,244.163,193.6,95.0,20170609
112.9837,46.1,11.46,0.86,1.75,-0.7164,1.04,4462443.0,244.163,193.6,95.0,20170612
112.6271,46.41,10.42,0.83,1.75,-0.7164,1.04,4462443.0,244.163,193.6,95.0,20170613
112.0734,44.79,10.64,0.8,1.71,-0.7164,1.04,4476269.0,244.163,193.6,95.0,20170614
112.8708,44.47,10.9,0.81,1.67,-0.7164,1.04,4476269.0,244.163,193.6,95.0,20170615
112.6155,44.73,10.38,0.84,1.67,-0.7127,1.04,4476269.0,244.163,193.6,95.0,20170616
112.7576,44.24,10.37,0.83,1.67,-0.7127,1.04,4476269.0,244.163,193.6,95.0,20170619
113.2698,43.34,10.86,0.8,1.66,-0.7127,1.04,4476269.0,244.163,193.6,95.0,20170620
113.3327,42.48,10.75,0.8,1.66,-0.7127,1.04,4474257.0,244.163,193.6,95.0,20170621
113.1654,42.53,10.48,0.81,1.69,-0.7127,1.04,4474257.0,244.163,193.6,95.0,20170622
112.8665,42.86,10.02,0.81,1.7,-0.4832,1.04,4474257.0,244.163,193.6,95.0,20170623
112.7633,43.24,9.9,0.78,1.71,-0.4832,1.04,4474257.0,244.163,193.6,95.0,20170626
112.55,44.25,11.06,0.83,1.71,-0.4832,1.04,4474257.0,244.163,193.6,95.0,20170627
112.0747,44.74,10.03,0.88,1.73,-0.4832,1.04,4463347.0,244.163,193.6,95.0,20170628
111.998,44.88,11.44,0.89,1.72,-0.4832,1.04,4463347.0,244.163,193.6,95.0,20170629
111.9896,46.02,11.18,0.93,1.73,-0.5625,1.04,4463347.0,244.163,193.6,95.0,20170630
112.4268,46.02,11.22,0.94,1.75,-0.5625,1.15,4463347.0,244.243,193.5,93.4,20170703
112.4268,46.02,11.22,0.94,1.75,-0.5625,1.15,4463347.0,244.243,193.5,93.4,20170704
112.6534,45.11,11.07,0.92,1.75,-0.5625,1.15,4467272.0,244.243,193.5,93.4,20170705
112.4199,45.52,12.54,0.97,1.76,-0.5625,1.15,4467272.0,244.243,193.5,93.4,20170706
112.3137,44.25,11.19,0.99,1.73,-0.5946,1.15,4467272.0,244.243,193.5,93.4,20170707
112.1587,44.4,11.11,0.98,1.72,-0.5946,1.15,4467272.0,244.243,193.5,93.4,20170710
112.1434,45.06,10.89,1.0,1.75,-0.5946,1.15,4467272.0,244.243,193.5,93.4,20170711
111.5904,45.48,10.3,0.98,1.76,-0.5946,1.15,4466702.0,244.243,193.5,93.4,20170712
111.5365,46.06,9.9,0.98,1.77,-0.5946,1.15,4466702.0,244.243,193.5,93.4,20170713
110.9075,46.53,9.51,0.98,1.76,-0.5708,1.15,4466702.0,244.243,193.5,93.4,20170714
110.9304,46.02,9.82,0.95,1.77,-0.5708,1.15,4466702.0,244.243,193.5,93.4,20170717
110.4356,46.4,9.89,0.91,1.76,-0.5708,1.15,4466702.0,244.243,193.5,93.4,20170718
110.4339,47.1,9.79,0.9,1.76,-0.5708,1.15,4476903.0,244.243,193.5,93.4,20170719
110.2512,46.73,9.58,0.9,1.77,-0.5708,1.15,4476903.0,244.243,193.5,93.4,20170720
110.191,45.78,9.36,0.88,1.76,-0.6919,1.15,4476903.0,244.243,193.5,93.4,20170721
110.2004,46.21,9.43,0.89,1.78,-0.6919,1.15,4476903.0,244.243,193.5,93.4,20170724
110.2835,47.77,9.43,0.93,1.81,-0.6919,1.15,4476903.0,244.243,193.5,93.4,20170725
110.3811,48.58,9.6,0.93,1.8,-0.6919,1.15,4465284.0,244.243,193.5,93.4,20170726
110.216,49.05,10.11,0.96,1.83,-0.6919,1.15,4465284.0,244.243,193.5,93.4,20170727
109.92,49.72,10.29,0.96,1.83,-0.7247,1.15,4465284.0,244.243,193.5,93.4,20170728
109.8177,50.21,10.26,0.96,1.82,-0.7247,1.15,4465284.0,244.243,193.5,93.4,20170731
109.8495,49.19,10.09,0.92,1.79,-0.7247,1.16,4465284.0,245.183,193.8,96.8,20170801
109.7503,49.6,10.28,0.91,1.79,-0.7247,1.16,4466846.0,245.183,193.8,96.8,20170802
109.8332,49.03,10.44,0.9,1.78,-0.7247,1.16,4466846.0,245.183,193.8,96.8,20170803
110.2808,49.57,10.03,0.91,1.8,-0.6264,1.16,4466846.0,245.183,193.8,96.8,20170804
110.373,49.37,9.93,0.9,1.8,-0.6264,1.16,4466846.0,245.183,193.8,96.8,20170807
110.396,49.07,10.96,0.93,1.83,-0.6264,1.16,4466846.0,245.183,193.8,96.8,20170808
110.3671,49.59,11.11,0.91,1.82,-0.6264,1.16,4469083.0,245.183,193.8,96.8,20170809
110.1886,48.54,16.04,0.87,1.8,-0.6264,1.16,4469083.0,245.183,193.8,96.8,20170810
110.0422,48.81,15.51,0.89,1.79,-0.4653,1.16,4469083.0,245.183,193.8,96.8,20170811
110.095,47.59,12.33,0.89,1.77,-0.4653,1.16,4469083.0,245.183,193.8,96.8,20170814
110.4846,47.57,12.04,0.92,1.78,-0.4653,1.16,4469083.0,245.183,193.8,96.8,20170815
110.4394,46.8,11.74,0.9,1.78,-0.4653,1.16,4462871.0,245.183,193.8,96.8,20170816
110.1673,47.07,15.55,0.87,1.77,-0.4653,1.16,4462871.0,245.183,193.8,96.8,20170817
110.041,48.59,14.26,0.86,1.76,-0.4432,1.16,4462871.0,245.183,193.8,96.8,20170818
109.7349,47.39,13.19,0.86,1.75,-0.4432,1.16,4462871.0,245.183,193.8,96.8,20170821
109.8386,47.65,11.35,0.89,1.77,-0.4432,1.16,4462871.0,245.183,193.8,96.8,20170822
109.8095,48.45,12.25,0.85,1.75,-0.4432,1.16,4463837.0,245.183,193.8,96.8,20170823
109.7524,47.24,12.23,0.86,1.75,-0.4432,1.16,4463837.0,245.183,193.8,96.8,20170824
109.3415,47.65,11.28,0.82,1.75,-0.4661,1.16,4463837.0,245.183,193.8,96.8,20170825
109.1815,46.4,11.32,0.83,1.75,-0.4661,1.16,4463837.0,245.183,193.8,96.8,20170828
109.0946,46.46,11.7,0.8,1.74,-0.4661,1.16,4463837.0,245.183,193.8,96.8,20170829
109.4052,45.96,11.22,0.82,1.76,-0.4661,1.16,4452360.0,245.183,193.8,96.8,20170830
109.3686,47.26,10.59,0.79,1.76,-0.4661,1.16,4452360.0,245.183,193.8,96.8,20170831
109.0504,47.32,10.13,0.81,1.79,-0.5141,1.15,4452360.0,246.435,194.8,95.1,20170901
109.0504,47.32,10.13,0.81,1.79,-0.5141,1.15,4452360.0,246.435,194.8,95.1,20170904
108.8664,48.63,12.23,0.77,1.77,-0.5141,1.15,4452360.0,246.435,194.8,95.1,20170905
108.4897,49.13,11.63,0.8,1.78,-0.5141,1.15,4453474.0,246.435,194.8,95.1,20170906
107.9224,49.1,11.55,0.78,1.79,-0.5141,1.15,4453474.0,246.435,194.8,95.1,20170907
107.808,47.44,12.12,0.79,1.81,-0.4295,1.15,4453474.0,246.435,194.8,95.1,20170908
108.153,48.06,10.73,0.82,1.83,-0.4295,1.15,4453474.0,246.435,194.8,95.1,20170911
108.3239,48.21,10.58,0.84,1.84,-0.4295,1.15,4453474.0,246.435,194.8,95.1,20170912
108.6628,49.3,10.5,0.85,1.85,-0.4295,1.15,4471174.0,246.435,194.8,95.1,20170913
108.618,49.86,10.44,0.83,1.85,-0.4295,1.15,4471174.0,246.435,194.8,95.1,20170914
108.3147,49.9,10.17,0.81,1.85,-0.6751,1.15,4471174.0,246.435,194.8,95.1,20170915
108.6401,49.88,10.15,0.83,1.87,-0.6751,1.15,4471174.0,246.435,194.8,95.1,20170918
108.6142,49.54,10.18,0.84,1.87,-0.6751,1.15,4471174.0,246.435,194.8,95.1,20170919
108.4329,50.29,9.78,0.83,1.85,-0.6751,1.15,4458576.0,246.435,194.8,95.1,20170920
108.9267,50.58,9.67,0.82,1.83,-0.6751,1.15,4458576.0,246.435,194.8,95.1,20170921
108.7542,50.33,9.59,0.8,1.84,-0.716,1.15,4458576.0,246.435,194.8,95.1,20170922
109.3302,51.85,10.21,0.78,1.84,-0.716,1.15,4458576.0,246.435,194.8,95.1,20170925
109.7769,51.59,10.17,0.79,1.84,-0.716,1.15,4458576.0,246.435,194.8,95.1,20170926
110.0722,52.14,9.87,0.84,1.87,-0.716,1.15,4455661.0,246.435,194.8,95.1,20170927
110.2415,51.62,9.55,0.86,1.87,-0.716,1.15,4455661.0,246.435,194.8,95.1,20170928
110.0867,51.67,9.51,0.86,1.84,-0.6664,1.15,4455661.0,246.435,194.8,95.1,20170929
110.3686,50.59,9.45,0.85,1.83,-0.6664,1.15,4455661.0,246.626,194.9,100.7,20171002
110.3281,50.44,9.51,0.86,1.84,-0.6664,1.15,4455661.0,246.626,194.9,100.7,20171003
110.2425,50.0,9.63,0.86,1.85,-0.6664,1.15,4460422.0,246.626,194.9,100.7,20171004
110.5823,50.79,9.19,0.86,1.86,-0.6664,1.15,4460422.0,246.626,194.9,100.7,20171005
110.7841,49.34,9.65,0.83,1.87,-0.7111,1.15,4460422.0,246.626,194.9,100.7,20171006
110.7841,49.58,10.33,0.83,1.87,-0.7111,1.15,4460422.0,246.626,194.9,100.7,20171009
110.3034,50.93,10.08,0.84,1.88,-0.7111,1.15,4460422.0,246.626,194.9,100.7,20171010
110.3037,51.3,9.85,0.84,1.89,-0.7111,1.15,4459415.0,246.626,194.9,100.7,20171011
110.3152,50.61,9.91,0.82,1.89,-0.7111,1.15,4459415.0,246.626,194.9,100.7,20171012
110.2669,51.43,9.61,0.77,1.85,-0.6745,1.15,4459415.0,246.626,194.9,100.7,20171013
110.5432,51.86,9.91,0.76,1.84,-0.6745,1.15,4459415.0,246.626,194.9,100.7,20171016
110.9141,51.87,10.31,0.76,1.82,-0.6745,1.15,4459415.0,246.626,194.9,100.7,20171017
110.7214,52.05,10.07,0.75,1.84,-0.6745,1.15,4469723.0,246.626,194.9,100.7,20171018
110.4577,51.29,10.05,0.75,1.84,-0.6745,1.15,4469723.0,246.626,194.9,100.7,20171019
111.0375,51.63,9.97,0.79,1.87,-0.7424,1.15,4469723.0,246.626,194.9,100.7,20171020
111.2134,51.91,11.07,0.8,1.86,-0.7424,1.15,4469723.0,246.626,194.9,100.7,20171023
111.4027,52.32,11.16,0.82,1.87,-0.7424,1.15,4469723.0,246.626,194.9,100.7,20171024
111.3904,51.97,11.23,0.83,1.88,-0.7424,1.15,4461117.0,246.626,194.9,100.7,20171025
111.6418,52.41,11.3,0.83,1.89,-0.7424,1.15,4461117.0,246.626,194.9,100.7,20171026
112.1495,53.92,9.8,0.83,1.88,-0.746,1.15,4461117.0,246.626,194.9,100.7,20171027
111.901,54.11,10.5,0.79,1.87,-0.746,1.15,4461117.0,246.626,194.9,100.7,20171030
111.8052,54.36,10.18,0.78,1.88,-0.746,1.15,4461117.0,246.626,194.9,100.7,20171031
111.7942,54.32,10.2,0.76,1.88,-0.746,1.16,4455887.0,247.284,195.9,98.5,20171101
111.5474,54.55,9.93,0.74,1.87,-0.746,1.16,4455887.0,247.284,195.9,98.5,20171102
111.9383,55.63,9.14,0.71,1.86,-0.7091,1.16,4455887.0,247.284,195.9,98.5,20171103
111.7197,57.34,9.4,0.71,1.86,-0.7091,1.16,4455887.0,247.284,195.9,98.5,20171106
111.9446,57.19,9.89,0.69,1.88,-0.7091,1.16,4455887.0,247.284,195.9,98.5,20171107
111.6935,56.82,9.78,0.67,1.87,-0.7091,1.16,4458552.0,247.284,195.9,98.5,20171108
111.5626,57.16,10.5,0.7,1.87,-0.7091,1.16,4458552.0,247.284,195.9,98.5,20171109
111.5626,56.75,11.29,0.73,1.88,-0.6805,1.16,4458552.0,247.284,195.9,98.5,20171110
111.7833,56.77,11.5,0.7,1.88,-0.6805,1.16,4458552.0,247.284,195.9,98.5,20171113
111.5097,55.67,11.59,0.7,1.87,-0.6805,1.16,4458552.0,247.284,195.9,98.5,20171114
111.4809,55.28,13.13,0.65,1.85,-0.6805,1.16,4448289.0,247.284,195.9,98.5,20171115
111.2568,55.14,11.76,0.65,1.84,-0.6805,1.16,4448289.0,247.284,195.9,98.5,20171116
111.0016,56.21,11.43,0.62,1.86,-0.6763,1.16,4448289.0,247.284,195.9,98.5,20171117
111.2599,56.21,10.65,0.6,1.85,-0.6763,1.16,4448289.0,247.284,195.9,98.5,20171120
110.9828,56.84,9.73,0.59,1.84,-0.6763,1.16,4448289.0,247.284,195.9,98.5,20171121
110.5632,57.88,9.88,0.58,1.84,-0.6763,1.16,4450615.0,247.284,195.9,98.5,20171122
110.5632,57.88,9.88,0.58,1.84,-0.6763,1.16,4450615.0,247.284,195.9,98.5,20171123
110.0253,58.94,9.67,0.59,1.84,-0.8315,1.16,4450615.0,247.284,195.9,98.5,20171124
110.1136,58.1,9.87,0.58,1.83,-0.8315,1.16,4450615.0,247.284,195.9,98.5,20171127
110.3018,57.96,10.03,0.59,1.84,-0.8315,1.16,4450615.0,247.284,195.9,98.5,20171128
110.3265,57.25,10.7,0.59,1.84,-0.8315,1.16,4438592.0,247.284,195.9,98.5,20171129
110.4648,57.4,11.28,0.64,1.86,-0.8315,1.16,4438592.0,247.284,195.9,98.5,20171130
110.1413,58.35,11.43,0.59,1.86,-0.7863,1.3,4438592.0,247.805,196.3,95.9,20171201
110.397,57.48,11.68,0.57,1.87,-0.7863,1.3,4438592.0,247.805,196.3,95.9,20171204
110.4905,57.66,11.33,0.53,1.86,-0.7863,1.3,4438592.0,247.805,196.3,95.9,20171205
110.8711,55.79,11.02,0.55,1.86,-0.7863,1.3,4437148.0,247.805,196.3,95.9,20171206
111.0178,56.5,10.16,0.57,1.87,-0.7863,1.3,4437148.0,247.805,196.3,95.9,20171207
111.2273,57.15,9.58,0.58,1.88,-0.716,1.3,4437148.0,247.805,196.3,95.9,20171208
111.0827,57.84,9.34,0.57,1.88,-0.716,1.3,4437148.0,247.805,196.3,95.9,20171211
111.5214,57.12,9.92,0.57,1.89,-0.716,1.3,4437148.0,247.805,196.3,95.9,20171212
111.2759,56.59,10.18,0.57,1.88,-0.716,1.3,4452726.0,247.805,196.3,95.9,20171213
111.0893,57.0,10.49,0.53,1.87,-0.716,1.3,4452726.0,247.805,196.3,95.9,20171214
111.1286,57.29,9.42,0.51,1.88,-0.6529,1.3,4452726.0,247.805,196.3,95.9,20171215
110.9086,57.17,9.53,0.55,1.89,-0.6529,1.3,4452726.0,247.805,196.3,95.9,20171218
111.1255,57.49,10.03,0.59,1.91,-0.6529,1.3,4452726.0,247.805,196.3,95.9,20171219
110.8361,58.09,9.72,0.62,1.92,-0.6529,1.3,4447470.0,247.805,196.3,95.9,20171220
110.8786,58.34,9.62,0.59,1.93,-0.6529,1.3,4447470.0,247.805,196.3,95.9,20171221
111.0997,58.25,9.9,0.57,1.94,-0.6139,1.3,4447470.0,247.805,196.3,95.9,20171222
111.0997,58.25,9.9,0.57,1.94,-0.6139,1.3,4447470.0,247.805,196.3,95.9,20171225
110.9758,59.55,10.25,0.55,1.94,-0.6139,1.3,4447470.0,247.805,196.3,95.9,20171226
110.8553,59.67,10.47,0.53,1.94,-0.6139,1.3,4448680.0,247.805,196.3,95.9,20171227
110.5154,59.84,10.18,0.52,1.96,-0.6139,1.3,4448680.0,247.805,196.3,95.9,20171228
110.0783,60.46,11.04,0.51,1.96,-0.5127,1.3,4448680.0,247.805,196.3,95.9,20171229
110.0783,60.46,11.04,0.51,1.96,-0.5127,1.41,4448680.0,248.859,197.9,95.7,20180101
109.6445,60.37,9.77,0.54,2.0,-0.5127,1.41,4448680.0,248.859,197.9,95.7,20180102
109.6751,61.61,9.15,0.5,1.98,-0.5127,1.41,4443718.0,248.859,197.9,95.7,20180103
109.4777,61.98,9.22,0.5,2.01,-0.5127,1.41,4443718.0,248.859,197.9,95.7,20180104
109.3496,61.49,9.22,0.51,2.01,-0.6315,1.41,4443718.0,248.859,197.9,95.7,20180105
109.5681,61.73,9.52,0.53,2.02,-0.6315,1.41,4443718.0,248.859,197.9,95.7,20180108
109.9025,62.92,10.08,0.57,2.03,-0.6315,1.41,4443718.0,248.859,197.9,95.7,20180109
109.628,63.6,9.82,0.57,2.03,-0.6315,1.41,4446062.0,248.859,197.9,95.7,20180110
109.4888,63.81,9.88,0.56,2.0,-0.6315,1.41,4446062.0,248.859,197.9,95.7,20180111
108.901,64.22,10.16,0.56,2.01,-0.7115,1.41,4446062.0,248.859,197.9,95.7,20180112
108.901,64.22,10.16,0.56,2.01,-0.7115,1.41,4446062.0,248.859,197.9,95.7,20180115
108.3218,63.82,11.66,0.51,2.03,-0.7115,1.41,4446062.0,248.859,197.9,95.7,20180116
108.1526,63.92,11.91,0.52,2.04,-0.7115,1.41,4439145.0,248.859,197.9,95.7,20180117
108.0655,63.96,12.22,0.57,2.05,-0.7115,1.41,4439145.0,248.859,197.9,95.7,20180118
107.9455,63.38,11.27,0.58,2.06,-0.6527,1.41,4439145.0,248.859,197.9,95.7,20180119
108.107,63.66,11.03,0.58,2.06,-0.6527,1.41,4439145.0,248.859,197.9,95.7,20180122
107.9979,64.45,11.1,0.57,2.06,-0.6527,1.41,4439145.0,248.859,197.9,95.7,20180123
107.0802,65.69,11.47,0.57,2.07,-0.6527,1.41,4441317.0,248.859,197.9,95.7,20180124
106.5052,65.62,11.58,0.55,2.07,-0.6527,1.41,4441317.0,248.859,197.9,95.7,20180125
106.6911,66.27,11.08,0.53,2.09,-0.6638,1.41,4441317.0,248.859,197.9,95.7,20180126
107.1142,65.71,13.84,0.59,2.09,-0.6638,1.41,4441317.0,248.859,197.9,95.7,20180129
107.1064,64.64,14.79,0.6,2.1,-0.6638,1.41,4441317.0,248.859,197.9,95.7,20180130
106.7696,64.82,13.54,0.58,2.11,-0.6638,1.41,4419225.0,248.859,197.9,95.7,20180131
106.4877,65.92,13.47,0.62,2.11,-0.6638,1.42,4419225.0,249.529,199.3,99.7,20180201
107.1151,65.5,17.31,0.69,2.14,-0.5083,1.42,4419225.0,249.529,199.3,99.7,20180202
107.33,64.18,37.32,0.69,2.1,-0.5083,1.42,4419225.0,249.529,199.3,99.7,20180205
107.5204,63.48,29.98,0.69,2.1,-0.5083,1.42,4419225.0,249.529,199.3,99.7,20180206
107.7175,61.91,27.73,0.69,2.1,-0.5083,1.42,4420745.0,249.529,199.3,99.7,20180207
108.3025,61.3,33.46,0.72,2.09,-0.5083,1.42,4420745.0,249.529,199.3,99.7,20180208
108.2582,59.2,29.06,0.78,2.05,0.0947,1.42,4420745.0,249.529,199.3,99.7,20180209
108.0332,59.41,25.61,0.77,2.07,0.0947,1.42,4420745.0,249.529,199.3,99.7,20180212
107.7574,59.33,24.97,0.73,2.05,0.0947,1.42,4420745.0,249.529,199.3,99.7,20180213
107.4691,60.7,19.26,0.74,2.09,0.0947,1.42,4434863.0,249.529,199.3,99.7,20180214
106.9867,61.48,19.13,0.71,2.11,0.0947,1.42,4434863.0,249.529,199.3,99.7,20180215
107.0359,61.89,19.46,0.66,2.09,-0.2662,1.42,4434863.0,249.529,199.3,99.7,20180216
107.0359,61.89,19.46,0.66,2.09,-0.2662,1.42,4434863.0,249.529,199.3,99.7,20180219
107.6249,61.91,20.6,0.63,2.1,-0.2662,1.42,4434863.0,249.529,199.3,99.7,20180220
107.8679,61.73,20.02,0.68,2.12,-0.2662,1.42,4411660.0,249.529,199.3,99.7,20180221
107.8668,62.72,18.72,0.67,2.11,-0.2662,1.42,4411660.0,249.529,199.3,99.7,20180222
107.6804,63.52,16.49,0.63,2.12,-0.3455,1.42,4411660.0,249.529,199.3,99.7,20180223
107.7347,63.81,15.8,0.64,2.13,-0.3455,1.42,4411660.0,249.529,199.3,99.7,20180226
108.1731,62.94,18.59,0.63,2.13,-0.3455,1.42,4411660.0,249.529,199.3,99.7,20180227
108.3903,61.43,19.85,0.62,2.12,-0.3455,1.42,4393401.0,249.529,199.3,99.7,20180228
108.5358,60.98,22.47,0.59,2.1,-0.3455,1.51,4393401.0,249.577,199.3,101.4,20180301
108.5358,61.19,19.59,0.61,2.12,-0.0772,1.51,4393401.0,249.577,199.3,101.4,20180302
108.3614,62.49,18.73,0.64,2.13,-0.0772,1.51,4393401.0,249.577,199.3,101.4,20180305
107.7969,62.54,18.36,0.63,2.12,-0.0772,1.51,4393401.0,249.577,199.3,101.4,20180306
108.0911,61.09,17.76,0.64,2.13,-0.0772,1.51,4396097.0,249.577,199.3,101.4,20180307
108.2671,60.13,16.54,0.61,2.11,-0.0772,1.51,4396097.0,249.577,199.3,101.4,20180308
107.923,62.02,14.64,0.63,2.12,-0.1013,1.51,4396097.0,249.577,199.3,101.4,20180309
107.9438,61.35,15.78,0.6,2.1,-0.1013,1.51,4396097.0,249.577,199.3,101.4,20180312
107.7384,60.69,16.35,0.58,2.09,-0.1013,1.51,4396097.0,249.577,199.3,101.4,20180313
107.8623,60.89,17.23,0.55,2.07,-0.1013,1.51,4407258.0,249.577,199.3,101.4,20180314
108.2032,61.16,16.59,0.53,2.08,-0.1013,1.51,4407258.0,249.577,199.3,101.4,20180315
108.4332,62.29,15.8,0.54,2.08,-0.0304,1.51,4407258.0,249.577,199.3,101.4,20180316
108.3145,62.01,19.02,0.54,2.08,-0.0304,1.51,4407258.0,249.577,199.3,101.4,20180319
108.4953,63.37,18.2,0.55,2.08,-0.0304,1.51,4407258.0,249.577,199.3,101.4,20180320
108.4953,65.1,17.86,0.58,2.09,-0.0304,1.51,4401222.0,249.577,199.3,101.4,20180321
107.9935,64.25,23.34,0.54,2.08,-0.0304,1.51,4401222.0,249.577,199.3,101.4,20180322
107.7495,65.8,24.87,0.54,2.07,0.2497,1.51,4401222.0,249.577,199.3,101.4,20180323
107.1819,65.49,21.03,0.52,2.08,0.2497,1.51,4401222.0,249.577,199.3,101.4,20180326
107.3359,65.21,22.5,0.52,2.07,0.2497,1.51,4401222.0,249.577,199.3,101.4,20180327
107.5733,64.3,22.87,0.49,2.05,0.2497,1.51,4392198.0,249.577,199.3,101.4,20180328
107.665,64.87,19.97,0.47,2.05,0.2497,1.51,4392198.0,249.577,199.3,101.4,20180329
107.4784,64.87,19.97,0.47,2.05,0.3319,1.51,4392198.0,249.577,199.3,101.4,20180330
107.7033,63.05,23.62,0.48,2.05,0.3319,1.69,4392198.0,250.227,200.3,98.8,20180402
107.5624,63.41,21.1,0.51,2.08,0.3319,1.69,4392198.0,250.227,200.3,98.8,20180403
107.6361,63.35,20.06,0.51,2.08,0.3319,1.69,4386104.0,250.227,200.3,98.8,20180404
107.7281,63.53,18.94,0.53,2.08,0.3319,1.69,4386104.0,250.227,200.3,98.8,20180405
107.7886,62.03,21.49,0.5,2.07,0.3305,1.69,4386104.0,250.227,200.3,98.8,20180406
107.5316,63.4,21.77,0.49,2.07,0.3305,1.69,4386104.0,250.227,200.3,98.8,20180409
107.3659,65.48,20.47,0.48,2.08,0.3305,1.69,4386104.0,250.227,200.3,98.8,20180410
107.1224,66.81,20.24,0.47,2.11,0.3305,1.69,4383684.0,250.227,200.3,98.8,20180411
107.2905,67.07,18.49,0.49,2.13,0.3305,1.69,4383684.0,250.227,200.3,98.8,20180412
107.2368,67.35,17.41,0.45,2.13,0.1308,1.69,4383684.0,250.227,200.3,98.8,20180413
107.0595,66.23,16.56,0.44,2.12,0.1308,1.69,4383684.0,250.227,200.3,98.8,20180416
107.0344,66.5,15.25,0.41,2.14,0.1308,1.69,4383684.0,250.227,200.3,98.8,20180417
107.1096,68.44,15.6,0.45,2.16,0.1308,1.69,4385903.0,250.227,200.3,98.8,20180418
107.5197,68.3,15.96,0.48,2.17,0.1308,1.69,4385903.0,250.227,200.3,98.8,20180419
108.1787,68.26,16.88,0.5,2.17,-0.0708,1.69,4385903.0,250.227,200.3,98.8,20180420
108.9332,67.61,16.34,0.49,2.18,-0.0708,1.69,4385903.0,250.227,200.3,98.8,20180423
108.7906,67.66,18.02,0.52,2.17,-0.0708,1.69,4385903.0,250.227,200.3,98.8,20180424
109.3447,68.0,17.84,0.54,2.17,-0.0708,1.69,4372886.0,250.227,200.3,98.8,20180425
109.3646,68.18,16.24,0.51,2.18,-0.0708,1.69,4372886.0,250.227,200.3,98.8,20180426
109.1735,68.11,15.41,0.47,2.17,-0.0344,1.69,4372886.0,250.227,200.3,98.8,20180427
109.3363,68.56,15.93,0.46,2.17,-0.0344,1.69,4372886.0,250.227,200.3,98.8,20180430
109.7445,67.28,15.49,0.47,2.16,-0.0344,1.7,4372886.0,250.792,203.2,98.0,20180501
110.1625,67.91,15.97,0.48,2.17,-0.0344,1.7,4356129.0,250.792,203.2,98.0,20180502
110.1803,68.45,15.9,0.45,2.16,-0.0344,1.7,4356129.0,250.792,203.2,98.0,20180503
110.25,69.71,14.77,0.44,2.16,-0.0004,1.7,4356129.0,250.792,203.2,98.0,20180504
110.5721,70.74,14.75,0.46,2.17,-0.0004,1.7,4356129.0,250.792,203.2,98.0,20180507
111.063,68.83,14.71,0.46,2.16,-0.0004,1.7,4356129.0,250.792,203.2,98.0,20180508
110.8818,71.16,13.42,0.46,2.18,-0.0004,1.7,4358207.0,250.792,203.2,98.0,20180509
110.405,71.36,13.23,0.43,2.17,-0.0004,1.7,4358207.0,250.792,203.2,98.0,20180510
110.2847,70.69,12.65,0.43,2.15,-0.2436,1.7,4358207.0,250.792,203.2,98.0,20180511
110.408,71.01,12.93,0.45,2.15,-0.2436,1.7,4358207.0,250.792,203.2,98.0,20180514
111.2292,71.34,14.63,0.5,2.18,-0.2436,1.7,4358207.0,250.792,203.2,98.0,20180515
111.3068,71.43,13.42,0.51,2.17,-0.2436,1.7,4337609.0,250.792,203.2,98.0,20180516
111.3547,71.47,13.43,0.54,2.16,-0.2436,1.7,4337609.0,250.792,203.2,98.0,20180517
111.7171,71.23,13.42,0.51,2.15,-0.3033,1.7,4337609.0,250.792,203.2,98.0,20180518
111.6394,72.26,13.08,0.48,2.16,-0.3033,1.7,4337609.0,250.792,203.2,98.0,20180521
111.1945,72.09,13.22,0.47,2.15,-0.3033,1.7,4337609.0,250.792,203.2,98.0,20180522
111.6933,71.85,12.58,0.48,2.14,-0.3033,1.7,4337301.0,250.792,203.2,98.0,20180523
111.4885,70.77,12.53,0.48,2.12,-0.3033,1.7,4337301.0,250.792,203.2,98.0,20180524
111.5843,67.92,13.22,0.45,2.09,-0.2371,1.7,4337301.0,250.792,203.2,98.0,20180525
111.5843,67.92,13.22,0.45,2.09,-0.2371,1.7,4337301.0,250.792,203.2,98.0,20180528
112.2127,66.8,17.02,0.45,2.04,-0.2371,1.7,4337301.0,250.792,203.2,98.0,20180529
111.6731,68.24,14.94,0.42,2.06,-0.2371,1.7,4327519.0,250.792,203.2,98.0,20180530
111.9894,66.98,15.43,0.43,2.07,-0.2371,1.7,4327519.0,250.792,203.2,98.0,20180531
111.8265,65.81,13.46,0.42,2.09,0.0546,1.82,4327519.0,251.018,204.2,98.2,20180601
111.8247,64.76,12.74,0.42,2.12,0.0546,1.82,4327519.0,251.018,204.2,98.2,20180604
112.264,65.51,12.4,0.43,2.13,0.0546,1.82,4327519.0,251.018,204.2,98.2,20180605
111.7525,64.75,11.64,0.45,2.14,0.0546,1.82,4319191.0,251.018,204.2,98.2,20180606
112.0725,65.96,12.13,0.43,2.13,0.0546,1.82,4319191.0,251.018,204.2,98.2,20180607
112.1066,65.77,12.18,0.43,2.11,-0.3961,1.82,4319191.0,251.018,204.2,98.2,20180608
112.1106,66.1,12.35,0.44,2.13,-0.3961,1.82,4319191.0,251.018,204.2,98.2,20180611
112.2138,66.38,12.34,0.42,2.13,-0.3961,1.82,4319191.0,251.018,204.2,98.2,20180612
112.2577,66.63,12.94,0.39,2.12,-0.3961,1.82,4324906.0,251.018,204.2,98.2,20180613
112.8593,66.91,12.12,0.35,2.12,-0.3961,1.82,4324906.0,251.018,204.2,98.2,20180614
113.3379,65.01,11.98,0.38,2.12,-0.3465,1.82,4324906.0,251.018,204.2,98.2,20180615
113.4899,65.91,12.31,0.36,2.12,-0.3465,1.82,4324906.0,251.018,204.2,98.2,20180618
113.639,65.09,13.35,0.35,2.12,-0.3465,1.82,4324906.0,251.018,204.2,98.2,20180619
113.4784,65.92,12.79,0.37,2.12,-0.3465,1.82,4315896.0,251.018,204.2,98.2,20180620
113.6109,65.68,14.64,0.34,2.11,-0.3465,1.82,4315896.0,251.018,204.2,98.2,20180621
113.3047,69.02,13.77,0.34,2.12,-0.2796,1.82,4315896.0,251.018,204.2,98.2,20180622
113.286,69.91,17.33,0.33,2.1,-0.2796,1.82,4315896.0,251.018,204.2,98.2,20180625
113.3016,75.23,15.92,0.35,2.12,-0.2796,1.82,4315896.0,251.018,204.2,98.2,20180626
113.8971,77.41,17.91,0.31,2.11,-0.2796,1.82,4305491.0,251.018,204.2,98.2,20180627
113.8405,73.45,16.85,0.32,2.1,-0.2796,1.82,4305491.0,251.018,204.2,98.2,20180628
113.2586,74.13,16.09,0.33,2.11,-0.0675,1.82,4305491.0,251.018,204.2,98.2,20180629
114.1673,73.89,15.6,0.3,2.14,-0.0675,1.91,4305491.0,251.214,204.3,97.9,20180702
113.3222,74.19,16.14,0.3,2.12,-0.0675,1.91,4305491.0,251.214,204.3,97.9,20180703
113.3222,74.19,16.14,0.3,2.12,-0.0675,1.91,4289764.0,251.214,204.3,97.9,20180704
112.9759,73.05,14.97,0.29,2.13,-0.0675,1.91,4289764.0,251.214,204.3,97.9,20180705
112.6428,73.78,13.37,0.29,2.12,-0.1963,1.91,4289764.0,251.214,204.3,97.9,20180706
112.6425,73.93,12.69,0.29,2.13,-0.1963,1.91,4289764.0,251.214,204.3,97.9,20180709
112.5794,74.11,12.64,0.28,2.13,-0.1963,1.91,4289764.0,251.214,204.3,97.9,20180710
112.8582,70.47,13.63,0.27,2.11,-0.1963,1.91,4291201.0,251.214,204.3,97.9,20180711
112.779,70.28,12.58,0.25,2.1,-0.1963,1.91,4291201.0,251.214,204.3,97.9,20180712
113.0705,71.03,12.18,0.24,2.11,-0.4254,1.91,4291201.0,251.214,204.3,97.9,20180713
112.8437,68.22,12.83,0.26,2.1,-0.4254,1.91,4291201.0,251.214,204.3,97.9,20180716
113.1504,68.03,12.06,0.24,2.09,-0.4254,1.91,4291201.0,251.214,204.3,97.9,20180717
113.3348,68.78,12.1,0.28,2.09,-0.4254,1.91,4291615.0,251.214,204.3,97.9,20180718
113.9463,69.42,12.87,0.24,2.09,-0.4254,1.91,4291615.0,251.214,204.3,97.9,20180719
113.3213,70.31,12.86,0.29,2.11,-0.4619,1.91,4291615.0,251.214,204.3,97.9,20180720
113.4246,67.9,12.62,0.32,2.11,-0.4619,1.91,4291615.0,251.214,204.3,97.9,20180723
113.2045,70.77,12.41,0.32,2.11,-0.4619,1.91,4291615.0,251.214,204.3,97.9,20180724
112.9221,71.13,12.29,0.28,2.13,-0.4619,1.91,4277681.0,251.214,204.3,97.9,20180725
112.9179,71.59,12.14,0.29,2.11,-0.4619,1.91,4277681.0,251.214,204.3,97.9,20180726
112.8125,68.66,13.03,0.29,2.12,-0.5451,1.91,4277681.0,251.214,204.3,97.9,20180727
112.6044,71.19,14.26,0.32,2.13,-0.5451,1.91,4277681.0,251.214,204.3,97.9,20180730
112.7299,69.88,12.83,0.29,2.12,-0.5451,1.91,4277681.0,251.214,204.3,97.9,20180731
112.8899,68.8,13.15,0.33,2.13,-0.5451,1.91,4255653.0,251.663,203.4,96.2,20180801
113.1679,68.95,12.19,0.32,2.12,-0.5451,1.91,4255653.0,251.663,203.4,96.2,20180802
113.012,68.49,11.64,0.32,2.12,-0.4517,1.91,4255653.0,251.663,203.4,96.2,20180803
113.229,69.01,11.27,0.3,2.11,-0.4517,1.91,4255653.0,251.663,203.4,96.2,20180806
112.9759,69.17,10.93,0.3,2.13,-0.4517,1.91,4255653.0,251.663,203.4,96.2,20180807
113.1411,66.92,10.85,0.28,2.11,-0.4517,1.91,4258030.0,251.663,203.4,96.2,20180808
113.3806,66.81,11.27,0.29,2.11,-0.4517,1.91,4258030.0,251.663,203.4,96.2,20180809
114.3005,67.61,13.16,0.26,2.09,-0.5579,1.91,4258030.0,251.663,203.4,96.2,20180810
114.851,67.25,14.78,0.27,2.1,-0.5579,1.91,4258030.0,251.663,203.4,96.2,20180813
114.658,67.04,13.31,0.26,2.09,-0.5579,1.91,4258030.0,251.663,203.4,96.2,20180814
115.1526,65.07,14.64,0.25,2.08,-0.5579,1.91,4228924.0,251.663,203.4,96.2,20180815
114.6416,65.44,13.45,0.24,2.08,-0.5579,1.91,4228924.0,251.663,203.4,96.2,20180816
114.5339,65.93,12.64,0.26,2.08,-0.4517,1.91,4228924.0,251.663,203.4,96.2,20180817
114.3504,66.5,12.49,0.22,2.07,-0.4517,1.91,4228924.0,251.663,203.4,96.2,20180820
113.8604,67.32,12.86,0.24,2.08,-0.4517,1.91,4228924.0,251.663,203.4,96.2,20180821
113.663,67.85,12.25,0.22,2.08,-0.4517,1.91,4228818.0,251.663,203.4,96.2,20180822
114.0932,69.13,12.41,0.21,2.09,-0.4517,1.91,4228818.0,251.663,203.4,96.2,20180823
113.5985,69.71,11.99,0.19,2.09,-0.6346,1.91,4228818.0,251.663,203.4,96.2,20180824
113.2721,69.97,12.16,0.18,2.11,-0.6346,1.91,4228818.0,251.663,203.4,96.2,20180827
113.3444,68.54,12.5,0.21,2.11,-0.6346,1.91,4228818.0,251.663,203.4,96.2,20180828
113.6461,69.68,12.25,0.22,2.12,-0.6346,1.91,4218914.0,251.663,203.4,96.2,20180829
114.0899,70.25,13.53,0.22,2.1,-0.6346,1.91,4218914.0,251.663,203.4,96.2,20180830
114.2755,69.84,12.86,0.24,2.08,-0.6787,1.91,4218914.0,251.663,203.4,96.2,20180831
114.2755,69.84,12.86,0.24,2.08,-0.6787,1.95,4218914.0,252.182,203.6,100.1,20180903
114.8584,69.82,13.16,0.24,2.1,-0.6787,1.95,4218914.0,252.182,203.6,100.1,20180904
114.7477,68.69,13.91,0.24,2.09,-0.6787,1.95,4208496.0,252.182,203.6,100.1,20180905
114.6479,67.81,14.65,0.24,2.08,-0.6787,1.95,4208496.0,252.182,203.6,100.1,20180906
114.5816,67.73,14.88,0.23,2.1,-0.605,1.95,4208496.0,252.182,203.6,100.1,20180907
114.6802,67.55,14.16,0.21,2.1,-0.605,1.95,4208496.0,252.182,203.6,100.1,20180910
114.7051,69.29,13.22,0.22,2.12,-0.605,1.95,4208496.0,252.182,203.6,100.1,20180911
114.2192,70.37,13.14,0.23,2.12,-0.605,1.95,4210812.0,252.182,203.6,100.1,20180912
113.9268,68.6,12.37,0.21,2.1,-0.605,1.95,4210812.0,252.182,203.6,100.1,20180913
114.0657,68.98,12.07,0.21,2.1,-0.7191,1.95,4210812.0,252.182,203.6,100.1,20180914
113.9158,68.86,13.68,0.21,2.1,-0.7191,1.95,4210812.0,252.182,203.6,100.1,20180917
113.7739,69.87,12.79,0.24,2.13,-0.7191,1.95,4210812.0,252.182,203.6,100.1,20180918
113.6532,71.08,11.75,0.27,2.15,-0.7191,1.95,4208059.0,252.182,203.6,100.1,20180919
113.4989,70.77,11.8,0.26,2.15,-0.7191,1.95,4208059.0,252.182,203.6,100.1,20180920
113.5099,70.8,11.68,0.26,2.15,-0.8182,1.95,4208059.0,252.182,203.6,100.1,20180921
113.5301,73.23,12.2,0.25,2.16,-0.8182,1.95,4208059.0,252.182,203.6,100.1,20180924
113.7202,73.4,12.42,0.27,2.16,-0.8182,1.95,4208059.0,252.182,203.6,100.1,20180925
113.6739,72.22,12.89,0.23,2.14,-0.8182,1.95,4192909.0,252.182,203.6,100.1,20180926
113.9784,72.18,12.41,0.23,2.15,-0.8182,1.95,4192909.0,252.182,203.6,100.1,20180927
113.8077,73.16,12.12,0.24,2.14,-0.7554,1.95,4192909.0,252.182,203.6,100.1,20180928
113.8235,75.37,12.0,0.27,2.14,-0.7554,2.19,4192909.0,252.772,204.6,98.6,20181001
113.8954,75.16,12.05,0.23,2.12,-0.7554,2.19,4192909.0,252.772,204.6,98.6,20181002
114.1569,76.4,11.61,0.3,2.16,-0.7554,2.19,4174704.0,252.772,204.6,98.6,20181003
114.6867,74.44,14.22,0.32,2.16,-0.7554,2.19,4174704.0,252.772,204.6,98.6,20181004
114.561,74.26,14.82,0.35,2.16,-0.791,2.19,4174704.0,252.772,204.6,98.6,20181005
114.561,74.27,15.69,0.35,2.16,-0.791,2.19,4174704.0,252.772,204.6,98.6,20181008
114.6583,74.95,15.95,0.33,2.17,-0.791,2.19,4174704.0,252.772,204.6,98.6,20181009
114.6072,73.18,22.96,0.34,2.16,-0.791,2.19,4176906.0,252.772,204.6,98.6,20181010
114.4074,70.97,24.98,0.29,2.12,-0.791,2.19,4176906.0,252.772,204.6,98.6,20181011
114.3691,71.41,21.31,0.3,2.12,-0.4474,2.19,4176906.0,252.772,204.6,98.6,20181012
114.045,71.84,21.3,0.31,2.13,-0.4474,2.19,4176906.0,252.772,204.6,98.6,20181015
113.8963,71.93,17.62,0.29,2.13,-0.4474,2.19,4176906.0,252.772,204.6,98.6,20181016
114.1755,69.63,17.4,0.3,2.13,-0.4474,2.19,4175446.0,252.772,204.6,98.6,20181017
114.8164,68.63,20.06,0.3,2.1,-0.4474,2.19,4175446.0,252.772,204.6,98.6,20181018
114.8567,69.16,19.89,0.28,2.11,-0.5101,2.19,4175446.0,252.772,204.6,98.6,20181019
115.1782,69.25,19.64,0.28,2.11,-0.5101,2.19,4175446.0,252.772,204.6,98.6,20181022
115.1651,66.49,20.71,0.28,2.09,-0.5101,2.19,4175446.0,252.772,204.6,98.6,20181023
115.3755,66.56,25.23,0.26,2.07,-0.5101,2.19,4173070.0,252.772,204.6,98.6,20181024
115.4831,67.25,24.22,0.28,2.05,-0.5101,2.19,4173070.0,252.772,204.6,98.6,20181025
115.473,67.58,24.16,0.27,2.06,-0.2157,2.19,4173070.0,252.772,204.6,98.6,20181026
115.8936,67.0,24.7,0.27,2.06,-0.2157,2.19,4173070.0,252.772,204.6,98.6,20181029
116.2357,66.18,23.35,0.28,2.05,-0.2157,2.19,4173070.0,252.772,204.6,98.6,20181030
116.5281,65.31,21.23,0.28,2.05,-0.2157,2.19,4139731.0,252.772,204.6,98.6,20181031
115.8657,63.67,19.34,0.3,2.02,-0.2157,2.2,4139731.0,252.594,202.3,97.5,20181101
115.643,63.12,19.51,0.31,2.06,-0.2289,2.2,4139731.0,252.594,202.3,97.5,20181102
115.703,63.12,19.96,0.29,2.06,-0.2289,2.2,4139731.0,252.594,202.3,97.5,20181105
115.5622,62.16,19.91,0.29,2.07,-0.2289,2.2,4139731.0,252.594,202.3,97.5,20181106
115.2519,61.69,16.36,0.26,2.07,-0.2289,2.2,4141936.0,252.594,202.3,97.5,20181107
115.6478,60.71,16.72,0.26,2.07,-0.2289,2.2,4141936.0,252.594,202.3,97.5,20181108
116.4778,60.19,17.36,0.25,2.04,-0.4747,2.2,4141936.0,252.594,202.3,97.5,20181109
116.4778,59.85,20.45,0.25,2.04,-0.4747,2.2,4141936.0,252.594,202.3,97.5,20181112
116.6694,55.63,20.02,0.25,2.02,-0.4747,2.2,4141936.0,252.594,202.3,97.5,20181113
116.498,56.16,21.25,0.26,2.0,-0.4747,2.2,4145892.0,252.594,202.3,97.5,20181114
116.3861,56.45,19.98,0.25,2.0,-0.4747,2.2,4145892.0,252.594,202.3,97.5,20181115
115.9258,56.49,18.14,0.27,2.02,-0.029,2.2,4145892.0,252.594,202.3,97.5,20181116
115.9859,57.16,20.1,0.27,1.99,-0.029,2.2,4145892.0,252.594,202.3,97.5,20181119
116.2367,53.39,22.48,0.27,1.97,-0.029,2.2,4145892.0,252.594,202.3,97.5,20181120
116.092,54.41,20.8,0.25,1.97,-0.029,2.2,4106198.0,252.594,202.3,97.5,20181121
116.092,54.41,20.8,0.25,1.97,-0.029,2.2,4106198.0,252.594,202.3,97.5,20181122
116.4713,54.41,21.52,0.24,1.96,0.0502,2.2,4106198.0,252.594,202.3,97.5,20181123
116.6208,51.46,18.9,0.23,1.96,0.0502,2.2,4106198.0,252.594,202.3,97.5,20181126
116.9001,51.31,19.02,0.23,1.91,0.0502,2.2,4106198.0,252.594,202.3,97.5,20181127
116.8343,50.06,18.49,0.25,1.94,0.0502,2.2,4097170.0,252.594,202.3,97.5,20181128
116.1961,51.46,18.79,0.22,1.98,0.0502,2.2,4097170.0,252.594,202.3,97.5,20181129
116.413,50.78,18.07,0.21,1.97,-0.1486,2.2,4097170.0,252.594,202.3,97.5,20181130
115.9057,52.98,16.44,0.15,1.96,-0.1486,2.27,4097170.0,252.767,201.0,98.3,20181203
116.0028,53.21,20.74,0.11,1.94,-0.1486,2.27,4097170.0,252.767,201.0,98.3,20181204
116.0028,52.64,20.74,0.11,1.94,-0.1486,2.27,4086044.0,252.767,201.0,98.3,20181205
116.3991,51.54,21.19,0.12,1.9,-0.1486,2.27,4086044.0,252.767,201.0,98.3,20181206
116.0847,52.76,23.23,0.13,1.89,0.2004,2.27,4086044.0,252.767,201.0,98.3,20181207
116.6746,51.07,22.64,0.13,1.86,0.2004,2.27,4086044.0,252.767,201.0,98.3,20181210
116.7564,51.65,21.76,0.11,1.83,0.2004,2.27,4086044.0,252.767,201.0,98.3,20181211
116.2214,51.04,21.46,0.14,1.83,0.2004,2.27,4088314.0,252.767,201.0,98.3,20181212
116.3974,52.69,20.65,0.16,1.83,0.2004,2.27,4088314.0,252.767,201.0,98.3,20181213
116.79,51.26,21.63,0.16,1.82,0.2594,2.27,4088314.0,252.767,201.0,98.3,20181214
116.4532,49.8,24.52,0.16,1.81,0.2594,2.27,4088314.0,252.767,201.0,98.3,20181217
116.4127,46.12,25.58,0.17,1.81,0.2594,2.27,4088314.0,252.767,201.0,98.3,20181218
116.0676,47.96,25.58,0.14,1.8,0.2594,2.27,4084274.0,252.767,201.0,98.3,20181219
116.0183,45.64,28.38,0.12,1.76,0.2594,2.27,4084274.0,252.767,201.0,98.3,20181220
116.2227,45.38,30.11,0.16,1.77,0.5376,2.27,4084274.0,252.767,201.0,98.3,20181221
116.2182,45.38,36.07,0.19,1.75,0.5376,2.27,4084274.0,252.767,201.0,98.3,20181224
116.2182,45.38,36.07,0.19,1.75,0.5376,2.27,4084274.0,252.767,201.0,98.3,20181225
116.1162,46.04,30.41,0.2,1.77,0.5376,2.27,4075636.0,252.767,201.0,98.3,20181226
115.9927,44.48,29.96,0.21,1.74,0.5376,2.27,4075636.0,252.767,201.0,98.3,20181227
115.7232,45.15,28.34,0.2,1.73,0.666,2.27,4075636.0,252.767,201.0,98.3,20181228
115.5674,45.15,25.42,0.21,1.71,0.666,2.27,4075636.0,252.767,201.0,98.3,20181231
115.5674,45.15,25.42,0.21,1.71,0.666,2.4,4075636.0,252.561,199.1,91.2,20190101
115.7689,46.31,23.22,0.16,1.7,0.666,2.4,4058378.0,252.561,199.1,91.2,20190102
115.4622,46.92,25.45,0.17,1.68,0.666,2.4,4058378.0,252.561,199.1,91.2,20190103
114.9821,47.76,21.38,0.17,1.76,0.309,2.4,4058378.0,252.561,199.1,91.2,20190104
114.5628,48.27,21.4,0.17,1.78,0.309,2.4,4058378.0,252.561,199.1,91.2,20190107
114.7281,49.58,20.47,0.15,1.82,0.309,2.4,4058378.0,252.561,199.1,91.2,20190108
114.1406,52.19,19.98,0.18,1.83,0.309,2.4,4056563.0,252.561,199.1,91.2,20190109
114.0496,52.42,19.5,0.18,1.81,0.309,2.4,4056563.0,252.561,199.1,91.2,20190110
114.0404,51.44,18.19,0.16,1.83,-0.1822,2.4,4056563.0,252.561,199.1,91.2,20190111
114.0404,50.31,19.07,0.18,1.81,-0.1822,2.4,4056563.0,252.561,199.1,91.2,20190114
114.3402,51.8,18.6,0.19,1.81,-0.1822,2.4,4056563.0,252.561,199.1,91.2,20190115
114.137,52.08,19.04,0.18,1.82,-0.1822,2.4,4050044.0,252.561,199.1,91.2,20190116
114.4115,51.83,18.06,0.19,1.79,-0.1822,2.4,4050044.0,252.561,199.1,91.2,20190117
114.558,53.6,17.8,0.17,1.83,-0.1504,2.4,4050044.0,252.561,199.1,91.2,20190118
114.558,53.6,17.8,0.17,1.83,-0.1504,2.4,4050044.0,252.561,199.1,91.2,20190121
114.7541,52.59,20.8,0.16,1.79,-0.1504,2.4,4050044.0,252.561,199.1,91.2,20190122
114.5759,52.44,19.52,0.18,1.8,-0.1504,2.4,4047052.0,252.561,199.1,91.2,20190123
114.617,52.94,18.89,0.16,1.77,-0.1504,2.4,4047052.0,252.561,199.1,91.2,20190124
114.0197,53.53,17.42,0.16,1.79,-0.1278,2.4,4047052.0,252.561,199.1,91.2,20190125
114.0522,51.79,18.87,0.15,1.78,-0.1278,2.4,4047052.0,252.561,199.1,91.2,20190128
114.026,53.07,19.13,0.16,1.78,-0.1278,2.4,4047052.0,252.561,199.1,91.2,20190129
114.0731,54.18,17.66,0.18,1.84,-0.1278,2.4,4039678.0,252.561,199.1,91.2,20190130
113.5504,53.84,16.57,0.18,1.85,-0.1278,2.4,4039678.0,252.561,199.1,91.2,20190131
113.7548,55.29,16.14,0.18,1.88,-0.1483,2.4,4039678.0,253.319,199.2,93.8,20190201
113.8766,54.57,15.73,0.2,1.87,-0.1483,2.4,4039678.0,253.319,199.2,93.8,20190204
114.0431,53.69,15.57,0.18,1.87,-0.1483,2.4,4039678.0,253.319,199.2,93.8,20190205
114.2305,53.94,15.38,0.18,1.86,-0.1483,2.4,4026350.0,253.319,199.2,93.8,20190206
114.4339,52.68,16.37,0.17,1.84,-0.1483,2.4,4026350.0,253.319,199.2,93.8,20190207
114.5003,52.75,15.72,0.18,1.82,-0.294,2.4,4026350.0,253.319,199.2,93.8,20190208
115.031,52.43,15.97,0.17,1.82,-0.294,2.4,4026350.0,253.319,199.2,93.8,20190211
114.7297,53.14,15.43,0.18,1.83,-0.294,2.4,4026350.0,253.319,199.2,93.8,20190212
114.9407,53.84,15.65,0.18,1.86,-0.294,2.4,4028431.0,253.319,199.2,93.8,20190213
115.1007,54.4,16.22,0.16,1.85,-0.294,2.4,4028431.0,253.319,199.2,93.8,20190214
114.9923,55.58,14.91,0.14,1.86,-0.3596,2.4,4028431.0,253.319,199.2,93.8,20190215
114.9923,55.58,14.91,0.14,1.86,-0.3596,2.4,4028431.0,253.319,199.2,93.8,20190218
114.57,56.12,14.88,0.15,1.87,-0.3596,2.4,4028431.0,253.319,199.2,93.8,20190219
114.57,56.9,14.02,0.15,1.89,-0.3596,2.4,3981420.0,253.319,199.2,93.8,20190220
114.5091,56.95,14.46,0.16,1.91,-0.3596,2.4,3981420.0,253.319,199.2,93.8,20190221
114.2716,57.01,13.51,0.17,1.91,-0.5257,2.4,3981420.0,253.319,199.2,93.8,20190222
114.1457,55.32,14.85,0.16,1.92,-0.5257,2.4,3981420.0,253.319,199.2,93.8,20190225
114.0687,55.4,15.17,0.16,1.92,-0.5257,2.4,3981420.0,253.319,199.2,93.8,20190226
114.0363,56.92,14.7,0.19,1.93,-0.5257,2.4,3974590.0,253.319,199.2,93.8,20190227
114.1991,57.21,14.78,0.21,1.95,-0.5257,2.4,3974590.0,253.319,199.2,93.8,20190228
114.537,55.76,13.57,0.21,1.96,-0.586,2.41,3974590.0,254.277,200.8,98.4,20190301
114.6925,56.6,14.63,0.17,1.94,-0.586,2.41,3974590.0,254.277,200.8,98.4,20190304
114.804,56.55,14.74,0.17,1.93,-0.586,2.41,3974590.0,254.277,200.8,98.4,20190305
114.9714,56.22,15.74,0.17,1.91,-0.586,2.41,3969134.0,254.277,200.8,98.4,20190306
115.4919,56.6,16.59,0.17,1.9,-0.586,2.41,3969134.0,254.277,200.8,98.4,20190307
115.3599,55.77,16.05,0.17,1.9,-0.4685,2.41,3969134.0,254.277,200.8,98.4,20190308
115.2967,56.79,14.33,0.17,1.91,-0.4685,2.41,3969134.0,254.277,200.8,98.4,20190311
114.939,56.89,13.77,0.16,1.9,-0.4685,2.41,3969134.0,254.277,200.8,98.4,20190312
114.7372,58.27,13.41,0.16,1.92,-0.4685,2.41,3971559.0,254.277,200.8,98.4,20190313
114.79,58.59,13.5,0.17,1.94,-0.4685,2.41,3971559.0,254.277,200.8,98.4,20190314
114.5815,58.51,12.88,0.16,1.94,-0.5734,2.41,3971559.0,254.277,200.8,98.4,20190315
114.4375,59.09,13.1,0.15,1.96,-0.5734,2.41,3971559.0,254.277,200.8,98.4,20190318
114.2324,59.12,13.56,0.15,1.95,-0.5734,2.41,3971559.0,254.277,200.8,98.4,20190319
114.1509,60.12,13.91,0.14,1.96,-0.5734,2.41,3962748.0,254.277,200.8,98.4,20190320
114.1684,59.98,13.63,0.13,1.96,-0.5734,2.41,3962748.0,254.277,200.8,98.4,20190321
114.6856,58.87,16.48,0.13,1.9,-0.5844,2.41,3962748.0,254.277,200.8,98.4,20190322
114.4171,58.71,16.33,0.17,1.88,-0.5844,2.41,3962748.0,254.277,200.8,98.4,20190325
114.6414,59.87,14.68,0.17,1.86,-0.5844,2.41,3962748.0,254.277,200.8,98.4,20190326
115.1243,59.39,15.15,0.17,1.84,-0.5844,2.41,3955617.0,254.277,200.8,98.4,20190327
115.2581,59.29,14.43,0.16,1.83,-0.5844,2.41,3955617.0,254.277,200.8,98.4,20190328
115.1371,60.19,13.71,0.14,1.88,-0.324,2.41,3955617.0,254.277,200.8,98.4,20190329
114.9362,61.59,13.4,0.16,1.9,-0.324,2.42,3955617.0,255.233,202.1,97.2,20190401
115.1173,62.53,13.36,0.18,1.9,-0.324,2.42,3955617.0,255.233,202.1,97.2,20190402
114.7211,62.46,13.74,0.19,1.91,-0.324,2.42,3935509.0,255.233,202.1,97.2,20190403
114.9697,62.12,13.58,0.18,1.9,-0.324,2.42,3935509.0,255.233,202.1,97.2,20190404
114.9726,63.1,12.82,0.15,1.9,-0.6744,2.42,3935509.0,255.233,202.1,97.2,20190405
114.6893,64.37,13.18,0.16,1.91,-0.6744,2.42,3935509.0,255.233,202.1,97.2,20190408
114.5321,64.05,14.28,0.16,1.91,-0.6744,2.42,3935509.0,255.233,202.1,97.2,20190409
114.4269,64.62,13.3,0.17,1.94,-0.6744,2.42,3936784.0,255.233,202.1,97.2,20190410
114.6303,63.61,13.02,0.16,1.94,-0.6744,2.42,3936784.0,255.233,202.1,97.2,20190411
114.3531,63.86,12.01,0.16,1.95,-0.6579,2.42,3936784.0,255.233,202.1,97.2,20190412
114.495,63.43,12.32,0.15,1.94,-0.6579,2.42,3936784.0,255.233,202.1,97.2,20190415
114.6756,64.01,12.18,0.19,1.96,-0.6579,2.42,3936784.0,255.233,202.1,97.2,20190416
114.5141,63.74,12.6,0.19,1.94,-0.6579,2.42,3931827.0,255.233,202.1,97.2,20190417
114.7073,64.02,12.09,0.19,1.95,-0.6579,2.42,3931827.0,255.233,202.1,97.2,20190418
114.6977,64.02,12.09,0.19,1.95,-0.7759,2.42,3931827.0,255.233,202.1,97.2,20190419
114.7694,65.66,12.42,0.21,1.95,-0.7759,2.42,3931827.0,255.233,202.1,97.2,20190422
115.1578,66.24,12.28,0.21,1.95,-0.7759,2.42,3931827.0,255.233,202.1,97.2,20190423
115.4187,65.96,13.14,0.21,1.96,-0.7759,2.42,3928273.0,255.233,202.1,97.2,20190424
115.7709,65.23,13.25,0.21,1.98,-0.7759,2.42,3928273.0,255.233,202.1,97.2,20190425
115.4767,63.29,12.73,0.23,1.97,-0.6371,2.42,3928273.0,255.233,202.1,97.2,20190426
115.5227,63.39,13.11,0.24,1.96,-0.6371,2.42,3928273.0,255.233,202.1,97.2,20190429
115.3281,63.83,13.12,0.24,1.95,-0.6371,2.42,3928273.0,255.233,202.1,97.2,20190430
115.0022,63.55,14.8,0.21,1.93,-0.6371,2.39,3889691.0,255.296,201.7,100.0,20190501
115.5617,61.75,14.42,0.2,1.89,-0.6371,2.39,3889691.0,255.296,201.7,100.0,20190502
115.2646,61.98,12.87,0.21,1.91,-0.6763,2.39,3889691.0,255.296,201.7,100.0,20190503
115.3811,62.3,15.44,0.2,1.91,-0.6763,2.39,3889691.0,255.296,201.7,100.0,20190506
115.6116,61.41,19.32,0.17,1.87,-0.6763,2.39,3889691.0,255.296,201.7,100.0,20190507
115.5171,62.13,19.4,0.19,1.87,-0.6763,2.39,3892216.0,255.296,201.7,100.0,20190508
115.8421,61.58,19.1,0.19,1.85,-0.6763,2.39,3892216.0,255.296,201.7,100.0,20190509
115.5334,61.65,16.04,0.21,1.88,-0.3831,2.39,3892216.0,255.296,201.7,100.0,20190510
115.915,60.97,20.55,0.22,1.85,-0.3831,2.39,3892216.0,255.296,201.7,100.0,20190513
115.9425,61.82,18.06,0.22,1.86,-0.3831,2.39,3892216.0,255.296,201.7,100.0,20190514
115.8565,62.03,16.44,0.21,1.83,-0.3831,2.39,3864749.0,255.296,201.7,100.0,20190515
116.0346,62.93,15.29,0.2,1.84,-0.3831,2.39,3864749.0,255.296,201.7,100.0,20190516
116.448,62.77,15.96,0.19,1.81,-0.3588,2.39,3864749.0,255.296,201.7,100.0,20190517
116.3119,63.12,16.31,0.2,1.81,-0.3588,2.39,3864749.0,255.296,201.7,100.0,20190520
116.2844,63.02,14.95,0.17,1.83,-0.3588,2.39,3864749.0,255.296,201.7,100.0,20190521
116.2412,61.42,14.75,0.16,1.79,-0.3588,2.39,3860435.0,255.296,201.7,100.0,20190522
116.2368,57.65,16.92,0.19,1.73,-0.3588,2.39,3860435.0,255.296,201.7,100.0,20190523
116.0806,58.4,15.85,0.16,1.76,-0.4791,2.39,3860435.0,255.296,201.7,100.0,20190524
116.0806,58.4,15.85,0.16,1.76,-0.4791,2.39,3860435.0,255.296,201.7,100.0,20190527
116.3174,58.91,17.5,0.14,1.73,-0.4791,2.39,3860435.0,255.296,201.7,100.0,20190528
116.5535,58.84,17.9,0.16,1.75,-0.4791,2.39,3851444.0,255.296,201.7,100.0,20190529
116.3989,56.47,17.3,0.16,1.74,-0.4791,2.39,3851444.0,255.296,201.7,100.0,20190530
116.7273,53.49,18.71,0.19,1.74,-0.188,2.39,3851444.0,255.296,201.7,100.0,20190531
116.4764,53.25,18.86,0.25,1.73,-0.188,2.38,3851444.0,255.213,200.3,98.2,20190603
116.091,53.5,16.97,0.24,1.74,-0.188,2.38,3851444.0,255.213,200.3,98.2,20190604
116.03,51.57,16.09,0.29,1.75,-0.188,2.38,3847645.0,255.213,200.3,98.2,20190605
115.9771,52.59,15.93,0.24,1.73,-0.188,2.38,3847645.0,255.213,200.3,98.2,20190606
115.7368,53.95,16.3,0.24,1.74,-0.21,2.38,3847645.0,255.213,200.3,98.2,20190607
115.5001,53.33,15.94,0.25,1.73,-0.21,2.38,3847645.0,255.213,200.3,98.2,20190610
115.3794,53.3,15.99,0.22,1.72,-0.21,2.38,3847645.0,255.213,200.3,98.2,20190611
115.438,51.13,15.91,0.25,1.71,-0.21,2.38,3849955.0,255.213,200.3,98.2,20190612
115.6275,52.38,15.82,0.27,1.68,-0.21,2.38,3849955.0,255.213,200.3,98.2,20190613
115.9057,52.47,15.28,0.25,1.63,-0.4338,2.38,3849955.0,255.213,200.3,98.2,20190614
115.9684,51.94,15.35,0.23,1.61,-0.4338,2.38,3849955.0,255.213,200.3,98.2,20190617
115.8797,53.86,15.15,0.2,1.64,-0.4338,2.38,3849955.0,255.213,200.3,98.2,20190618
115.7889,53.74,14.33,0.29,1.67,-0.4338,2.38,3844016.0,255.213,200.3,98.2,20190619
114.8046,56.88,14.75,0.29,1.74,-0.4338,2.38,3844016.0,255.213,200.3,98.2,20190620
114.8377,57.35,15.4,0.3,1.73,-0.3462,2.38,3844016.0,255.213,200.3,98.2,20190621
114.6559,57.73,15.26,0.3,1.71,-0.3462,2.38,3844016.0,255.213,200.3,98.2,20190624
114.6363,57.63,16.28,0.29,1.67,-0.3462,2.38,3844016.0,255.213,200.3,98.2,20190625
114.5608,59.17,16.21,0.28,1.7,-0.3462,2.38,3826817.0,255.213,200.3,98.2,20190626
114.665,59.18,15.82,0.27,1.68,-0.3462,2.38,3826817.0,255.213,200.3,98.2,20190627
114.5821,58.2,15.08,0.25,1.69,-0.341,2.38,3826817.0,255.213,200.3,98.2,20190628
114.7239,58.91,14.06,0.25,1.69,-0.341,2.4,3826817.0,255.802,200.7,98.4,20190701
114.8258,56.0,12.93,0.21,1.65,-0.341,2.4,3826817.0,255.802,200.7,98.4,20190702
114.8135,57.06,12.57,0.19,1.65,-0.341,2.4,3813198.0,255.802,200.7,98.4,20190703
114.8135,57.06,12.57,0.19,1.65,-0.341,2.4,3813198.0,255.802,200.7,98.4,20190704
115.1132,57.06,13.28,0.17,1.69,-0.5288,2.4,3813198.0,255.802,200.7,98.4,20190705
115.0254,57.35,13.96,0.17,1.7,-0.5288,2.4,3813198.0,255.802,200.7,98.4,20190708
115.1017,57.57,14.09,0.15,1.71,-0.5288,2.4,3813198.0,255.802,200.7,98.4,20190709
115.0879,60.28,13.03,0.25,1.74,-0.5288,2.4,3815038.0,255.802,200.7,98.4,20190710
114.8361,59.93,12.93,0.28,1.77,-0.5288,2.4,3815038.0,255.802,200.7,98.4,20190711
114.7685,59.99,12.39,0.28,1.77,-0.4541,2.4,3815038.0,255.802,200.7,98.4,20190712
114.6819,59.3,12.68,0.26,1.77,-0.4541,2.4,3815038.0,255.802,200.7,98.4,20190715
115.0111,57.44,12.86,0.26,1.8,-0.4541,2.4,3815038.0,255.802,200.7,98.4,20190716
114.8819,56.5,13.97,0.23,1.75,-0.4541,2.4,3808110.0,255.802,200.7,98.4,20190717
114.8744,55.08,13.53,0.27,1.79,-0.4541,2.4,3808110.0,255.802,200.7,98.4,20190718
114.8695,55.42,14.45,0.25,1.8,-0.3659,2.4,3808110.0,255.802,200.7,98.4,20190719
115.0018,55.87,13.53,0.25,1.79,-0.3659,2.4,3808110.0,255.802,200.7,98.4,20190722
115.2995,56.58,12.61,0.25,1.81,-0.3659,2.4,3808110.0,255.802,200.7,98.4,20190723
115.2436,55.9,12.07,0.22,1.79,-0.3659,2.4,3803436.0,255.802,200.7,98.4,20190724
115.2982,55.88,12.74,0.22,1.8,-0.3659,2.4,3803436.0,255.802,200.7,98.4,20190725
115.5449,56.04,12.16,0.22,1.78,-0.4939,2.4,3803436.0,255.802,200.7,98.4,20190726
115.5885,56.85,12.83,0.21,1.77,-0.4939,2.4,3803436.0,255.802,200.7,98.4,20190729
115.6211,58.04,13.94,0.21,1.78,-0.4939,2.4,3803436.0,255.802,200.7,98.4,20190730
115.4946,58.53,16.12,0.13,1.76,-0.4939,2.4,3779102.0,255.802,200.7,98.4,20190731
116.0499,53.64,17.87,0.17,1.7,-0.4939,2.13,3779102.0,256.036,199.2,89.8,20190801
116.1864,55.67,17.61,0.14,1.66,-0.2688,2.13,3779102.0,256.036,199.2,89.8,20190802
116.5851,54.63,24.59,0.16,1.6,-0.2688,2.13,3779102.0,256.036,199.2,89.8,20190805
116.6904,53.6,20.17,0.13,1.62,-0.2688,2.13,3779102.0,256.036,199.2,89.8,20190806
116.7987,51.14,19.49,0.12,1.62,-0.2688,2.13,3781543.0,256.036,199.2,89.8,20190807
116.474,52.6,16.91,0.1,1.65,-0.2688,2.13,3781543.0,256.036,199.2,89.8,20190808
116.4419,54.41,17.97,0.11,1.66,0.2403,2.13,3781543.0,256.036,199.2,89.8,20190809
116.7548,54.98,21.09,0.07,1.61,0.2403,2.13,3781543.0,256.036,199.2,89.8,20190812
116.7267,57.05,17.52,0.02,1.63,0.2403,2.13,3781543.0,256.036,199.2,89.8,20190813
117.0913,55.16,22.1,0.01,1.57,0.2403,2.13,3786018.0,256.036,199.2,89.8,20190814
117.2239,54.51,21.18,0.04,1.54,0.2403,2.13,3786018.0,256.036,199.2,89.8,20190815
117.0786,54.83,18.47,0.07,1.54,0.1935,2.13,3786018.0,256.036,199.2,89.8,20190816
117.3886,56.24,16.88,0.07,1.56,0.1935,2.13,3786018.0,256.036,199.2,89.8,20190819
117.3726,56.18,17.5,0.05,1.53,0.1935,2.13,3786018.0,256.036,199.2,89.8,20190820
117.1764,55.65,15.8,0.03,1.54,0.1935,2.13,3764866.0,256.036,199.2,89.8,20190821
117.3558,55.33,16.68,0.01,1.55,0.1935,2.13,3764866.0,256.036,199.2,89.8,20190822
117.3009,54.08,19.87,0.01,1.54,-0.0949,2.13,3764866.0,256.036,199.2,89.8,20190823
117.6658,53.54,19.32,0.0,1.54,-0.0949,2.13,3764866.0,256.036,199.2,89.8,20190826
117.75,54.99,20.31,-0.04,1.55,-0.0949,2.13,3764866.0,256.036,199.2,89.8,20190827
117.8767,55.76,19.35,-0.03,1.55,-0.0949,2.13,3759946.0,256.036,199.2,89.8,20190828
118.0625,56.67,17.88,-0.03,1.59,-0.0949,2.13,3759946.0,256.036,199.2,89.8,20190829
118.1575,55.07,18.98,0.0,1.55,-0.0552,2.13,3759946.0,256.036,199.2,89.8,20190830
118.1575,55.07,18.98,0.0,1.55,-0.0552,2.04,3759946.0,256.43,198.4,93.2,20190902
118.3113,53.91,19.66,0.0,1.5,-0.0552,2.04,3759946.0,256.43,198.4,93.2,20190903
117.6729,56.22,17.33,0.04,1.51,-0.0552,2.04,3761508.0,256.43,198.4,93.2,20190904
117.4776,56.33,16.27,0.02,1.56,-0.0552,2.04,3761508.0,256.43,198.4,93.2,20190905
117.1292,56.45,15.0,0.02,1.54,-0.1005,2.04,3761508.0,256.43,198.4,93.2,20190906
117.0601,57.88,15.27,0.05,1.57,-0.1005,2.04,3761508.0,256.43,198.4,93.2,20190909
117.0887,57.37,15.2,0.05,1.6,-0.1005,2.04,3761508.0,256.43,198.4,93.2,20190910
117.3125,55.66,14.61,0.07,1.6,-0.1005,2.04,3769673.0,256.43,198.4,93.2,20190911
116.8375,55.13,14.22,0.07,1.63,-0.1005,2.04,3769673.0,256.43,198.4,93.2,20190912
116.7677,54.76,13.74,0.11,1.67,-0.3492,2.04,3769673.0,256.43,198.4,93.2,20190913
117.0251,63.1,14.67,0.1,1.67,-0.3492,2.04,3769673.0,256.43,198.4,93.2,20190916
116.9826,59.26,14.44,0.09,1.66,-0.3492,2.04,3769673.0,256.43,198.4,93.2,20190917
116.9766,58.19,13.95,0.03,1.59,-0.3492,2.04,3844695.0,256.43,198.4,93.2,20190918
117.0861,58.19,14.05,0.05,1.61,-0.3492,2.04,3844695.0,256.43,198.4,93.2,20190919
117.1819,57.92,15.32,0.05,1.61,-0.1551,2.04,3844695.0,256.43,198.4,93.2,20190920
117.2986,58.69,14.91,0.04,1.61,-0.1551,2.04,3844695.0,256.43,198.4,93.2,20190923
117.2227,57.22,17.05,0.04,1.58,-0.1551,2.04,3844695.0,256.43,198.4,93.2,20190924
117.6527,56.38,15.96,0.05,1.6,-0.1551,2.04,3857715.0,256.43,198.4,93.2,20190925
117.7267,56.24,16.07,0.04,1.57,-0.1551,2.04,3857715.0,256.43,198.4,93.2,20190926
117.7218,55.95,17.22,0.06,1.53,0.0976,2.04,3857715.0,256.43,198.4,93.2,20190927
117.9461,54.09,16.24,0.05,1.53,0.0976,2.04,3857715.0,256.43,198.4,93.2,20190930
117.9595,53.6,18.56,0.09,1.52,0.0976,1.83,3857715.0,257.155,198.6,95.5,20191001
117.9671,52.67,20.56,0.12,1.5,0.0976,1.83,3945831.0,257.155,198.6,95.5,20191002
117.6608,52.41,19.12,0.15,1.48,0.0976,1.83,3945831.0,257.155,198.6,95.5,20191003
117.5288,52.84,17.04,0.12,1.5,0.3609,1.83,3945831.0,257.155,198.6,95.5,20191004
117.5533,52.76,17.86,0.1,1.51,0.3609,1.83,3945831.0,257.155,198.6,95.5,20191007
117.7407,52.64,20.28,0.12,1.48,0.3609,1.83,3945831.0,257.155,198.6,95.5,20191008
117.6835,52.63,18.64,0.12,1.49,0.3609,1.83,3949955.0,257.155,198.6,95.5,20191009
117.2801,53.57,17.57,0.14,1.52,0.3609,1.83,3949955.0,257.155,198.6,95.5,20191010
116.8239,54.76,15.58,0.13,1.56,0.1343,1.83,3949955.0,257.155,198.6,95.5,20191011
116.8239,53.57,14.57,0.13,1.56,0.1343,1.83,3949955.0,257.155,198.6,95.5,20191014
116.8111,52.81,13.54,0.16,1.56,0.1343,1.83,3949955.0,257.155,198.6,95.5,20191015
116.6425,53.42,13.68,0.17,1.57,0.1343,1.83,3966471.0,257.155,198.6,95.5,20191016
116.2615,53.89,13.79,0.16,1.59,0.1343,1.83,3966471.0,257.155,198.6,95.5,20191017
116.1344,53.75,14.25,0.18,1.6,-0.1378,1.83,3966471.0,257.155,198.6,95.5,20191018
116.0436,53.28,14.0,0.18,1.61,-0.1378,1.83,3966471.0,257.155,198.6,95.5,20191021
115.9851,54.21,14.46,0.18,1.61,-0.1378,1.83,3966471.0,257.155,198.6,95.5,20191022
116.0586,55.9,14.01,0.19,1.61,-0.1378,1.83,3968700.0,257.155,198.6,95.5,20191023
116.1278,56.11,13.71,0.19,1.62,-0.1378,1.83,3968700.0,257.155,198.6,95.5,20191024
116.0774,56.52,12.65,0.17,1.65,-0.1353,1.83,3968700.0,257.155,198.6,95.5,20191025
116.0222,55.6,13.11,0.21,1.64,-0.1353,1.83,3968700.0,257.155,198.6,95.5,20191028
115.9797,55.34,13.2,0.2,1.61,-0.1353,1.83,3968700.0,257.155,198.6,95.5,20191029
116.1636,54.85,12.33,0.17,1.57,-0.1353,1.83,4019823.0,257.155,198.6,95.5,20191030
115.9125,54.02,13.22,0.17,1.54,-0.1353,1.83,4019823.0,257.155,198.6,95.5,20191031
115.7312,56.04,12.3,0.17,1.59,-0.0712,1.55,4019823.0,257.879,199.0,96.8,20191101
115.8624,56.33,12.83,0.19,1.64,-0.0712,1.55,4019823.0,257.879,199.0,96.8,20191104
116.1138,57.04,13.1,0.23,1.68,-0.0712,1.55,4019823.0,257.879,199.0,96.8,20191105
116.1004,56.15,12.62,0.2,1.66,-0.0712,1.55,4039443.0,257.879,199.0,96.8,20191106
116.1172,56.91,12.73,0.24,1.69,-0.0712,1.55,4039443.0,257.879,199.0,96.8,20191107
116.3436,57.02,12.07,0.26,1.71,-0.1025,1.55,4039443.0,257.879,199.0,96.8,20191108
116.3436,57.02,12.69,0.26,1.71,-0.1025,1.55,4039443.0,257.879,199.0,96.8,20191111
116.5837,56.67,12.68,0.26,1.7,-0.1025,1.55,4039443.0,257.879,199.0,96.8,20191112
116.8397,56.88,13.0,0.25,1.66,-0.1025,1.55,4047882.0,257.879,199.0,96.8,20191113
116.8022,56.57,13.05,0.24,1.62,-0.1025,1.55,4047882.0,257.879,199.0,96.8,20191114
116.4401,57.54,12.05,0.23,1.63,-0.1105,1.55,4047882.0,257.879,199.0,96.8,20191115
116.3625,56.82,12.46,0.21,1.63,-0.1105,1.55,4047882.0,257.879,199.0,96.8,20191118
116.5391,54.93,12.86,0.19,1.63,-0.1105,1.55,4047882.0,257.879,199.0,96.8,20191119
116.828,56.71,12.78,0.17,1.6,-0.1105,1.55,4030249.0,257.879,199.0,96.8,20191120
116.7435,58.36,13.13,0.17,1.63,-0.1105,1.55,4030249.0,257.879,199.0,96.8,20191121
116.9137,57.68,12.34,0.16,1.62,-0.0592,1.55,4030249.0,257.879,199.0,96.8,20191122
117.0098,57.79,11.87,0.15,1.62,-0.0592,1.55,4030249.0,257.879,199.0,96.8,20191125
117.0513,58.25,11.54,0.16,1.62,-0.0592,1.55,4030249.0,257.879,199.0,96.8,20191126
117.1273,58.12,11.75,0.14,1.63,-0.0592,1.55,4052875.0,257.879,199.0,96.8,20191127
117.1273,58.12,11.75,0.14,1.63,-0.0592,1.55,4052875.0,257.879,199.0,96.8,20191128
117.1204,58.12,12.62,0.17,1.61,-0.1964,1.55,4052875.0,257.879,199.0,96.8,20191129
116.9647,55.97,14.91,0.22,1.65,-0.1964,1.55,4052875.0,258.63,199.0,99.3,20191202
116.8898,56.15,15.96,0.19,1.63,-0.1964,1.55,4052875.0,258.63,199.0,99.3,20191203
116.692,58.46,14.8,0.19,1.66,-0.1964,1.55,4065696.0,258.63,199.0,99.3,20191204
116.3838,58.42,14.52,0.22,1.67,-0.1964,1.55,4065696.0,258.63,199.0,99.3,20191205
116.5381,59.2,13.62,0.23,1.69,-0.0991,1.55,4065696.0,258.63,199.0,99.3,20191206
116.3283,58.99,15.86,0.2,1.69,-0.0991,1.55,4065696.0,258.63,199.0,99.3,20191209
116.2542,59.22,15.68,0.2,1.71,-0.0991,1.55,4065696.0,258.63,199.0,99.3,20191210
116.1478,58.74,14.99,0.18,1.69,-0.0991,1.55,4095491.0,258.63,199.0,99.3,20191211
115.8741,59.18,13.94,0.24,1.72,-0.0991,1.55,4095491.0,258.63,199.0,99.3,20191212
115.6967,60.11,12.63,0.21,1.7,-0.2745,1.55,4095491.0,258.63,199.0,99.3,20191213
115.555,60.21,12.14,0.24,1.73,-0.2745,1.55,4095491.0,258.63,199.0,99.3,20191216
115.5553,60.88,12.29,0.26,1.75,-0.2745,1.55,4095491.0,258.63,199.0,99.3,20191217
115.6618,60.93,12.58,0.29,1.76,-0.2745,1.55,4137052.0,258.63,199.0,99.3,20191218
115.5988,61.3,12.5,0.3,1.77,-0.2745,1.55,4137052.0,258.63,199.0,99.3,20191219
115.7598,60.43,12.51,0.29,1.77,-0.373,1.55,4137052.0,258.63,199.0,99.3,20191220
115.8059,60.51,12.61,0.29,1.75,-0.373,1.55,4137052.0,258.63,199.0,99.3,20191223
115.8059,61.17,12.67,0.28,1.75,-0.373,1.55,4137052.0,258.63,199.0,99.3,20191224
115.8059,61.17,12.67,0.28,1.75,-0.373,1.55,4165591.0,258.63,199.0,99.3,20191225
115.634,61.72,12.65,0.26,1.74,-0.373,1.55,4165591.0,258.63,199.0,99.3,20191226
115.22,61.76,13.43,0.29,1.73,-0.1881,1.55,4165591.0,258.63,199.0,99.3,20191227
114.9631,61.66,14.82,0.32,1.75,-0.1881,1.55,4165591.0,258.63,199.0,99.3,20191230
114.669,61.14,13.78,0.34,1.77,-0.1881,1.55,4165591.0,258.63,199.0,99.3,20191231
114.669,61.14,13.78,0.34,1.77,-0.1881,1.55,4173626.0,259.127,199.3,99.8,20200101
114.9745,61.17,12.47,0.3,1.8,-0.1881,1.55,4173626.0,259.127,199.3,99.8,20200102
114.9867,63.0,14.02,0.27,1.77,-0.2346,1.55,4173626.0,259.127,199.3,99.8,20200103
114.9557,63.27,13.85,0.27,1.75,-0.2346,1.55,4173626.0,259.127,199.3,99.8,20200106
115.1477,62.7,13.79,0.29,1.74,-0.2346,1.55,4173626.0,259.127,199.3,99.8,20200107
115.1328,59.65,13.45,0.29,1.75,-0.2346,1.55,4149544.0,259.127,199.3,99.8,20200108
115.2331,59.56,12.54,0.27,1.74,-0.2346,1.55,4149544.0,259.127,199.3,99.8,20200109
115.0677,59.02,12.56,0.27,1.76,-0.3607,1.55,4149544.0,259.127,199.3,99.8,20200110
115.0342,58.17,12.32,0.27,1.77,-0.3607,1.55,4149544.0,259.127,199.3,99.8,20200113
115.0239,58.34,12.39,0.24,1.77,-0.3607,1.55,4149544.0,259.127,199.3,99.8,20200114
114.9528,57.86,12.42,0.23,1.75,-0.3607,1.55,4175850.0,259.127,199.3,99.8,20200115
115.0006,58.52,12.32,0.23,1.74,-0.3607,1.55,4175850.0,259.127,199.3,99.8,20200116
115.0656,58.55,12.1,0.26,1.75,-0.5287,1.55,4175850.0,259.127,199.3,99.8,20200117
115.0656,58.55,12.1,0.26,1.75,-0.5287,1.55,4175850.0,259.127,199.3,99.8,20200120
115.1876,58.25,12.85,0.25,1.74,-0.5287,1.55,4175850.0,259.127,199.3,99.8,20200121
115.2273,56.76,12.91,0.24,1.72,-0.5287,1.55,4145912.0,259.127,199.3,99.8,20200122
115.5545,55.51,12.98,0.23,1.7,-0.5287,1.55,4145912.0,259.127,199.3,99.8,20200123
115.5556,54.09,14.56,0.21,1.68,-0.4173,1.55,4145912.0,259.127,199.3,99.8,20200124
115.8004,53.09,18.23,0.17,1.63,-0.4173,1.55,4145912.0,259.127,199.3,99.8,20200127
115.7239,53.33,16.28,0.2,1.65,-0.4173,1.55,4145912.0,259.127,199.3,99.8,20200128
115.7003,53.29,16.39,0.18,1.64,-0.4173,1.55,4151630.0,259.127,199.3,99.8,20200129
115.8077,52.19,15.49,0.16,1.64,-0.4173,1.55,4151630.0,259.127,199.3,99.8,20200130
115.7345,51.58,18.84,0.18,1.65,-0.1294,1.55,4151630.0,259.127,199.3,99.8,20200131
116.1172,50.06,17.97,0.18,1.63,-0.1294,1.58,4151630.0,259.25,196.7,101.0,20200203
115.9291,49.59,16.05,0.2,1.64,-0.1294,1.58,4151630.0,259.25,196.7,101.0,20200204
116.009,50.87,15.15,0.22,1.66,-0.1294,1.58,4166707.0,259.25,196.7,101.0,20200205
116.1518,50.94,14.96,0.21,1.67,-0.1294,1.58,4166707.0,259.25,196.7,101.0,20200206
116.5086,50.34,15.47,0.18,1.66,-0.4683,1.58,4166707.0,259.25,196.7,101.0,20200207
116.5711,49.59,15.04,0.19,1.66,-0.4683,1.58,4166707.0,259.25,196.7,101.0,20200210
116.3585,50.0,15.18,0.18,1.65,-0.4683,1.58,4166707.0,259.25,196.7,101.0,20200211
116.2794,51.13,13.74,0.18,1.66,-0.4683,1.58,4182689.0,259.25,196.7,101.0,20200212
116.3999,51.41,14.15,0.17,1.67,-0.4683,1.58,4182689.0,259.25,196.7,101.0,20200213
116.4223,52.03,13.68,0.17,1.66,-0.5763,1.58,4182689.0,259.25,196.7,101.0,20200214
116.4223,52.03,13.68,0.17,1.66,-0.5763,1.58,4182689.0,259.25,196.7,101.0,20200217
116.6039,52.1,14.83,0.14,1.65,-0.5763,1.58,4182689.0,259.25,196.7,101.0,20200218
116.7829,53.31,14.38,0.14,1.65,-0.5763,1.58,4171570.0,259.25,196.7,101.0,20200219
117.2454,53.77,15.56,0.13,1.63,-0.5763,1.58,4171570.0,259.25,196.7,101.0,20200220
117.0473,53.36,17.08,0.12,1.61,-0.4526,1.58,4171570.0,259.25,196.7,101.0,20200221
117.4018,51.36,25.03,0.12,1.59,-0.4526,1.58,4171570.0,259.25,196.7,101.0,20200224
117.2425,49.78,27.85,0.13,1.53,-0.4526,1.58,4171570.0,259.25,196.7,101.0,20200225
117.405,48.67,27.56,0.17,1.54,-0.4526,1.58,4158637.0,259.25,196.7,101.0,20200226
117.3678,47.17,39.16,0.19,1.53,-0.4526,1.58,4158637.0,259.25,196.7,101.0,20200227
117.6568,44.83,40.11,0.27,1.41,0.6587,1.58,4158637.0,259.25,196.7,101.0,20200228
116.8144,46.78,33.42,0.26,1.41,0.6587,0.65,4158637.0,258.076,193.1,89.1,20200302
116.4958,47.27,36.82,0.31,1.45,0.6587,0.65,4158637.0,258.076,193.1,89.1,20200303
116.7802,46.78,31.99,0.35,1.46,0.6587,0.65,4241507.0,258.076,193.1,89.1,20200304
116.7901,45.9,39.62,0.33,1.4,0.6587,0.65,4241507.0,258.076,193.1,89.1,20200305
116.7106,41.14,41.94,0.25,1.31,1.3285,0.65,4241507.0,258.076,193.1,89.1,20200306
117.1871,31.05,54.46,0.16,0.99,1.3285,0.65,4241507.0,258.076,193.1,89.1,20200309
117.9027,34.47,47.3,0.26,1.0,1.3285,0.65,4241507.0,258.076,193.1,89.1,20200310
118.2505,33.13,53.9,0.32,0.96,1.3285,0.65,4311911.0,258.076,193.1,89.1,20200311
120.4883,31.56,75.47,0.38,0.92,1.3285,0.65,4311911.0,258.076,193.1,89.1,20200312
120.4388,31.72,57.83,0.45,0.9,3.4997,0.65,4311911.0,258.076,193.1,89.1,20200313
120.9352,28.96,82.69,0.37,0.73,3.4997,0.65,4311911.0,258.076,193.1,89.1,20200316
122.4816,26.96,75.91,0.55,0.63,3.4997,0.65,4311911.0,258.076,193.1,89.1,20200317
124.1623,20.48,76.45,0.64,0.63,3.4997,0.65,4668212.0,258.076,193.1,89.1,20200318
125.0587,25.09,72.0,0.68,0.5,3.4997,0.65,4668212.0,258.076,193.1,89.1,20200319
124.9362,19.48,66.04,0.55,0.75,5.6612,0.65,4668212.0,258.076,193.1,89.1,20200320
126.1262,23.33,61.59,0.48,0.8,5.6612,0.65,4668212.0,258.076,193.1,89.1,20200323
125.5001,21.03,61.67,0.46,0.97,5.6612,0.65,4668212.0,258.076,193.1,89.1,20200324
124.7916,20.75,63.95,0.54,1.07,5.6612,0.65,5254278.0,258.076,193.1,89.1,20200325
122.4308,16.6,61.0,0.53,1.07,5.6612,0.65,5254278.0,258.076,193.1,89.1,20200326
122.4007,15.48,65.54,0.47,0.94,5.3732,0.65,5254278.0,258.076,193.1,89.1,20200327
123.2883,14.1,57.08,0.47,0.95,5.3732,0.65,5254278.0,258.076,193.1,89.1,20200330
122.5301,20.51,53.54,0.47,0.87,5.3732,0.65,5254278.0,258.076,193.1,89.1,20200331
123.7933,20.28,57.06,0.39,0.91,5.3732,0.05,5811607.0,256.032,185.5,71.8,20200401
123.5916,25.18,50.91,0.4,1.03,5.3732,0.05,5811607.0,256.032,185.5,71.8,20200402
124.4152,28.36,46.8,0.39,1.08,3.1578,0.05,5811607.0,256.032,185.5,71.8,20200403
124.16,26.21,45.24,0.4,1.14,3.1578,0.05,5811607.0,256.032,185.5,71.8,20200406
123.0956,23.54,46.7,0.47,1.17,3.1578,0.05,5811607.0,256.032,185.5,71.8,20200407
123.2216,24.97,43.35,0.5,1.19,3.1578,0.05,6083141.0,256.032,185.5,71.8,20200408
122.476,22.9,41.67,0.5,1.23,3.1578,0.05,6083141.0,256.032,185.5,71.8,20200409
122.1592,22.9,41.67,0.5,1.23,2.6142,0.05,6083141.0,256.032,185.5,71.8,20200410
122.5203,22.36,41.17,0.51,1.26,2.6142,0.05,6083141.0,256.032,185.5,71.8,20200413
122.1121,20.15,37.76,0.53,1.29,2.6142,0.05,6083141.0,256.032,185.5,71.8,20200414
123.0752,19.96,40.84,0.43,1.19,2.6142,0.05,6367887.0,256.032,185.5,71.8,20200415
123.4615,19.82,40.11,0.41,1.03,2.6142,0.05,6367887.0,256.032,185.5,71.8,20200416
122.871,18.31,38.15,0.45,1.01,1.8787,0.05,6367887.0,256.032,185.5,71.8,20200417
123.1033,-36.98,43.83,0.43,0.94,1.8787,0.05,6367887.0,256.032,185.5,71.8,20200420
123.9116,8.91,45.41,0.38,0.96,1.8787,0.05,6367887.0,256.032,185.5,71.8,20200421
123.9256,13.64,41.98,0.41,1.06,1.8787,0.05,6573136.0,256.032,185.5,71.8,20200422
123.7542,15.06,41.38,0.39,1.05,1.8787,0.05,6573136.0,256.032,185.5,71.8,20200423
124.1615,15.99,35.93,0.38,1.11,2.4045,0.05,6573136.0,256.032,185.5,71.8,20200424
123.8843,12.17,33.29,0.43,1.17,2.4045,0.05,6573136.0,256.032,185.5,71.8,20200427
123.3693,12.4,33.57,0.42,1.14,2.4045,0.05,6573136.0,256.032,185.5,71.8,20200428
122.7782,15.04,31.23,0.43,1.14,2.4045,0.05,6655929.0,256.032,185.5,71.8,20200429
122.327,19.23,34.15,0.44,1.07,2.4045,0.05,6655929.0,256.032,185.5,71.8,20200430
123.1492,19.72,37.19,0.44,1.06,1.2438,0.05,6655929.0,255.802,188.6,72.3,20200501
123.2117,20.47,35.97,0.45,1.07,1.2438,0.05,6655929.0,255.802,188.6,72.3,20200504
122.803,24.56,33.61,0.47,1.1,1.2438,0.05,6655929.0,255.802,188.6,72.3,20200505
123.609,23.88,34.12,0.55,1.1,1.2438,0.05,6721420.0,255.802,188.6,72.3,20200506
123.1249,23.68,31.44,0.5,1.08,1.2438,0.05,6721420.0,255.802,188.6,72.3,20200507
122.5379,24.73,27.98,0.53,1.12,0.9446,0.05,6721420.0,255.802,188.6,72.3,20200508
123.2333,24.02,27.57,0.56,1.13,0.9446,0.05,6721420.0,255.802,188.6,72.3,20200511
123.0592,25.76,33.04,0.52,1.09,0.9446,0.05,6721420.0,255.802,188.6,72.3,20200512
123.5408,25.37,35.28,0.48,1.07,0.9446,0.05,6934227.0,255.802,188.6,72.3,20200513
123.6429,27.4,32.61,0.47,1.06,0.9446,0.05,6934227.0,255.802,188.6,72.3,20200514
123.5991,29.44,31.89,0.48,1.09,0.9175,0.05,6934227.0,255.802,188.6,72.3,20200515
122.7968,31.83,29.3,0.55,1.17,0.9175,0.05,6934227.0,255.802,188.6,72.3,20200518
122.5655,32.3,30.53,0.53,1.15,0.9175,0.05,6934227.0,255.802,188.6,72.3,20200519
122.1007,33.56,27.99,0.52,1.16,0.9175,0.05,7037258.0,255.802,188.6,72.3,20200520
122.0914,34.3,29.53,0.51,1.14,0.9175,0.05,7037258.0,255.802,188.6,72.3,20200521
122.3211,33.49,28.16,0.49,1.12,0.4313,0.05,7037258.0,255.802,188.6,72.3,20200522
122.3211,33.49,28.16,0.49,1.12,0.4313,0.05,7037258.0,255.802,188.6,72.3,20200525
121.3864,34.7,28.01,0.51,1.13,0.4313,0.05,7037258.0,255.802,188.6,72.3,20200526
121.5677,32.8,27.62,0.49,1.14,0.4313,0.05,7097316.0,255.802,188.6,72.3,20200527
121.0138,33.67,28.59,0.53,1.18,0.4313,0.05,7097316.0,255.802,188.6,72.3,20200528
120.9458,35.57,27.51,0.49,1.15,0.203,0.05,7097316.0,255.802,188.6,72.3,20200529
120.2686,35.49,28.23,0.52,1.18,0.203,0.08,7097316.0,257.042,191.2,78.1,20200601
119.6854,36.88,26.84,0.51,1.18,0.203,0.08,7097316.0,257.042,191.2,78.1,20200602
119.2556,37.33,25.66,0.58,1.21,0.203,0.08,7165217.0,257.042,191.2,78.1,20200603
119.3014,37.42,25.81,0.63,1.22,0.203,0.08,7165217.0,257.042,191.2,78.1,20200604
118.8138,39.49,24.52,0.69,1.27,-0.0894,0.08,7165217.0,257.042,191.2,78.1,20200605
118.6621,38.17,25.81,0.66,1.28,-0.0894,0.08,7165217.0,257.042,191.2,78.1,20200608
118.5893,38.98,27.57,0.64,1.26,-0.0894,0.08,7165217.0,257.042,191.2,78.1,20200609
118.5231,39.54,27.57,0.58,1.27,-0.0894,0.08,7168936.0,257.042,191.2,78.1,20200610
119.2347,36.43,40.79,0.47,1.21,-0.0894,0.08,7168936.0,257.042,191.2,78.1,20200611
119.6645,36.24,36.09,0.52,1.21,0.2743,0.08,7168936.0,257.042,191.2,78.1,20200612
119.9539,37.07,34.4,0.52,1.23,0.2743,0.08,7168936.0,257.042,191.2,78.1,20200615
119.567,38.26,33.67,0.54,1.27,0.2743,0.08,7168936.0,257.042,191.2,78.1,20200616
119.9105,37.91,33.47,0.55,1.26,0.2743,0.08,7094690.0,257.042,191.2,78.1,20200617
120.2173,38.79,32.94,0.52,1.28,0.2743,0.08,7094690.0,257.042,191.2,78.1,20200618
120.2186,39.72,35.12,0.51,1.3,0.4794,0.08,7094690.0,257.042,191.2,78.1,20200619
119.7532,40.6,31.77,0.52,1.34,0.4794,0.08,7094690.0,257.042,191.2,78.1,20200622
119.3285,40.4,31.37,0.54,1.38,0.4794,0.08,7094690.0,257.042,191.2,78.1,20200623
119.9744,37.91,33.84,0.5,1.33,0.4794,0.08,7082302.0,257.042,191.2,78.1,20200624
120.2997,38.66,32.22,0.51,1.33,0.4794,0.08,7082302.0,257.042,191.2,78.1,20200625
120.533,38.53,34.73,0.47,1.32,0.5054,0.08,7082302.0,257.042,191.2,78.1,20200626
120.6658,39.67,31.78,0.48,1.34,0.5054,0.08,7082302.0,257.042,191.2,78.1,20200629
120.4649,39.27,30.43,0.5,1.34,0.5054,0.08,7082302.0,257.042,191.2,78.1,20200630
120.0808,39.88,28.62,0.52,1.37,0.5054,0.09,7009040.0,258.352,193.0,72.5,20200701
119.8555,40.57,27.68,0.52,1.41,0.5054,0.09,7009040.0,258.352,193.0,72.5,20200702
119.8555,40.57,27.68,0.52,1.41,0.4177,0.09,7009040.0,258.352,193.0,72.5,20200703
119.2852,40.51,27.94,0.53,1.45,0.4177,0.09,7009040.0,258.352,193.0,72.5,20200706
119.5717,40.59,29.43,0.49,1.43,0.4177,0.09,7009040.0,258.352,193.0,72.5,20200707
119.5525,40.91,28.08,0.51,1.42,0.4177,0.09,6920716.0,258.352,193.0,72.5,20200708
119.5129,39.64,29.26,0.46,1.39,0.4177,0.09,6920716.0,258.352,193.0,72.5,20200709
119.3509,40.56,27.29,0.49,1.41,0.1173,0.09,6920716.0,258.352,193.0,72.5,20200710
119.1891,40.06,32.19,0.48,1.42,0.1173,0.09,6920716.0,258.352,193.0,72.5,20200713
119.3901,40.3,29.52,0.49,1.41,0.1173,0.09,6920716.0,258.352,193.0,72.5,20200714
119.0331,41.2,27.76,0.48,1.41,0.1173,0.09,6958604.0,258.352,193.0,72.5,20200715
118.9275,40.74,28.0,0.46,1.41,0.1173,0.09,6958604.0,258.352,193.0,72.5,20200716
119.124,40.55,25.68,0.5,1.46,0.0711,0.09,6958604.0,258.352,193.0,72.5,20200717
119.0483,40.83,24.46,0.46,1.46,0.0711,0.09,6958604.0,258.352,193.0,72.5,20200720
118.4042,41.76,24.84,0.47,1.48,0.0711,0.09,6958604.0,258.352,193.0,72.5,20200721
118.1337,41.88,24.32,0.46,1.48,0.0711,0.09,6964755.0,258.352,193.0,72.5,20200722
118.0613,40.99,26.08,0.43,1.49,0.0711,0.09,6964755.0,258.352,193.0,72.5,20200723
118.1329,41.23,25.84,0.45,1.51,-0.2209,0.09,6964755.0,258.352,193.0,72.5,20200724
117.3869,41.46,24.74,0.47,1.52,-0.2209,0.09,6964755.0,258.352,193.0,72.5,20200727
117.3189,40.89,25.44,0.45,1.51,-0.2209,0.09,6964755.0,258.352,193.0,72.5,20200728
117.2126,41.13,24.1,0.46,1.53,-0.2209,0.09,6949032.0,258.352,193.0,72.5,20200729
117.4008,39.85,24.76,0.44,1.52,-0.2209,0.09,6949032.0,258.352,193.0,72.5,20200730
117.2082,40.1,24.46,0.44,1.55,-0.0712,0.09,6949032.0,258.352,193.0,72.5,20200731
117.8074,40.83,24.28,0.45,1.58,-0.0712,0.1,6949032.0,259.316,194.3,74.1,20200803
117.7833,41.67,23.76,0.41,1.57,-0.0712,0.1,6949032.0,259.316,194.3,74.1,20200804
116.8736,42.25,22.99,0.44,1.61,-0.0712,0.1,6945237.0,259.316,194.3,74.1,20200805
117.0422,41.93,22.65,0.44,1.63,-0.0712,0.1,6945237.0,259.316,194.3,74.1,20200806
117.6239,41.16,22.21,0.44,1.61,-0.2004,0.1,6945237.0,259.316,194.3,74.1,20200807
117.5821,41.94,22.13,0.45,1.61,-0.2004,0.1,6945237.0,259.316,194.3,74.1,20200810
117.3781,41.53,24.03,0.48,1.63,-0.2004,0.1,6945237.0,259.316,194.3,74.1,20200811
117.2559,42.6,22.28,0.53,1.67,-0.2004,0.1,6957277.0,259.316,194.3,74.1,20200812
117.1193,42.26,22.13,0.55,1.67,-0.2004,0.1,6957277.0,259.316,194.3,74.1,20200813
116.9395,42.05,22.05,0.57,1.65,-0.2611,0.1,6957277.0,259.316,194.3,74.1,20200814
116.749,42.89,21.35,0.55,1.66,-0.2611,0.1,6957277.0,259.316,194.3,74.1,20200817
116.5593,42.89,21.51,0.53,1.68,-0.2611,0.1,6957277.0,259.316,194.3,74.1,20200818
116.567,42.91,22.54,0.54,1.67,-0.2611,0.1,7010637.0,259.316,194.3,74.1,20200819
116.8126,42.62,22.72,0.52,1.62,-0.2611,0.1,7010637.0,259.316,194.3,74.1,20200820
117.0572,42.32,22.54,0.48,1.64,-0.0625,0.1,7010637.0,259.316,194.3,74.1,20200821
116.912,42.44,22.37,0.51,1.67,-0.0625,0.1,7010637.0,259.316,194.3,74.1,20200824
116.8206,43.17,22.03,0.54,1.7,-0.0625,0.1,7010637.0,259.316,194.3,74.1,20200825
116.6243,43.21,23.27,0.53,1.72,-0.0625,0.1,6990418.0,259.316,194.3,74.1,20200826
116.649,42.88,24.47,0.58,1.73,-0.0625,0.1,6990418.0,259.316,194.3,74.1,20200827
115.9374,42.96,22.96,0.6,1.77,-0.2636,0.1,6990418.0,259.316,194.3,74.1,20200828
115.7586,42.61,26.41,0.58,1.8,-0.2636,0.1,6990418.0,259.316,194.3,74.1,20200831
115.5687,42.76,26.12,0.55,1.76,-0.2636,0.09,6990418.0,259.997,195.5,80.4,20200901
116.0304,42.76,26.57,0.52,1.73,-0.2636,0.09,7017492.0,259.997,195.5,80.4,20200902
116.0685,41.39,33.6,0.5,1.65,-0.2636,0.09,7017492.0,259.997,195.5,80.4,20200903
116.0347,39.69,30.75,0.58,1.7,-0.114,0.09,7017492.0,259.997,195.5,80.4,20200904
116.0347,39.69,30.75,0.58,1.7,-0.114,0.09,7017492.0,259.997,195.5,80.4,20200907
116.4618,36.87,31.46,0.55,1.68,-0.114,0.09,7017492.0,259.997,195.5,80.4,20200908
116.1291,38.05,28.81,0.57,1.71,-0.114,0.09,7010614.0,259.997,195.5,80.4,20200909
115.8806,37.25,29.71,0.54,1.69,-0.114,0.09,7010614.0,259.997,195.5,80.4,20200910
116.0866,37.33,26.87,0.54,1.65,0.0579,0.09,7010614.0,259.997,195.5,80.4,20200911
115.6428,37.23,25.85,0.54,1.65,0.0579,0.09,7010614.0,259.997,195.5,80.4,20200914
115.5908,38.29,25.59,0.54,1.67,0.0579,0.09,7010614.0,259.997,195.5,80.4,20200915
115.3537,40.17,26.04,0.55,1.68,0.0579,0.09,7064475.0,259.997,195.5,80.4,20200916
115.4392,40.99,26.46,0.56,1.66,0.0579,0.09,7064475.0,259.997,195.5,80.4,20200917
115.2395,41.09,25.83,0.56,1.67,-0.1273,0.09,7064475.0,259.997,195.5,80.4,20200918
116.378,39.26,27.78,0.54,1.62,-0.1273,0.09,7064475.0,259.997,195.5,80.4,20200921
116.5438,39.55,26.86,0.55,1.62,-0.1273,0.09,7064475.0,259.997,195.5,80.4,20200922
117.2526,39.92,28.58,0.54,1.6,-0.1273,0.09,7093161.0,259.997,195.5,80.4,20200923
117.5473,40.11,28.51,0.53,1.58,-0.1273,0.09,7093161.0,259.997,195.5,80.4,20200924
117.8679,40.06,26.38,0.54,1.58,0.2565,0.09,7093161.0,259.997,195.5,80.4,20200925
117.6178,40.47,26.19,0.53,1.61,0.2565,0.09,7093161.0,259.997,195.5,80.4,20200928
117.526,39.03,26.27,0.55,1.64,0.2565,0.09,7093161.0,259.997,195.5,80.4,20200929
116.946,40.05,26.37,0.56,1.63,0.2565,0.09,7056129.0,259.997,195.5,80.4,20200930
116.7227,38.51,26.7,0.54,1.63,0.2565,0.09,7056129.0,260.319,196.5,81.8,20201001
116.7321,36.9,27.63,0.57,1.64,-0.071,0.09,7056129.0,260.319,196.5,81.8,20201002
116.1767,39.12,27.96,0.64,1.68,-0.071,0.09,7056129.0,260.319,196.5,81.8,20201005
116.2681,40.52,29.48,0.62,1.66,-0.071,0.09,7056129.0,260.319,196.5,81.8,20201006
116.3447,39.82,28.06,0.65,1.71,-0.071,0.09,7074649.0,260.319,196.5,81.8,20201007
116.1657,41.04,26.36,0.65,1.72,-0.071,0.09,7074649.0,260.319,196.5,81.8,20201008
115.2757,40.44,25.0,0.63,1.73,-0.2316,0.09,7074649.0,260.319,196.5,81.8,20201009
115.2757,39.22,25.07,0.63,1.73,-0.2316,0.09,7074649.0,260.319,196.5,81.8,20201012
115.9107,40.03,26.07,0.58,1.7,-0.2316,0.09,7074649.0,260.319,196.5,81.8,20201013
115.6872,40.86,26.4,0.59,1.69,-0.2316,0.09,7151426.0,260.319,196.5,81.8,20201014
116.0964,40.84,26.97,0.6,1.69,-0.2316,0.09,7151426.0,260.319,196.5,81.8,20201015
115.7679,40.7,27.41,0.62,1.71,-0.0863,0.09,7151426.0,260.319,196.5,81.8,20201016
115.4031,40.69,29.18,0.62,1.71,-0.0863,0.09,7151426.0,260.319,196.5,81.8,20201019
115.2485,41.37,29.35,0.67,1.72,-0.0863,0.09,7151426.0,260.319,196.5,81.8,20201020
114.9108,39.88,28.65,0.69,1.74,-0.0863,0.09,7177265.0,260.319,196.5,81.8,20201021
115.1158,40.46,28.11,0.71,1.76,-0.0863,0.09,7177265.0,260.319,196.5,81.8,20201022
115.0126,39.73,27.55,0.67,1.75,0.015,0.09,7177265.0,260.319,196.5,81.8,20201023
115.2797,38.39,32.46,0.65,1.72,0.015,0.09,7177265.0,260.319,196.5,81.8,20201026
115.0131,39.34,33.35,0.63,1.71,0.015,0.09,7177265.0,260.319,196.5,81.8,20201027
115.8023,37.27,40.28,0.63,1.7,0.015,0.09,7146306.0,260.319,196.5,81.8,20201028
116.3069,35.94,37.59,0.69,1.71,0.015,0.09,7146306.0,260.319,196.5,81.8,20201029
116.1354,35.64,38.02,0.74,1.7,0.3915,0.09,7146306.0,260.319,196.5,81.8,20201030
116.2361,36.6,37.13,0.71,1.71,0.3915,0.09,7146306.0,260.911,198.3,76.9,20201102
115.4802,37.44,35.55,0.73,1.72,0.3915,0.09,7146306.0,260.911,198.3,76.9,20201103
115.1677,38.97,29.57,0.64,1.64,0.3915,0.09,7157479.0,260.911,198.3,76.9,20201104
114.4556,38.56,27.58,0.65,1.66,0.3915,0.09,7157479.0,260.911,198.3,76.9,20201105
113.9919,36.97,24.86,0.67,1.65,-0.0705,0.09,7157479.0,260.911,198.3,76.9,20201106
114.0895,40.05,25.75,0.79,1.73,-0.0705,0.09,7157479.0,260.911,198.3,76.9,20201109
114.0757,41.18,24.8,0.79,1.76,-0.0705,0.09,7157479.0,260.911,198.3,76.9,20201110
114.0757,41.23,23.45,0.79,1.76,-0.0705,0.09,7175417.0,260.911,198.3,76.9,20201111
114.2843,40.9,25.35,0.71,1.71,-0.0705,0.09,7175417.0,260.911,198.3,76.9,20201112
114.2397,39.93,23.1,0.72,1.72,-0.4767,0.09,7175417.0,260.911,198.3,76.9,20201113
113.8312,41.14,22.45,0.72,1.72,-0.4767,0.09,7175417.0,260.911,198.3,76.9,20201116
113.682,41.24,22.71,0.69,1.7,-0.4767,0.09,7175417.0,260.911,198.3,76.9,20201117
113.46,41.64,23.84,0.72,1.7,-0.4767,0.09,7243080.0,260.911,198.3,76.9,20201118
113.694,41.57,23.11,0.68,1.7,-0.4767,0.09,7243080.0,260.911,198.3,76.9,20201119
113.489,41.99,23.7,0.67,1.69,-0.1581,0.09,7243080.0,260.911,198.3,76.9,20201120
113.7548,42.91,22.66,0.7,1.71,-0.1581,0.09,7243080.0,260.911,198.3,76.9,20201123
113.4316,44.71,21.64,0.72,1.74,-0.1581,0.09,7243080.0,260.911,198.3,76.9,20201124
113.1823,45.58,21.25,0.71,1.75,-0.1581,0.09,7216480.0,260.911,198.3,76.9,20201125
113.1823,45.58,21.25,0.71,1.75,-0.1581,0.09,7216480.0,260.911,198.3,76.9,20201126
113.1823,45.58,20.84,0.68,1.75,-0.394,0.09,7216480.0,260.911,198.3,76.9,20201127
113.2256,45.2,20.57,0.68,1.77,-0.394,0.09,7216480.0,260.911,198.3,76.9,20201130
112.8063,44.54,20.77,0.75,1.81,-0.394,0.09,7216480.0,262.045,200.5,80.7,20201201
112.6115,45.23,21.17,0.79,1.85,-0.394,0.09,7222414.0,262.045,200.5,80.7,20201202
112.0236,45.65,21.28,0.76,1.86,-0.394,0.09,7222414.0,262.045,200.5,80.7,20201203
111.7778,46.23,20.79,0.81,1.89,-0.4408,0.09,7222414.0,262.045,200.5,80.7,20201204
111.8385,45.72,21.3,0.8,1.88,-0.4408,0.09,7222414.0,262.045,200.5,80.7,20201207
111.8639,45.64,20.68,0.78,1.89,-0.4408,0.09,7222414.0,262.045,200.5,80.7,20201208
112.0305,45.48,22.27,0.79,1.91,-0.4408,0.09,7242658.0,262.045,200.5,80.7,20201209
111.9788,46.76,22.52,0.78,1.88,-0.4408,0.09,7242658.0,262.045,200.5,80.7,20201210
112.1417,46.59,23.31,0.79,1.87,-0.4161,0.09,7242658.0,262.045,200.5,80.7,20201211
112.1708,47.02,24.72,0.77,1.88,-0.4161,0.09,7242658.0,262.045,200.5,80.7,20201214
111.8601,47.58,22.89,0.81,1.91,-0.4161,0.09,7242658.0,262.045,200.5,80.7,20201215
111.7157,47.86,22.5,0.79,1.92,-0.4161,0.09,7362592.0,262.045,200.5,80.7,20201216
111.2226,48.34,21.93,0.81,1.94,-0.4161,0.09,7362592.0,262.045,200.5,80.7,20201217
111.6071,49.04,21.57,0.82,1.95,-0.3733,0.09,7362592.0,262.045,200.5,80.7,20201218
111.9415,47.79,25.16,0.82,1.95,-0.3733,0.09,7362592.0,262.045,200.5,80.7,20201221
112.1947,47.02,24.23,0.8,1.94,-0.3733,0.09,7362592.0,262.045,200.5,80.7,20201222
111.9807,47.94,23.31,0.83,1.97,-0.3733,0.09,7404039.0,262.045,200.5,80.7,20201223
111.9807,48.18,21.53,0.81,1.97,-0.3733,0.09,7404039.0,262.045,200.5,80.7,20201224
111.9807,48.18,21.53,0.81,1.97,-0.4142,0.09,7404039.0,262.045,200.5,80.7,20201225
111.9752,47.5,21.7,0.81,1.97,-0.4142,0.09,7404039.0,262.045,200.5,80.7,20201228
111.5172,47.85,23.08,0.82,1.96,-0.4142,0.09,7404039.0,262.045,200.5,80.7,20201229
111.3084,48.24,22.77,0.81,1.96,-0.4142,0.09,7363351.0,262.045,200.5,80.7,20201230
111.3169,48.35,22.75,0.8,1.99,-0.4142,0.09,7363351.0,262.045,200.5,80.7,20201231
111.3169,48.35,22.75,0.8,1.99,-0.4716,0.09,7363351.0,262.687,204.8,79.0,20210101
111.2075,47.47,26.97,0.82,2.01,-0.4716,0.09,7363351.0,262.687,204.8,79.0,20210104
110.9574,49.78,25.34,0.83,2.03,-0.4716,0.09,7363351.0,262.687,204.8,79.0,20210105
110.8502,50.45,25.07,0.9,2.06,-0.4716,0.09,7334809.0,262.687,204.8,79.0,20210106
111.3042,50.63,22.37,0.94,2.09,-0.4716,0.09,7334809.0,262.687,204.8,79.0,20210107
111.2847,52.14,21.56,0.99,2.06,-0.481,0.09,7334809.0,262.687,204.8,79.0,20210108
111.8257,52.15,24.08,1.01,2.06,-0.481,0.09,7334809.0,262.687,204.8,79.0,20210111
111.5501,53.08,23.33,1.01,2.08,-0.481,0.09,7334809.0,262.687,204.8,79.0,20210112
111.3622,52.81,22.21,0.96,2.06,-0.481,0.09,7333968.0,262.687,204.8,79.0,20210113
111.1567,53.47,23.25,0.99,2.09,-0.481,0.09,7333968.0,262.687,204.8,79.0,20210114
111.5106,52.25,24.34,0.98,2.1,-0.5245,0.09,7333968.0,262.687,204.8,79.0,20210115
111.5106,52.25,24.34,0.98,2.1,-0.5245,0.09,7333968.0,262.687,204.8,79.0,20210118
111.4527,52.87,23.24,0.96,2.1,-0.5245,0.09,7333968.0,262.687,204.8,79.0,20210119
111.4527,53.16,21.58,0.97,2.12,-0.5245,0.09,7414942.0,262.687,204.8,79.0,20210120
111.1973,53.0,21.32,0.99,2.1,-0.5245,0.09,7414942.0,262.687,204.8,79.0,20210121
111.5516,52.28,21.91,0.97,2.09,-0.512,0.09,7414942.0,262.687,204.8,79.0,20210122
111.8676,52.78,23.19,0.92,2.08,-0.512,0.09,7414942.0,262.687,204.8,79.0,20210125
111.6572,52.61,23.02,0.94,2.08,-0.512,0.09,7414942.0,262.687,204.8,79.0,20210126
112.0782,52.81,37.21,0.92,2.08,-0.512,0.09,7404926.0,262.687,204.8,79.0,20210127
112.0059,52.26,30.21,0.95,2.13,-0.512,0.09,7404926.0,262.687,204.8,79.0,20210128
111.9511,52.16,33.09,1.0,2.13,-0.2636,0.09,7404926.0,262.687,204.8,79.0,20210129
112.4189,53.55,30.24,0.98,2.11,-0.2636,0.08,7404926.0,263.579,210.6,76.8,20210201
112.2862,54.77,25.56,1.01,2.15,-0.2636,0.08,7404926.0,263.579,210.6,76.8,20210202
112.2567,55.67,22.91,1.04,2.19,-0.2636,0.08,7410598.0,263.579,210.6,76.8,20210203
112.7469,56.19,21.77,1.04,2.17,-0.2636,0.08,7410598.0,263.579,210.6,76.8,20210204
112.2379,56.8,20.87,1.1,2.21,-0.5717,0.08,7410598.0,263.579,210.6,76.8,20210205
112.0428,57.95,21.24,1.08,2.22,-0.5717,0.08,7410598.0,263.579,210.6,76.8,20210208
111.7675,58.34,21.63,1.07,2.22,-0.5717,0.08,7410598.0,263.579,210.6,76.8,20210209
111.5834,58.69,21.99,1.04,2.21,-0.5717,0.08,7442225.0,263.579,210.6,76.8,20210210
111.5272,58.22,21.25,1.05,2.2,-0.5717,0.08,7442225.0,263.579,210.6,76.8,20210211
111.4889,59.5,19.97,1.09,2.21,-0.7578,0.08,7442225.0,263.579,210.6,76.8,20210212
111.4889,59.5,19.97,1.09,2.21,-0.7578,0.08,7442225.0,263.579,210.6,76.8,20210215
111.7879,60.07,21.46,1.17,2.24,-0.7578,0.08,7442225.0,263.579,210.6,76.8,20210216
112.0204,61.09,21.5,1.18,2.21,-0.7578,0.08,7557402.0,263.579,210.6,76.8,20210217
112.1603,60.4,22.49,1.18,2.16,-0.7578,0.08,7557402.0,263.579,210.6,76.8,20210218
111.7058,59.12,22.05,1.23,2.14,-0.6477,0.08,7557402.0,263.579,210.6,76.8,20210219
111.918,61.67,23.45,1.26,2.16,-0.6477,0.08,7557402.0,263.579,210.6,76.8,20210222
111.8981,61.66,23.11,1.26,2.16,-0.6477,0.08,7557402.0,263.579,210.6,76.8,20210223
111.7212,63.21,21.34,1.26,2.17,-0.6477,0.08,7590111.0,263.579,210.6,76.8,20210224
111.9253,63.43,28.89,1.37,2.14,-0.6477,0.08,7590111.0,263.579,210.6,76.8,20210225
112.8306,61.55,27.95,1.3,2.15,-0.4393,0.08,7590111.0,263.579,210.6,76.8,20210226
112.5263,60.54,23.35,1.32,2.16,-0.4393,0.07,7590111.0,264.961,215.0,84.9,20210301
112.5342,59.7,24.1,1.29,2.2,-0.4393,0.07,7590111.0,264.961,215.0,84.9,20210302
112.7617,61.33,26.67,1.33,2.21,-0.4393,0.07,7557524.0,264.961,215.0,84.9,20210303
112.7037,63.81,28.57,1.4,2.2,-0.4393,0.07,7557524.0,264.961,215.0,84.9,20210304
113.7487,66.08,24.66,1.42,2.22,-0.4015,0.07,7557524.0,264.961,215.0,84.9,20210305
114.2678,65.03,25.47,1.42,2.21,-0.4015,0.07,7557524.0,264.961,215.0,84.9,20210308
113.928,64.02,24.03,1.38,2.21,-0.4015,0.07,7557524.0,264.961,215.0,84.9,20210309
113.5881,64.45,22.56,1.37,2.26,-0.4015,0.07,7579901.0,264.961,215.0,84.9,20210310
112.9214,66.02,21.91,1.4,2.28,-0.4015,0.07,7579901.0,264.961,215.0,84.9,20210311
113.0269,65.59,20.69,1.5,2.26,-0.4938,0.07,7579901.0,264.961,215.0,84.9,20210312
113.1928,65.36,20.03,1.48,2.27,-0.4938,0.07,7579901.0,264.961,215.0,84.9,20210315
112.9839,64.82,19.79,1.47,2.3,-0.4938,0.07,7579901.0,264.961,215.0,84.9,20210316
113.1589,64.55,19.23,1.5,2.3,-0.4938,0.07,7693506.0,264.961,215.0,84.9,20210317
112.7744,59.95,21.58,1.55,2.27,-0.4938,0.07,7693506.0,264.961,215.0,84.9,20210318
112.9756,61.43,20.95,1.58,2.31,-0.5402,0.07,7693506.0,264.961,215.0,84.9,20210319
113.0023,61.48,18.88,1.54,2.33,-0.5402,0.07,7693506.0,264.961,215.0,84.9,20210322
113.2916,57.75,20.3,1.48,2.29,-0.5402,0.07,7693506.0,264.961,215.0,84.9,20210323
113.6565,61.12,21.2,1.48,2.31,-0.5402,0.07,7719622.0,264.961,215.0,84.9,20210324
114.0016,58.47,19.81,1.49,2.32,-0.5402,0.07,7719622.0,264.961,215.0,84.9,20210325
113.7406,60.93,18.86,1.53,2.34,-0.6204,0.07,7719622.0,264.961,215.0,84.9,20210326
113.9314,61.49,20.74,1.59,2.36,-0.6204,0.07,7719622.0,264.961,215.0,84.9,20210329
114.203,60.55,19.61,1.57,2.35,-0.6204,0.07,7719622.0,264.961,215.0,84.9,20210330
113.8234,59.19,19.4,1.58,2.37,-0.6204,0.07,7688988.0,264.961,215.0,84.9,20210331
113.7389,61.41,17.33,1.52,2.35,-0.6204,0.07,7688988.0,266.614,217.9,88.3,20210401
113.7315,61.41,17.33,1.53,2.36,-0.7122,0.07,7688988.0,266.614,217.9,88.3,20210402
113.394,58.73,17.91,1.56,2.35,-0.7122,0.07,7688988.0,266.614,217.9,88.3,20210405
113.1464,59.34,18.12,1.51,2.32,-0.7122,0.07,7688988.0,266.614,217.9,88.3,20210406
113.2436,59.77,17.16,1.52,2.34,-0.7122,0.07,7708882.0,266.614,217.9,88.3,20210407
113.0917,59.61,16.95,1.5,2.33,-0.7122,0.07,7708882.0,266.614,217.9,88.3,20210408
113.2028,59.29,16.69,1.51,2.31,-0.8119,0.07,7708882.0,266.614,217.9,88.3,20210409
113.1815,59.7,16.91,1.51,2.33,-0.8119,0.07,7708882.0,266.614,217.9,88.3,20210412
113.0391,60.2,16.65,1.48,2.33,-0.8119,0.07,7708882.0,266.614,217.9,88.3,20210413
112.7849,63.15,16.99,1.48,2.33,-0.8119,0.07,7793104.0,266.614,217.9,88.3,20210414
112.6181,63.42,16.57,1.4,2.33,-0.8119,0.07,7793104.0,266.614,217.9,88.3,20210415
112.4814,63.16,16.25,1.43,2.36,-0.764,0.07,7793104.0,266.614,217.9,88.3,20210416
112.1835,63.33,17.29,1.45,2.34,-0.764,0.07,7793104.0,266.614,217.9,88.3,20210419
112.2354,62.61,18.68,1.43,2.32,-0.764,0.07,7793104.0,266.614,217.9,88.3,20210420
112.1771,61.34,17.5,1.42,2.33,-0.764,0.07,7820948.0,266.614,217.9,88.3,20210421
112.2297,61.45,18.71,1.41,2.33,-0.764,0.07,7820948.0,266.614,217.9,88.3,20210422
112.0889,62.18,17.33,1.42,2.34,-0.7138,0.07,7820948.0,266.614,217.9,88.3,20210423
111.8109,62.02,17.64,1.4,2.36,-0.7138,0.07,7820948.0,266.614,217.9,88.3,20210426
111.9097,63.03,17.56,1.46,2.39,-0.7138,0.07,7820948.0,266.614,217.9,88.3,20210427
111.7909,63.81,17.28,1.46,2.41,-0.7138,0.07,7780962.0,266.614,217.9,88.3,20210428
111.7464,65.0,17.61,1.49,2.42,-0.7138,0.07,7780962.0,266.614,217.9,88.3,20210429
112.0839,63.5,18.61,1.49,2.41,-0.801,0.07,7780962.0,266.614,217.9,88.3,20210430
112.005,64.46,18.31,1.47,2.42,-0.801,0.06,7780962.0,268.383,224.9,82.9,20210503
112.2896,65.72,19.48,1.45,2.42,-0.801,0.06,7780962.0,268.383,224.9,82.9,20210504
112.1514,65.63,19.15,1.43,2.47,-0.801,0.06,7810486.0,268.383,224.9,82.9,20210505
111.8401,64.73,18.39,1.42,2.45,-0.801,0.06,7810486.0,268.383,224.9,82.9,20210506
111.0249,64.96,16.69,1.46,2.49,-0.802,0.06,7810486.0,268.383,224.9,82.9,20210507
110.7905,64.92,19.66,1.47,2.54,-0.802,0.06,7810486.0,268.383,224.9,82.9,20210510
110.8921,65.31,21.84,1.48,2.53,-0.802,0.06,7810486.0,268.383,224.9,82.9,20210511
111.5636,65.96,27.59,1.53,2.54,-0.802,0.06,7830663.0,268.383,224.9,82.9,20210512
111.5955,63.82,23.13,1.5,2.51,-0.802,0.06,7830663.0,268.383,224.9,82.9,20210513
111.1353,65.32,18.81,1.47,2.51,-0.7431,0.06,7830663.0,268.383,224.9,82.9,20210514
111.079,66.24,19.72,1.48,2.54,-0.7431,0.06,7830663.0,268.383,224.9,82.9,20210517
110.8317,65.49,21.34,1.48,2.52,-0.7431,0.06,7830663.0,268.383,224.9,82.9,20210518
110.8807,63.28,22.18,1.52,2.48,-0.7431,0.06,7922883.0,268.383,224.9,82.9,20210519
110.8605,61.95,20.67,1.48,2.41,-0.7431,0.06,7922883.0,268.383,224.9,82.9,20210520
111.0576,63.61,20.15,1.46,2.43,-0.7096,0.06,7922883.0,268.383,224.9,82.9,20210521
110.9118,66.13,18.4,1.46,2.44,-0.7096,0.06,7922883.0,268.383,224.9,82.9,20210524
110.842,66.27,18.84,1.41,2.42,-0.7096,0.06,7922883.0,268.383,224.9,82.9,20210525
110.8677,66.41,17.36,1.44,2.4,-0.7096,0.06,7903541.0,268.383,224.9,82.9,20210526
110.8688,66.87,16.74,1.47,2.42,-0.7096,0.06,7903541.0,268.383,224.9,82.9,20210527
110.7576,66.31,16.76,1.44,2.42,-0.8088,0.06,7903541.0,268.383,224.9,82.9,20210528
110.7576,66.31,16.76,1.44,2.42,-0.8088,0.06,7903541.0,268.383,224.9,82.9,20210531
110.5046,67.8,17.9,1.46,2.46,-0.8088,0.08,7903541.0,270.654,228.9,85.5,20210601
110.5799,68.79,17.48,1.46,2.44,-0.8088,0.08,7935703.0,270.654,228.9,85.5,20210602
111.1782,68.81,18.04,1.47,2.42,-0.8088,0.08,7935703.0,270.654,228.9,85.5,20210603
110.7521,69.57,16.42,1.42,2.4,-0.8445,0.08,7935703.0,270.654,228.9,85.5,20210604
110.5155,69.21,16.42,1.41,2.39,-0.8445,0.08,7935703.0,270.654,228.9,85.5,20210607
110.649,70.11,17.07,1.39,2.36,-0.8445,0.08,7935703.0,270.654,228.9,85.5,20210608
110.5707,69.9,17.89,1.34,2.32,-0.8445,0.08,7952327.0,270.654,228.9,85.5,20210609
110.5456,70.34,16.1,1.31,2.35,-0.8445,0.08,7952327.0,270.654,228.9,85.5,20210610
111.0933,71.0,15.65,1.31,2.32,-0.7914,0.08,7952327.0,270.654,228.9,85.5,20210611
110.9659,70.94,16.39,1.35,2.36,-0.7914,0.08,7952327.0,270.654,228.9,85.5,20210614
111.3507,72.06,17.02,1.35,2.38,-0.7914,0.08,7952327.0,270.654,228.9,85.5,20210615
111.1165,72.03,18.15,1.36,2.32,-0.7914,0.08,8064257.0,270.654,228.9,85.5,20210616
112.5772,71.06,17.75,1.29,2.27,-0.7914,0.08,8064257.0,270.654,228.9,85.5,20210617
113.0408,71.64,20.7,1.19,2.24,-0.77,0.08,8064257.0,270.654,228.9,85.5,20210618
112.8391,73.64,17.89,1.23,2.25,-0.77,0.08,8064257.0,270.654,228.9,85.5,20210621
112.9174,73.15,16.66,1.23,2.31,-0.77,0.08,8064257.0,270.654,228.9,85.5,20210622
112.3819,73.11,16.32,1.24,2.34,-0.77,0.08,8101945.0,270.654,228.9,85.5,20210623
112.326,73.31,15.97,1.23,2.3,-0.77,0.08,8101945.0,270.654,228.9,85.5,20210624
111.9655,74.21,15.62,1.26,2.34,-0.8002,0.08,8101945.0,270.654,228.9,85.5,20210625
112.0248,72.98,15.76,1.24,2.33,-0.8002,0.08,8101945.0,270.654,228.9,85.5,20210628
112.2613,73.14,16.02,1.22,2.32,-0.8002,0.08,8101945.0,270.654,228.9,85.5,20210629
112.5533,73.52,15.83,1.2,2.32,-0.8002,0.08,8078544.0,270.654,228.9,85.5,20210630
112.74,75.33,15.48,1.23,2.35,-0.8002,0.1,8078544.0,271.903,231.85,81.2,20210701
112.5425,75.37,15.07,1.2,2.33,-0.8411,0.1,8078544.0,271.903,231.85,81.2,20210702
112.5425,75.37,15.07,1.2,2.33,-0.8411,0.1,8078544.0,271.903,231.85,81.2,20210705
112.9516,73.62,16.44,1.15,2.31,-0.8411,0.1,8078544.0,271.903,231.85,81.2,20210706
113.1048,72.22,16.2,1.11,2.28,-0.8411,0.1,8097773.0,271.903,231.85,81.2,20210707
113.0776,72.98,19.0,1.11,2.22,-0.8411,0.1,8097773.0,271.903,231.85,81.2,20210708
112.8375,74.56,16.18,1.14,2.28,-0.7095,0.1,8097773.0,271.903,231.85,81.2,20210709
112.7611,74.21,16.17,1.15,2.33,-0.7095,0.1,8097773.0,271.903,231.85,81.2,20210712
113.0063,75.24,17.12,1.16,2.36,-0.7095,0.1,8097773.0,271.903,231.85,81.2,20210713
112.8801,73.06,16.33,1.14,2.34,-0.7095,0.1,8201651.0,271.903,231.85,81.2,20210714
113.0041,71.67,17.01,1.08,2.32,-0.7095,0.1,8201651.0,271.903,231.85,81.2,20210715
113.0428,71.76,18.45,1.06,2.33,-0.7984,0.1,8201651.0,271.903,231.85,81.2,20210716
113.5472,66.45,22.5,0.98,2.24,-0.7984,0.1,8201651.0,271.903,231.85,81.2,20210719
113.7502,67.32,19.73,1.03,2.26,-0.7984,0.1,8201651.0,271.903,231.85,81.2,20210720
113.3926,70.26,17.91,1.08,2.28,-0.7984,0.1,8240530.0,271.903,231.85,81.2,20210721
113.4695,72.15,17.69,1.07,2.28,-0.7984,0.1,8240530.0,271.903,231.85,81.2,20210722
113.4398,72.24,17.2,1.08,2.35,-0.5665,0.1,8240530.0,271.903,231.85,81.2,20210723
113.2238,72.15,17.58,1.07,2.4,-0.5665,0.1,8240530.0,271.903,231.85,81.2,20210726
113.2227,71.68,19.36,1.05,2.38,-0.5665,0.1,8240530.0,271.903,231.85,81.2,20210727
113.1807,72.37,18.31,1.06,2.41,-0.5665,0.1,8221473.0,271.903,231.85,81.2,20210728
112.4834,73.62,17.7,1.08,2.43,-0.5665,0.1,8221473.0,271.903,231.85,81.2,20210729
112.6714,73.93,18.24,1.05,2.4,-0.7621,0.1,8221473.0,271.903,231.85,81.2,20210730
112.6691,71.31,19.46,1.03,2.37,-0.7621,0.09,8221473.0,272.676,233.415,70.3,20210802
112.8228,70.64,18.04,1.02,2.38,-0.7621,0.09,8221473.0,272.676,233.415,70.3,20210803
112.8953,68.19,17.97,1.02,2.35,-0.7621,0.09,8235073.0,272.676,233.415,70.3,20210804
112.7674,69.1,17.28,1.02,2.33,-0.7621,0.09,8235073.0,272.676,233.415,70.3,20210805
113.3088,68.26,16.15,1.1,2.37,-0.674,0.09,8235073.0,272.676,233.415,70.3,20210806
113.4521,66.56,16.72,1.1,2.37,-0.674,0.09,8235073.0,272.676,233.415,70.3,20210809
113.4973,68.33,16.79,1.12,2.4,-0.674,0.09,8235073.0,272.676,233.415,70.3,20210810
113.282,69.3,16.06,1.12,2.42,-0.674,0.09,8257159.0,272.676,233.415,70.3,20210811
113.2691,69.12,15.59,1.13,2.41,-0.674,0.09,8257159.0,272.676,233.415,70.3,20210812
113.0615,68.36,15.45,1.06,2.37,-0.8579,0.09,8257159.0,272.676,233.415,70.3,20210813
113.1698,67.44,16.12,1.05,2.36,-0.8579,0.09,8257159.0,272.676,233.415,70.3,20210816
113.6174,66.5,17.91,1.03,2.33,-0.8579,0.09,8257159.0,272.676,233.415,70.3,20210817
113.6959,65.36,21.57,1.04,2.32,-0.8579,0.09,8342598.0,272.676,233.415,70.3,20210818
114.1106,63.69,21.67,1.02,2.28,-0.8579,0.09,8342598.0,272.676,233.415,70.3,20210819
114.5009,62.25,18.56,1.03,2.27,-0.6174,0.09,8342598.0,272.676,233.415,70.3,20210820
113.9418,65.65,17.15,1.02,2.27,-0.6174,0.09,8342598.0,272.676,233.415,70.3,20210823
113.6795,67.5,17.22,1.05,2.3,-0.6174,0.09,8342598.0,272.676,233.415,70.3,20210824
113.6322,68.54,16.79,1.12,2.35,-0.6174,0.09,8332743.0,272.676,233.415,70.3,20210825
113.7883,67.42,18.84,1.09,2.33,-0.6174,0.09,8332743.0,272.676,233.415,70.3,20210826
113.3404,68.84,16.39,1.09,2.39,-0.7651,0.09,8332743.0,272.676,233.415,70.3,20210827
113.246,69.28,16.19,1.09,2.37,-0.7651,0.09,8332743.0,272.676,233.415,70.3,20210830
113.1076,68.43,16.48,1.1,2.33,-0.7651,0.09,8332743.0,272.676,233.415,70.3,20210831
112.8732,68.63,16.11,1.11,2.34,-0.7651,0.08,8349173.0,273.91,235.678,72.8,20210901
112.7863,70.07,16.41,1.09,2.32,-0.7651,0.08,8349173.0,273.91,235.678,72.8,20210902
112.5476,69.34,16.41,1.12,2.34,-0.7589,0.08,8349173.0,273.91,235.678,72.8,20210903
112.5476,69.34,16.41,1.12,2.34,-0.7589,0.08,8349173.0,273.91,235.678,72.8,20210906
112.9795,68.49,18.14,1.16,2.36,-0.7589,0.08,8349173.0,273.91,235.678,72.8,20210907
113.2319,69.36,17.96,1.13,2.38,-0.7589,0.08,8357314.0,273.91,235.678,72.8,20210908
113.043,68.26,18.8,1.07,2.38,-0.7589,0.08,8357314.0,273.91,235.678,72.8,20210909
112.9425,69.82,20.95,1.12,2.4,-0.7095,0.08,8357314.0,273.91,235.678,72.8,20210910
113.0341,70.54,19.37,1.12,2.37,-0.7095,0.08,8357314.0,273.91,235.678,72.8,20210913
113.0061,70.53,19.46,1.07,2.33,-0.7095,0.08,8357314.0,273.91,235.678,72.8,20210914
112.9773,72.59,18.18,1.1,2.35,-0.7095,0.08,8448770.0,273.91,235.678,72.8,20210915
113.3036,72.69,18.69,1.11,2.35,-0.7095,0.08,8448770.0,273.91,235.678,72.8,20210916
113.5989,72.09,20.81,1.14,2.33,-0.6771,0.08,8448770.0,273.91,235.678,72.8,20210917
113.9422,70.41,25.71,1.08,2.29,-0.6771,0.08,8448770.0,273.91,235.678,72.8,20210920
113.8179,70.51,24.36,1.11,2.29,-0.6771,0.08,8448770.0,273.91,235.678,72.8,20210921
113.6223,72.37,20.87,1.07,2.28,-0.6771,0.08,8489824.0,273.91,235.678,72.8,20210922
113.513,73.43,18.63,1.14,2.31,-0.6771,0.08,8489824.0,273.91,235.678,72.8,20210923
113.7597,74.18,17.75,1.18,2.34,-0.5421,0.08,8489824.0,273.91,235.678,72.8,20210924
113.7432,75.54,18.76,1.17,2.35,-0.5421,0.08,8489824.0,273.91,235.678,72.8,20210927
114.2469,75.44,23.25,1.23,2.38,-0.5421,0.08,8489824.0,273.91,235.678,72.8,20210928
114.7092,75.06,22.56,1.25,2.37,-0.5421,0.08,8447981.0,273.91,235.678,72.8,20210929
114.6403,75.22,23.14,1.24,2.37,-0.5421,0.08,8447981.0,273.91,235.678,72.8,20210930
114.3798,76.01,21.15,1.21,2.38,-0.6278,0.08,8447981.0,276.55,240.465,71.7,20211001
114.2739,77.68,22.96,1.22,2.38,-0.6278,0.08,8447981.0,276.55,240.465,71.7,20211004
114.3654,79.17,21.3,1.26,2.45,-0.6278,0.08,8447981.0,276.55,240.465,71.7,20211005
114.7185,77.66,21.0,1.23,2.43,-0.6278,0.08,8464032.0,276.55,240.465,71.7,20211006
114.5044,78.46,19.54,1.26,2.46,-0.6278,0.08,8464032.0,276.55,240.465,71.7,20211007
114.5986,79.55,18.77,1.29,2.5,-0.6355,0.08,8464032.0,276.55,240.465,71.7,20211008
114.5986,80.64,20.0,1.29,2.5,-0.6355,0.08,8464032.0,276.55,240.465,71.7,20211011
114.7542,80.75,19.85,1.24,2.49,-0.6355,0.08,8464032.0,276.55,240.465,71.7,20211012
114.4705,80.67,18.64,1.19,2.52,-0.6355,0.08,8480942.0,276.55,240.465,71.7,20211013
114.2053,81.43,16.86,1.16,2.52,-0.6355,0.08,8480942.0,276.55,240.465,71.7,20211014
114.0905,82.39,16.3,1.18,2.56,-0.7291,0.08,8480942.0,276.55,240.465,71.7,20211015
113.9899,82.62,16.31,1.15,2.54,-0.7291,0.08,8480942.0,276.55,240.465,71.7,20211018
113.647,83.19,15.7,1.24,2.54,-0.7291,0.08,8480942.0,276.55,240.465,71.7,20211019
113.5083,84.4,15.49,1.25,2.57,-0.7291,0.08,8564943.0,276.55,240.465,71.7,20211020
113.6188,82.64,15.01,1.23,2.64,-0.7291,0.08,8564943.0,276.55,240.465,71.7,20211021
113.67,84.53,15.43,1.18,2.64,-0.9029,0.08,8564943.0,276.55,240.465,71.7,20211022
113.605,84.64,15.24,1.17,2.66,-0.9029,0.08,8564943.0,276.55,240.465,71.7,20211025
113.674,85.64,15.98,1.16,2.69,-0.9029,0.08,8564943.0,276.55,240.465,71.7,20211026
113.6218,82.66,16.98,1.04,2.65,-0.9029,0.08,8556181.0,276.55,240.465,71.7,20211027
113.4389,82.78,16.53,1.07,2.57,-0.9029,0.08,8556181.0,276.55,240.465,71.7,20211028
114.1349,83.5,16.26,1.07,2.51,-0.8105,0.08,8556181.0,276.55,240.465,71.7,20211029
114.2067,84.08,16.41,1.08,2.5,-0.8105,0.08,8556181.0,278.919,243.287,67.4,20211101
114.2847,83.91,16.03,1.1,2.51,-0.8105,0.08,8556181.0,278.919,243.287,67.4,20211102
114.3593,80.82,15.1,1.13,2.53,-0.8105,0.08,8574871.0,278.919,243.287,67.4,20211103
114.3558,78.88,15.44,1.12,2.56,-0.8105,0.08,8574871.0,278.919,243.287,67.4,20211104
114.0732,81.25,16.48,1.06,2.54,-0.6815,0.08,8574871.0,278.919,243.287,67.4,20211105
113.8256,81.96,17.22,1.06,2.62,-0.6815,0.08,8574871.0,278.919,243.287,67.4,20211108
113.762,84.12,17.78,1.05,2.63,-0.6815,0.08,8574871.0,278.919,243.287,67.4,20211109
114.1484,81.23,18.73,1.05,2.7,-0.6815,0.08,8663117.0,278.919,243.287,67.4,20211110
114.1484,81.47,17.66,1.05,2.7,-0.6815,0.08,8663117.0,278.919,243.287,67.4,20211111
114.5144,80.87,16.29,1.05,2.73,-0.7874,0.08,8663117.0,278.919,243.287,67.4,20211112
114.5876,80.85,16.49,1.1,2.76,-0.7874,0.08,8663117.0,278.919,243.287,67.4,20211115
115.136,80.76,16.37,1.09,2.73,-0.7874,0.08,8663117.0,278.919,243.287,67.4,20211116
115.0263,78.32,17.11,1.08,2.7,-0.7874,0.08,8674970.0,278.919,243.287,67.4,20211117
115.0678,78.92,17.59,1.07,2.73,-0.7874,0.08,8674970.0,278.919,243.287,67.4,20211118
115.2187,76.11,17.91,1.02,2.65,-0.6867,0.08,8674970.0,278.919,243.287,67.4,20211119
115.6481,76.74,19.17,1.0,2.61,-0.6867,0.08,8674970.0,278.919,243.287,67.4,20211122
116.0118,78.32,19.38,1.07,2.62,-0.6867,0.08,8674970.0,278.919,243.287,67.4,20211123
116.2711,78.32,18.58,1.0,2.61,-0.6867,0.08,8681771.0,278.919,243.287,67.4,20211124
116.2711,78.32,18.58,1.0,2.61,-0.6867,0.08,8681771.0,278.919,243.287,67.4,20211125
116.5103,78.32,28.62,0.98,2.55,-0.4869,0.08,8681771.0,278.919,243.287,67.4,20211126
116.581,69.88,22.96,1.01,2.54,-0.4869,0.08,8681771.0,278.919,243.287,67.4,20211129
116.2071,66.14,27.19,0.91,2.5,-0.4869,0.08,8681771.0,278.919,243.287,67.4,20211130
115.889,65.44,31.12,0.87,2.44,-0.4869,0.08,8650402.0,280.845,241.338,70.6,20211201
116.018,66.6,27.95,0.81,2.47,-0.4869,0.08,8650402.0,280.845,241.338,70.6,20211202
116.2377,66.39,30.67,0.75,2.43,-0.1699,0.08,8650402.0,280.845,241.338,70.6,20211203
116.1538,69.62,27.18,0.78,2.44,-0.1699,0.08,8650402.0,280.845,241.338,70.6,20211206
115.8555,71.94,21.89,0.78,2.47,-0.1699,0.08,8650402.0,280.845,241.338,70.6,20211207
115.4418,72.43,19.9,0.84,2.52,-0.1699,0.08,8664524.0,280.845,241.338,70.6,20211208
115.7784,70.87,21.58,0.79,2.47,-0.1699,0.08,8664524.0,280.845,241.338,70.6,20211209
115.5732,71.71,18.69,0.81,2.44,-0.7049,0.08,8664524.0,280.845,241.338,70.6,20211210
115.842,71.19,20.31,0.76,2.4,-0.7049,0.08,8664524.0,280.845,241.338,70.6,20211213
116.2397,70.57,21.89,0.77,2.37,-0.7049,0.08,8664524.0,280.845,241.338,70.6,20211214
116.4219,70.89,19.29,0.78,2.39,-0.7049,0.08,8756666.0,280.845,241.338,70.6,20211215
115.7146,72.34,20.57,0.8,2.42,-0.7049,0.08,8756666.0,280.845,241.338,70.6,20211216
115.791,70.93,21.57,0.75,2.38,-0.4984,0.08,8756666.0,280.845,241.338,70.6,20211217
116.0092,68.69,22.87,0.78,2.39,-0.4984,0.08,8756666.0,280.845,241.338,70.6,20211220
116.1089,71.1,21.01,0.78,2.44,-0.4984,0.08,8756666.0,280.845,241.338,70.6,20211221
115.7485,72.82,18.63,0.78,2.47,-0.4984,0.08,8790495.0,280.845,241.338,70.6,20211222
115.5337,73.89,17.96,0.79,2.47,-0.4984,0.08,8790495.0,280.845,241.338,70.6,20211223
115.5337,73.89,17.96,0.79,2.47,-0.5801,0.08,8790495.0,280.845,241.338,70.6,20211224
115.4684,75.49,17.68,0.72,2.5,-0.5801,0.08,8790495.0,280.845,241.338,70.6,20211227
115.4192,76.01,17.54,0.75,2.5,-0.5801,0.08,8790495.0,280.845,241.338,70.6,20211228
115.3678,76.58,16.95,0.8,2.53,-0.5801,0.08,8757460.0,280.845,241.338,70.6,20211229
115.283,76.83,17.33,0.79,2.58,-0.5801,0.08,8757460.0,280.845,241.338,70.6,20211230
115.283,75.33,17.22,0.79,2.56,-0.769,0.08,8757460.0,280.845,241.338,70.6,20211231
115.4101,75.99,16.6,0.85,2.6,-0.769,0.08,8757460.0,282.543,246.453,67.2,20220103
115.3103,77.0,16.91,0.89,2.57,-0.769,0.08,8757460.0,282.543,246.453,67.2,20220104
115.137,77.83,19.73,0.88,2.53,-0.769,0.08,8765721.0,282.543,246.453,67.2,20220105
115.4046,79.47,19.61,0.85,2.46,-0.769,0.08,8765721.0,282.543,246.453,67.2,20220106
115.0451,79.0,18.76,0.89,2.48,-0.6991,0.08,8765721.0,282.543,246.453,67.2,20220107
115.2216,78.11,19.4,0.86,2.48,-0.6991,0.08,8765721.0,282.543,246.453,67.2,20220110
114.8332,81.17,18.41,0.85,2.54,-0.6991,0.08,8765721.0,282.543,246.453,67.2,20220111
114.355,82.51,17.62,0.82,2.48,-0.6991,0.08,8788278.0,282.543,246.453,67.2,20220112
114.177,81.97,20.31,0.79,2.43,-0.6991,0.08,8788278.0,282.543,246.453,67.2,20220113
114.3825,83.82,19.19,0.79,2.44,-0.6604,0.08,8788278.0,282.543,246.453,67.2,20220114
114.3825,83.82,19.19,0.79,2.44,-0.6604,0.08,8788278.0,282.543,246.453,67.2,20220117
114.7373,85.42,22.79,0.81,2.46,-0.6604,0.08,8788278.0,282.543,246.453,67.2,20220118
114.6109,86.84,23.85,0.79,2.4,-0.6604,0.08,8867834.0,282.543,246.453,67.2,20220119
114.4642,86.29,25.59,0.75,2.33,-0.6604,0.08,8867834.0,282.543,246.453,67.2,20220120
114.6125,85.16,28.85,0.74,2.34,-0.3831,0.08,8867834.0,282.543,246.453,67.2,20220121
115.2034,84.48,29.9,0.76,2.38,-0.3831,0.08,8867834.0,282.543,246.453,67.2,20220124
115.1654,86.61,31.16,0.76,2.41,-0.3831,0.08,8867834.0,282.543,246.453,67.2,20220125
115.0922,88.33,31.96,0.72,2.38,-0.3831,0.08,8860485.0,282.543,246.453,67.2,20220126
115.978,87.61,30.49,0.63,2.4,-0.3831,0.08,8860485.0,282.543,246.453,67.2,20220127
116.0393,87.67,27.66,0.63,2.44,-0.2018,0.08,8860485.0,282.543,246.453,67.2,20220128
115.566,89.16,24.83,0.61,2.44,-0.2018,0.08,8860485.0,282.543,246.453,67.2,20220131
115.3685,88.22,21.96,0.63,2.43,-0.2018,0.08,8860485.0,284.5,252.66,62.8,20220201
115.1538,88.16,22.09,0.62,2.41,-0.2018,0.08,8873211.0,284.5,252.66,62.8,20220202
114.9065,90.17,24.35,0.63,2.38,-0.2018,0.08,8873211.0,284.5,252.66,62.8,20220203
115.1362,92.27,23.22,0.62,2.41,-0.5128,0.08,8873211.0,284.5,252.66,62.8,20220204
115.0098,91.25,22.86,0.62,2.4,-0.5128,0.08,8873211.0,284.5,252.66,62.8,20220207
115.0892,89.32,21.44,0.61,2.42,-0.5128,0.08,8873211.0,284.5,252.66,62.8,20220208
114.8232,89.57,19.96,0.58,2.42,-0.5128,0.08,8878009.0,284.5,252.66,62.8,20220209
114.5527,89.83,23.91,0.42,2.45,-0.5128,0.08,8878009.0,284.5,252.66,62.8,20220210
114.8413,93.1,27.36,0.42,2.43,-0.5846,0.08,8878009.0,284.5,252.66,62.8,20220211
115.1946,95.52,28.33,0.4,2.48,-0.5846,0.08,8878009.0,284.5,252.66,62.8,20220214
114.93,92.07,25.7,0.47,2.48,-0.5846,0.08,8878009.0,284.5,252.66,62.8,20220215
114.6886,93.83,24.29,0.51,2.46,-0.5846,0.08,8911033.0,284.5,252.66,62.8,20220216
114.6755,91.78,28.11,0.48,2.43,-0.5846,0.08,8911033.0,284.5,252.66,62.8,20220217
114.7982,91.26,27.75,0.45,2.41,-0.1647,0.08,8911033.0,284.5,252.66,62.8,20220218
114.7982,91.26,27.75,0.45,2.41,-0.1647,0.08,8911033.0,284.5,252.66,62.8,20220221
114.7002,92.11,28.81,0.38,2.45,-0.1647,0.08,8911033.0,284.5,252.66,62.8,20220222
114.6668,92.14,31.02,0.41,2.53,-0.1647,0.08,8928129.0,284.5,252.66,62.8,20220223
115.9419,92.77,30.32,0.42,2.55,-0.1647,0.08,8928129.0,284.5,252.66,62.8,20220224
115.2577,91.68,27.59,0.42,2.54,-0.0066,0.08,8928129.0,284.5,252.66,62.8,20220225
115.2224,96.13,30.15,0.39,2.62,-0.0066,0.08,8928129.0,284.5,252.66,62.8,20220228
115.7962,103.66,33.32,0.41,2.62,-0.0066,0.2,8928129.0,287.674,260.014,59.4,20220301
115.7623,110.74,30.74,0.36,2.71,-0.0066,0.2,8904455.0,287.674,260.014,59.4,20220302
115.9495,107.69,30.48,0.33,2.69,-0.0066,0.2,8904455.0,287.674,260.014,59.4,20220303
116.6503,115.77,31.98,0.24,2.67,0.2928,0.2,8904455.0,287.674,260.014,59.4,20220304
117.3278,119.26,36.45,0.23,2.77,0.2928,0.2,8904455.0,287.674,260.014,59.4,20220307
117.6176,123.64,35.13,0.23,2.9,0.2928,0.2,8904455.0,287.674,260.014,59.4,20220308
116.5961,108.81,32.45,0.26,2.84,0.2928,0.2,8910748.0,287.674,260.014,59.4,20220309
116.7401,105.93,30.23,0.26,2.86,0.2928,0.2,8910748.0,287.674,260.014,59.4,20220310
117.0192,109.31,30.75,0.25,2.94,0.1507,0.2,8910748.0,287.674,260.014,59.4,20220311
117.1506,103.22,31.77,0.27,2.93,0.1507,0.2,8910748.0,287.674,260.014,59.4,20220314
117.246,96.42,29.83,0.3,2.84,0.1507,0.2,8910748.0,287.674,260.014,59.4,20220315
116.8073,94.85,26.67,0.24,2.8,0.1507,0.2,8954306.0,287.674,260.014,59.4,20220316
116.0467,102.97,25.67,0.26,2.91,0.1507,0.2,8954306.0,287.674,260.014,59.4,20220317
116.1378,104.69,23.87,0.17,2.86,-0.3066,0.2,8954306.0,287.674,260.014,59.4,20220318
115.9398,112.14,23.53,0.18,2.9,-0.3066,0.2,8954306.0,287.674,260.014,59.4,20220321
116.0824,111.03,22.94,0.2,2.91,-0.3066,0.2,8954306.0,287.674,260.014,59.4,20220322
116.005,114.89,23.57,0.19,2.94,-0.3066,0.2,8962474.0,287.674,260.014,59.4,20220323
115.9599,114.2,21.67,0.21,2.92,-0.3066,0.2,8962474.0,287.674,260.014,59.4,20220324
115.7921,116.2,20.81,0.18,2.95,-0.6101,0.2,8962474.0,287.674,260.014,59.4,20220325
116.1911,107.55,19.63,0.11,2.95,-0.6101,0.2,8962474.0,287.674,260.014,59.4,20220328
115.5679,104.25,18.9,0.06,2.86,-0.6101,0.2,8962474.0,287.674,260.014,59.4,20220329
115.0818,107.81,19.33,0.04,2.86,-0.6101,0.2,8937142.0,287.674,260.014,59.4,20220330
115.2218,100.53,20.56,0.04,2.84,-0.6101,0.2,8937142.0,287.674,260.014,59.4,20220331
115.4814,99.32,19.63,-0.05,2.8,-0.4762,0.33,8937142.0,288.561,265.31,65.2,20220401
115.4112,103.29,18.57,-0.01,2.8,-0.4762,0.33,8937142.0,288.561,265.31,65.2,20220404
115.73,101.98,21.03,0.03,2.84,-0.4762,0.33,8937142.0,288.561,265.31,65.2,20220405
115.9995,96.39,22.1,0.11,2.83,-0.4762,0.33,8937592.0,288.561,265.31,65.2,20220406
116.3512,96.05,21.55,0.19,2.82,-0.4762,0.33,8937592.0,288.561,265.31,65.2,20220407
116.4176,98.35,21.16,0.19,2.87,-0.3694,0.33,8937592.0,288.561,265.31,65.2,20220408
116.5401,94.22,24.37,0.29,2.91,-0.3694,0.33,8937592.0,288.561,265.31,65.2,20220411
116.3866,100.52,24.26,0.33,2.86,-0.3694,0.33,8937592.0,288.561,265.31,65.2,20220412
116.2796,104.26,21.82,0.33,2.8,-0.3694,0.33,8965487.0,288.561,265.31,65.2,20220413
116.7558,106.84,22.7,0.36,2.89,-0.3694,0.33,8965487.0,288.561,265.31,65.2,20220414
116.7017,106.84,22.7,0.36,2.89,-0.2796,0.33,8965487.0,288.561,265.31,65.2,20220415
116.8441,108.24,22.17,0.39,2.92,-0.2796,0.33,8965487.0,288.561,265.31,65.2,20220418
117.1324,102.54,21.37,0.32,2.93,-0.2796,0.33,8965487.0,288.561,265.31,65.2,20220419
116.7306,102.56,20.32,0.25,2.92,-0.2796,0.33,8955851.0,288.561,265.31,65.2,20220420
117.1432,103.89,22.68,0.22,3.02,-0.2796,0.33,8955851.0,288.561,265.31,65.2,20220421
118.0186,102.86,28.21,0.18,2.98,-0.3852,0.33,8955851.0,288.561,265.31,65.2,20220422
118.6271,99.6,27.02,0.18,2.91,-0.3852,0.33,8955851.0,288.561,265.31,65.2,20220425
118.9624,102.62,33.52,0.23,2.85,-0.3852,0.33,8955851.0,288.561,265.31,65.2,20220426
119.4708,101.96,31.6,0.24,2.88,-0.3852,0.33,8939199.0,288.561,265.31,65.2,20220427
120.0675,105.47,29.99,0.22,2.97,-0.3852,0.33,8939199.0,288.561,265.31,65.2,20220428
119.4933,104.59,33.4,0.19,2.88,0.18,0.33,8939199.0,288.561,265.31,65.2,20220429
119.8825,105.18,32.34,0.26,2.81,0.18,0.77,8939199.0,291.298,273.251,58.4,20220502
119.7043,102.53,29.25,0.19,2.83,0.18,0.77,8939199.0,291.298,273.251,58.4,20220503
119.5592,107.84,25.42,0.27,2.86,0.18,0.77,8939972.0,291.298,273.251,58.4,20220504
120.0068,108.17,31.2,0.34,2.87,0.18,0.77,8939972.0,291.298,273.251,58.4,20220505
119.8577,109.72,30.19,0.4,2.86,0.2105,0.77,8939972.0,291.298,273.251,58.4,20220506
120.4972,103.08,34.75,0.44,2.75,0.2105,0.77,8939972.0,291.298,273.251,58.4,20220509
120.7742,99.74,32.99,0.37,2.65,0.2105,0.77,8939972.0,291.298,273.251,58.4,20220510
120.3925,105.5,32.56,0.25,2.7,0.2105,0.77,8942008.0,291.298,273.251,58.4,20220511
121.2796,106.15,31.77,0.28,2.59,0.2105,0.77,8942008.0,291.298,273.251,58.4,20220512
120.8442,110.52,28.87,0.32,2.69,0.5586,0.77,8942008.0,291.298,273.251,58.4,20220513
120.6881,114.07,27.47,0.3,2.68,0.5586,0.77,8942008.0,291.298,273.251,58.4,20220516
119.8871,112.31,26.1,0.27,2.71,0.5586,0.77,8942008.0,291.298,273.251,58.4,20220517
120.0274,109.67,30.96,0.21,2.72,0.5586,0.77,8945898.0,291.298,273.251,58.4,20220518
119.4278,112.21,29.35,0.21,2.59,0.5586,0.77,8945898.0,291.298,273.251,58.4,20220519
119.3677,112.63,29.43,0.18,2.55,0.304,0.77,8945898.0,291.298,273.251,58.4,20220520
118.7169,110.32,28.48,0.21,2.6,0.304,0.77,8945898.0,291.298,273.251,58.4,20220523
118.6245,112.55,29.45,0.26,2.55,0.304,0.77,8945898.0,291.298,273.251,58.4,20220524
118.9598,112.88,28.37,0.27,2.56,0.304,0.77,8914281.0,291.298,273.251,58.4,20220525
118.7687,116.19,27.5,0.29,2.62,0.304,0.77,8914281.0,291.298,273.251,58.4,20220526
118.2834,114.96,25.72,0.27,2.63,0.2777,0.77,8914281.0,291.298,273.251,58.4,20220527
118.2834,114.96,26.54,0.27,2.63,0.2777,0.77,8914281.0,291.298,273.251,58.4,20220530
118.0704,114.38,26.19,0.32,2.64,0.2777,0.77,8914281.0,291.298,273.251,58.4,20220531
118.6954,115.26,25.69,0.28,2.65,0.2777,1.21,8915050.0,294.957,280.251,50.0,20220601
118.0658,116.88,24.72,0.27,2.66,0.2777,1.21,8915050.0,294.957,280.251,50.0,20220602
118.2153,118.97,24.79,0.3,2.74,-0.1628,1.21,8915050.0,294.957,280.251,50.0,20220603
118.3081,118.41,25.07,0.31,2.76,-0.1628,1.21,8915050.0,294.957,280.251,50.0,20220606
118.4414,119.55,24.02,0.23,2.73,-0.1628,1.21,8915050.0,294.957,280.251,50.0,20220607
118.3951,121.94,23.96,0.25,2.75,-0.1628,1.21,8918254.0,294.957,280.251,50.0,20220608
118.9226,121.52,26.09,0.21,2.75,-0.1628,1.21,8918254.0,294.957,280.251,50.0,20220609
119.9981,120.73,27.75,0.09,2.76,-0.0481,1.21,8918254.0,294.957,280.251,50.0,20220610
121.1523,120.92,34.02,0.03,2.74,-0.0481,1.21,8918254.0,294.957,280.251,50.0,20220613
121.6669,118.92,32.69,0.04,2.6,-0.0481,1.21,8918254.0,294.957,280.251,50.0,20220614
121.6403,115.32,29.62,0.13,2.7,-0.0481,1.21,8932420.0,294.957,280.251,50.0,20220615
120.6714,117.56,32.95,0.14,2.62,-0.0481,1.21,8932420.0,294.957,280.251,50.0,20220616
121.2369,109.56,31.13,0.08,2.58,0.0343,1.21,8932420.0,294.957,280.251,50.0,20220617
121.2369,109.56,31.03,0.08,2.58,0.0343,1.21,8932420.0,294.957,280.251,50.0,20220620
120.6427,110.49,30.19,0.1,2.61,0.0343,1.21,8932420.0,294.957,280.251,50.0,20220621
120.5197,106.22,28.95,0.1,2.54,0.0343,1.21,8934346.0,294.957,280.251,50.0,20220622
120.7622,105.75,29.05,0.08,2.5,0.0343,1.21,8934346.0,294.957,280.251,50.0,20220623
120.4853,109.07,27.23,0.09,2.56,0.3738,1.21,8934346.0,294.957,280.251,50.0,20220624
120.1736,111.44,26.95,0.12,2.55,0.3738,1.21,8934346.0,294.957,280.251,50.0,20220627
120.62,113.66,28.36,0.1,2.48,0.3738,1.21,8934346.0,294.957,280.251,50.0,20220628
120.9616,111.65,28.16,0.04,2.36,0.3738,1.21,8913553.0,294.957,280.251,50.0,20220629
120.9652,107.76,28.71,0.06,2.33,0.3738,1.21,8913553.0,294.957,280.251,50.0,20220630
121.5058,110.3,26.7,0.04,2.34,0.6097,1.68,8913553.0,294.913,272.274,51.5,20220701
121.5058,110.3,27.53,0.04,2.34,0.6097,1.68,8913553.0,294.913,272.274,51.5,20220704
122.6203,101.55,27.54,0.0,2.3,0.6097,1.68,8913553.0,294.913,272.274,51.5,20220705
123.0073,100.31,26.73,-0.04,2.29,0.6097,1.68,8891851.0,294.913,272.274,51.5,20220706
122.7257,104.62,26.08,-0.02,2.33,0.6097,1.68,8891851.0,294.913,272.274,51.5,20220707
122.4662,106.78,24.64,-0.03,2.37,0.424,1.68,8891851.0,294.913,272.274,51.5,20220708
123.2974,106.09,26.17,-0.08,2.32,0.424,1.68,8891851.0,294.913,272.274,51.5,20220711
123.4524,97.69,27.29,-0.07,2.32,0.424,1.68,8891851.0,294.913,272.274,51.5,20220712
123.2834,98.44,26.82,-0.22,2.31,0.424,1.68,8895867.0,294.913,272.274,51.5,20220713
124.0622,97.79,26.4,-0.19,2.34,0.424,1.68,8895867.0,294.913,272.274,51.5,20220714
123.4765,99.59,24.23,-0.2,2.36,0.0645,1.68,8895867.0,294.913,272.274,51.5,20220715
122.7727,104.48,25.3,-0.19,2.37,0.0645,1.68,8895867.0,294.913,272.274,51.5,20220718
122.4819,106.12,24.5,-0.22,2.39,0.0645,1.68,8895867.0,294.913,272.274,51.5,20220719
122.5997,104.45,23.88,-0.21,2.38,0.0645,1.68,8899213.0,294.913,272.274,51.5,20220720
122.9032,98.44,23.11,-0.19,2.33,0.0645,1.68,8899213.0,294.913,272.274,51.5,20220721
122.451,97.71,23.03,-0.21,2.34,-0.2749,1.68,8899213.0,294.913,272.274,51.5,20220722
122.4594,99.83,23.36,-0.19,2.36,-0.2749,1.68,8899213.0,294.913,272.274,51.5,20220725
122.7581,97.74,24.69,-0.21,2.36,-0.2749,1.68,8899213.0,294.913,272.274,51.5,20220726
122.8169,100.03,23.24,-0.18,2.42,-0.2749,1.68,8890004.0,294.913,272.274,51.5,20220727
122.1161,99.11,22.33,-0.17,2.48,-0.2749,1.68,8890004.0,294.913,272.274,51.5,20220728
121.7678,101.31,21.33,-0.22,2.53,-0.1962,1.68,8890004.0,294.913,272.274,51.5,20220729
121.4109,96.59,22.84,-0.3,2.51,-0.1962,2.33,8890004.0,295.097,269.546,58.2,20220801
121.9486,97.14,23.93,-0.31,2.48,-0.1962,2.33,8890004.0,295.097,269.546,58.2,20220802
122.3888,93.25,21.95,-0.37,2.5,-0.1962,2.33,8874620.0,295.097,269.546,58.2,20220803
121.8333,91.29,21.44,-0.35,2.46,-0.1962,2.33,8874620.0,295.097,269.546,58.2,20220804
122.321,91.77,21.15,-0.41,2.46,-0.4844,2.33,8874620.0,295.097,269.546,58.2,20220805
121.8783,93.52,21.29,-0.44,2.48,-0.4844,2.33,8874620.0,295.097,269.546,58.2,20220808
121.8614,93.18,21.77,-0.48,2.47,-0.4844,2.33,8874620.0,295.097,269.546,58.2,20220809
120.7543,94.68,19.74,-0.45,2.43,-0.4844,2.33,8879138.0,295.097,269.546,58.2,20220810
120.7163,97.02,20.2,-0.36,2.47,-0.4844,2.33,8879138.0,295.097,269.546,58.2,20220811
121.018,94.86,19.53,-0.41,2.47,-0.4043,2.33,8879138.0,295.097,269.546,58.2,20220812
121.4315,92.24,19.95,-0.41,2.44,-0.4043,2.33,8879138.0,295.097,269.546,58.2,20220815
121.6807,89.23,19.69,-0.43,2.44,-0.4043,2.33,8879138.0,295.097,269.546,58.2,20220816
122.0711,90.85,19.9,-0.39,2.46,-0.4043,2.33,8849762.0,295.097,269.546,58.2,20220817
122.3627,93.2,19.56,-0.34,2.52,-0.4043,2.33,8849762.0,295.097,269.546,58.2,20220818
123.0501,93.55,20.6,-0.27,2.55,-0.3693,2.33,8849762.0,295.097,269.546,58.2,20220819
123.605,93.42,23.8,-0.29,2.57,-0.3693,2.33,8849762.0,295.097,269.546,58.2,20220822
123.0547,96.46,24.11,-0.24,2.58,-0.3693,2.33,8849762.0,295.097,269.546,58.2,20220823
123.109,95.52,22.82,-0.25,2.62,-0.3693,2.33,8851436.0,295.097,269.546,58.2,20220824
123.0586,93.33,21.78,-0.32,2.6,-0.3693,2.33,8851436.0,295.097,269.546,58.2,20220825
123.0656,93.63,25.56,-0.33,2.57,-0.2049,2.33,8851436.0,295.097,269.546,58.2,20220826
123.4686,97.4,26.21,-0.3,2.58,-0.2049,2.33,8851436.0,295.097,269.546,58.2,20220829
123.6848,92.08,26.21,-0.35,2.55,-0.2049,2.33,8851436.0,295.097,269.546,58.2,20220830
123.535,90.09,25.87,-0.3,2.48,-0.2049,2.33,8826093.0,295.097,269.546,58.2,20220831
124.4006,87.09,25.56,-0.25,2.45,-0.2049,2.56,8826093.0,296.349,267.898,58.6,20220901
123.7743,87.29,25.47,-0.2,2.47,-0.1366,2.56,8826093.0,296.349,267.898,58.6,20220902
123.7743,87.29,25.99,-0.2,2.47,-0.1366,2.56,8826093.0,296.349,267.898,58.6,20220905
124.767,87.35,26.91,-0.17,2.48,-0.1366,2.56,8826093.0,296.349,267.898,58.6,20220906
124.8408,82.5,24.64,-0.18,2.45,-0.1366,2.56,8822401.0,296.349,267.898,58.6,20220907
124.578,84.04,23.61,-0.19,2.41,-0.1366,2.56,8822401.0,296.349,267.898,58.6,20220908
123.7874,87.27,22.79,-0.23,2.42,-0.3103,2.56,8822401.0,296.349,267.898,58.6,20220909
123.3332,88.18,23.87,-0.21,2.42,-0.3103,2.56,8822401.0,296.349,267.898,58.6,20220912
124.4242,87.84,27.27,-0.33,2.44,-0.3103,2.56,8822401.0,296.349,267.898,58.6,20220913
124.4509,88.88,26.16,-0.37,2.46,-0.3103,2.56,8832759.0,296.349,267.898,58.6,20220914
124.8843,85.72,26.27,-0.42,2.43,-0.3103,2.56,8832759.0,296.349,267.898,58.6,20220915
124.8794,85.57,26.3,-0.4,2.38,-0.4379,2.56,8832759.0,296.349,267.898,58.6,20220916
125.0104,86.15,25.76,-0.46,2.34,-0.4379,2.56,8832759.0,296.349,267.898,58.6,20220919
125.1248,84.69,27.16,-0.39,2.4,-0.4379,2.56,8832759.0,296.349,267.898,58.6,20220920
125.7399,83.38,27.99,-0.51,2.38,-0.4379,2.56,8816802.0,296.349,267.898,58.6,20220921
126.1667,84.02,27.35,-0.41,2.41,-0.4379,2.56,8816802.0,296.349,267.898,58.6,20220922
127.2853,79.07,29.92,-0.51,2.37,0.1327,2.56,8816802.0,296.349,267.898,58.6,20220923
128.4539,77.17,32.26,-0.39,2.32,0.1327,2.56,8816802.0,296.349,267.898,58.6,20220926
128.4386,78.91,32.6,-0.33,2.33,0.1327,2.56,8816802.0,296.349,267.898,58.6,20220927
128.0884,82.61,30.18,-0.35,2.33,0.1327,2.56,8795567.0,296.349,267.898,58.6,20220928
127.5437,81.78,31.84,-0.4,2.19,0.1327,2.56,8795567.0,296.349,267.898,58.6,20220929
127.5148,79.91,31.62,-0.39,2.15,0.5215,2.56,8795567.0,296.349,267.898,58.6,20220930
127.0813,84.05,30.1,-0.45,2.24,0.5215,3.08,8795567.0,298.007,265.061,59.9,20221003
126.1819,86.87,29.07,-0.48,2.24,0.5215,3.08,8795567.0,298.007,265.061,59.9,20221004
126.8616,88.22,28.55,-0.39,2.22,0.5215,3.08,8759053.0,298.007,265.061,59.9,20221005
127.2493,88.9,30.52,-0.4,2.22,0.5215,3.08,8759053.0,298.007,265.061,59.9,20221006
127.3111,93.07,31.36,-0.41,2.27,0.1646,3.08,8759053.0,298.007,265.061,59.9,20221007
127.3111,91.6,32.45,-0.41,2.27,0.1646,3.08,8759053.0,298.007,265.061,59.9,20221010
127.6641,89.75,33.63,-0.37,2.31,0.1646,3.08,8759053.0,298.007,265.061,59.9,20221011
128.1481,87.83,33.57,-0.37,2.29,0.1646,3.08,8758969.0,298.007,265.061,59.9,20221012
127.7286,89.59,31.94,-0.5,2.34,0.1646,3.08,8758969.0,298.007,265.061,59.9,20221013
128.3325,86.1,32.02,-0.48,2.41,0.2886,3.08,8758969.0,298.007,265.061,59.9,20221014
127.6448,86.0,31.37,-0.43,2.45,0.2886,3.08,8758969.0,298.007,265.061,59.9,20221017
127.9153,83.29,30.5,-0.42,2.41,0.2886,3.08,8758969.0,298.007,265.061,59.9,20221018
128.3968,86.0,30.76,-0.41,2.42,0.2886,3.08,8743922.0,298.007,265.061,59.9,20221019
128.0052,86.02,29.98,-0.38,2.51,0.2886,3.08,8743922.0,298.007,265.061,59.9,20221020
127.6735,85.47,29.69,-0.28,2.52,-0.1479,3.08,8743922.0,298.007,265.061,59.9,20221021
128.0304,86.12,29.85,-0.25,2.59,-0.1479,3.08,8743922.0,298.007,265.061,59.9,20221024
127.3771,86.93,28.46,-0.32,2.51,-0.1479,3.08,8743922.0,298.007,265.061,59.9,20221025
126.4723,89.39,27.28,-0.35,2.44,-0.1479,3.08,8723090.0,298.007,265.061,59.9,20221026
126.7028,89.06,27.39,-0.34,2.45,-0.1479,3.08,8723090.0,298.007,265.061,59.9,20221027
127.2135,87.85,25.75,-0.39,2.51,-0.2949,3.08,8723090.0,298.007,265.061,59.9,20221028
127.6219,86.54,25.88,-0.41,2.52,-0.2949,3.08,8723090.0,298.007,265.061,59.9,20221031
127.3987,88.36,25.81,-0.47,2.51,-0.2949,3.78,8723090.0,298.786,263.157,56.7,20221101
127.3115,90.06,25.86,-0.51,2.53,-0.2949,3.78,8676870.0,298.786,263.157,56.7,20221102
128.1743,88.14,25.3,-0.57,2.4,-0.2949,3.78,8676870.0,298.786,263.157,56.7,20221103
127.1468,92.58,24.55,-0.49,2.48,-0.3882,3.78,8676870.0,298.786,263.157,56.7,20221104
126.3062,91.8,24.35,-0.5,2.53,-0.3882,3.78,8676870.0,298.786,263.157,56.7,20221107
125.633,88.8,25.54,-0.53,2.5,-0.3882,3.78,8676870.0,298.786,263.157,56.7,20221108
125.9861,85.79,26.09,-0.49,2.42,-0.3882,3.78,8678886.0,298.786,263.157,56.7,20221109
124.7044,86.52,23.53,-0.52,2.39,-0.3882,3.78,8678886.0,298.786,263.157,56.7,20221110
124.7044,89.14,22.52,-0.52,2.39,-0.324,3.78,8678886.0,298.786,263.157,56.7,20221111
123.4277,85.85,23.73,-0.52,2.37,-0.324,3.78,8678886.0,298.786,263.157,56.7,20221114
123.039,86.87,24.54,-0.57,2.35,-0.324,3.78,8678886.0,298.786,263.157,56.7,20221115
123.2817,85.62,24.11,-0.68,2.29,-0.324,3.78,8625620.0,298.786,263.157,56.7,20221116
123.977,81.69,23.93,-0.66,2.28,-0.324,3.78,8625620.0,298.786,263.157,56.7,20221117
123.8524,80.07,23.12,-0.69,2.25,-0.2283,3.78,8625620.0,298.786,263.157,56.7,20221118
124.7009,79.74,22.36,-0.65,2.31,-0.2283,3.78,8625620.0,298.786,263.157,56.7,20221121
124.2365,80.83,21.29,-0.71,2.32,-0.2283,3.78,8625620.0,298.786,263.157,56.7,20221122
123.7574,77.93,20.35,-0.75,2.32,-0.2283,3.78,8621390.0,298.786,263.157,56.7,20221123
123.7574,77.93,20.42,-0.75,2.32,-0.2283,3.78,8621390.0,298.786,263.157,56.7,20221124
123.3386,76.45,20.5,-0.74,2.32,-0.2298,3.78,8621390.0,298.786,263.157,56.7,20221125
123.6032,77.1,22.21,-0.77,2.26,-0.2298,3.78,8621390.0,298.786,263.157,56.7,20221128
123.6615,77.96,21.89,-0.73,2.25,-0.2298,3.78,8621390.0,298.786,263.157,56.7,20221129
123.5175,80.48,20.58,-0.7,2.34,-0.2298,3.78,8584576.0,298.786,263.157,56.7,20221130
122.0045,81.06,19.84,-0.72,2.36,-0.2298,4.1,8584576.0,298.832,257.897,59.8,20221201
122.0102,79.86,19.06,-0.77,2.43,-0.1193,4.1,8584576.0,298.832,257.897,59.8,20221202
122.6384,76.83,20.75,-0.81,2.39,-0.1193,4.1,8584576.0,298.832,257.897,59.8,20221205
123.0191,74.21,22.17,-0.83,2.31,-0.1193,4.1,8584576.0,298.832,257.897,59.8,20221206
122.7608,71.93,22.68,-0.84,2.26,-0.1193,4.1,8582735.0,298.832,257.897,59.8,20221207
122.4152,71.3,22.29,-0.83,2.28,-0.1193,4.1,8582735.0,298.832,257.897,59.8,20221208
122.4201,71.05,22.83,-0.76,2.26,0.1194,4.1,8582735.0,298.832,257.897,59.8,20221209
122.7714,72.96,25.0,-0.78,2.28,0.1194,4.1,8582735.0,298.832,257.897,59.8,20221212
121.8493,75.44,22.55,-0.71,2.24,0.1194,4.1,8582735.0,298.832,257.897,59.8,20221213
121.8226,77.14,21.14,-0.74,2.19,0.1194,4.1,8583413.0,298.832,257.897,59.8,20221214
122.5519,75.89,22.83,-0.79,2.16,0.1194,4.1,8583413.0,298.832,257.897,59.8,20221215
122.6505,74.19,22.62,-0.69,2.13,0.006,4.1,8583413.0,298.832,257.897,59.8,20221216
122.5275,75.05,22.42,-0.68,2.15,0.006,4.1,8583413.0,298.832,257.897,59.8,20221219
122.1357,75.92,21.48,-0.56,2.24,0.006,4.1,8583413.0,298.832,257.897,59.8,20221220
122.2828,78.17,20.07,-0.53,2.27,0.006,4.1,8564411.0,298.832,257.897,59.8,20221221
122.2419,77.68,21.97,-0.57,2.19,0.006,4.1,8564411.0,298.832,257.897,59.8,20221222
121.9743,79.57,20.87,-0.56,2.2,0.0256,4.1,8564411.0,298.832,257.897,59.8,20221223
121.9743,79.57,20.87,-0.56,2.2,0.0256,4.1,8564411.0,298.832,257.897,59.8,20221226
121.7539,79.45,21.65,-0.48,2.26,0.0256,4.1,8564411.0,298.832,257.897,59.8,20221227
122.0075,78.89,22.14,-0.43,2.28,0.0256,4.1,8551169.0,298.832,257.897,59.8,20221228
121.6577,78.43,21.44,-0.51,2.27,0.0256,4.1,8551169.0,298.832,257.897,59.8,20221229
121.4256,80.16,21.67,-0.53,2.3,-0.0389,4.1,8551169.0,298.832,257.897,59.8,20221230
121.4256,80.16,21.67,-0.53,2.3,-0.0389,4.33,8551169.0,300.42,260.227,64.9,20230102
122.0905,76.87,22.9,-0.61,2.26,-0.0389,4.33,8551169.0,300.42,260.227,64.9,20230103
121.5008,72.82,22.01,-0.67,2.22,-0.0389,4.33,8507429.0,300.42,260.227,64.9,20230104
122.1017,73.61,22.46,-0.74,2.22,-0.0389,4.33,8507429.0,300.42,260.227,64.9,20230105
121.0852,73.77,21.13,-0.69,2.21,-0.1673,4.33,8507429.0,300.42,260.227,64.9,20230106
120.1508,74.69,21.97,-0.66,2.22,-0.1673,4.33,8507429.0,300.42,260.227,64.9,20230109
120.2483,75.11,20.58,-0.63,2.24,-0.1673,4.33,8507429.0,300.42,260.227,64.9,20230110
120.1614,77.46,21.09,-0.66,2.23,-0.1673,4.33,8508587.0,300.42,260.227,64.9,20230111
119.4218,78.32,18.83,-0.69,2.21,-0.1673,4.33,8508587.0,300.42,260.227,64.9,20230112
119.1673,79.9,18.35,-0.73,2.18,-0.4254,4.33,8508587.0,300.42,260.227,64.9,20230113
119.1673,79.9,19.49,-0.73,2.18,-0.4254,4.33,8508587.0,300.42,260.227,64.9,20230116
119.2121,80.25,19.36,-0.65,2.17,-0.4254,4.33,8508587.0,300.42,260.227,64.9,20230117
119.0755,79.53,20.34,-0.69,2.12,-0.4254,4.33,8489039.0,300.42,260.227,64.9,20230118
119.6107,80.31,20.52,-0.7,2.2,-0.4254,4.33,8489039.0,300.42,260.227,64.9,20230119
119.3486,81.27,19.85,-0.66,2.23,-0.3926,4.33,8489039.0,300.42,260.227,64.9,20230120
119.1434,81.62,19.81,-0.69,2.28,-0.3926,4.33,8489039.0,300.42,260.227,64.9,20230123
119.0958,79.86,19.2,-0.66,2.27,-0.3926,4.33,8489039.0,300.42,260.227,64.9,20230124
118.9686,79.78,19.08,-0.65,2.29,-0.3926,4.33,8470557.0,300.42,260.227,64.9,20230125
119.021,80.64,18.73,-0.68,2.33,-0.3926,4.33,8470557.0,300.42,260.227,64.9,20230126
118.9223,79.73,18.51,-0.67,2.33,-0.512,4.33,8470557.0,300.42,260.227,64.9,20230127
118.8953,77.97,19.94,-0.7,2.29,-0.512,4.33,8470557.0,300.42,260.227,64.9,20230130
118.9802,78.95,19.4,-0.69,2.24,-0.512,4.33,8470557.0,300.42,260.227,64.9,20230131
118.6259,76.34,17.87,-0.7,2.25,-0.512,4.57,8433610.0,301.45,258.669,66.9,20230201
118.3421,75.87,18.73,-0.69,2.22,-0.512,4.57,8433610.0,301.45,258.669,66.9,20230202
119.5095,73.4,18.33,-0.77,2.22,-0.5523,4.57,8433610.0,301.45,258.669,66.9,20230203
120.541,74.11,19.43,-0.81,2.25,-0.5523,4.57,8433610.0,301.45,258.669,66.9,20230206
120.3475,77.17,18.66,-0.8,2.31,-0.5523,4.57,8433610.0,301.45,258.669,66.9,20230207
120.1436,78.47,19.63,-0.82,2.34,-0.5523,4.57,8435369.0,301.45,258.669,66.9,20230208
119.9781,78.04,20.71,-0.81,2.33,-0.5523,4.57,8435369.0,301.45,258.669,66.9,20230209
120.1419,79.74,20.53,-0.76,2.33,-0.6106,4.57,8435369.0,301.45,258.669,66.9,20230210
119.9828,80.14,20.34,-0.8,2.31,-0.6106,4.57,8435369.0,301.45,258.669,66.9,20230213
119.9229,79.08,18.91,-0.83,2.31,-0.6106,4.57,8435369.0,301.45,258.669,66.9,20230214
120.4557,78.57,18.23,-0.81,2.35,-0.6106,4.57,8384767.0,301.45,258.669,66.9,20230215
120.4651,78.45,20.17,-0.76,2.37,-0.6106,4.57,8384767.0,301.45,258.669,66.9,20230216
120.5526,76.31,20.02,-0.78,2.36,-0.4697,4.57,8384767.0,301.45,258.669,66.9,20230217
120.5526,76.31,21.23,-0.78,2.36,-0.4697,4.57,8384767.0,301.45,258.669,66.9,20230220
120.6256,76.28,22.87,-0.72,2.42,-0.4697,4.57,8384767.0,301.45,258.669,66.9,20230221
120.8389,73.95,22.29,-0.73,2.41,-0.4697,4.57,8382190.0,301.45,258.669,66.9,20230222
121.0896,75.26,21.14,-0.78,2.39,-0.4697,4.57,8382190.0,301.45,258.669,66.9,20230223
121.5681,76.19,21.67,-0.83,2.38,-0.2318,4.57,8382190.0,301.45,258.669,66.9,20230224
121.3941,75.57,20.95,-0.86,2.36,-0.2318,4.57,8382190.0,301.45,258.669,66.9,20230227
121.3341,76.88,20.7,-0.89,2.43,-0.2318,4.57,8382190.0,301.45,258.669,66.9,20230228
120.6347,77.57,20.58,-0.88,2.44,-0.2318,4.65,8339684.0,301.821,257.062,62.0,20230301
121.1302,78.05,19.59,-0.81,2.48,-0.2318,4.65,8339684.0,301.821,257.062,62.0,20230302
120.7742,79.62,18.49,-0.89,2.52,-0.4482,4.65,8339684.0,301.821,257.062,62.0,20230303
120.485,80.39,18.61,-0.91,2.49,-0.4482,4.65,8339684.0,301.821,257.062,62.0,20230306
121.4623,77.45,19.59,-1.03,2.38,-0.4482,4.65,8339684.0,301.821,257.062,62.0,20230307
121.4511,76.56,19.11,-1.07,2.32,-0.4482,4.65,8342283.0,301.821,257.062,62.0,20230308
121.4458,75.6,22.61,-0.97,2.3,-0.4482,4.65,8342283.0,301.821,257.062,62.0,20230309
121.2421,76.55,24.8,-0.9,2.26,-0.0905,4.65,8342283.0,301.821,257.062,62.0,20230310
120.8897,74.68,26.52,-0.48,2.24,-0.0905,4.65,8342283.0,301.821,257.062,62.0,20230313
121.0141,71.18,23.73,-0.56,2.31,-0.0905,4.65,8342283.0,301.821,257.062,62.0,20230314
122.1079,67.38,26.14,-0.42,2.29,-0.0905,4.65,8639300.0,301.821,257.062,62.0,20230315
121.7221,68.15,22.99,-0.58,2.22,-0.0905,4.65,8639300.0,301.821,257.062,62.0,20230316
121.5643,66.61,25.51,-0.42,2.1,1.0967,4.65,8639300.0,301.821,257.062,62.0,20230317
121.0141,67.56,24.15,-0.45,2.14,1.0967,4.65,8639300.0,301.821,257.062,62.0,20230320
120.8958,69.4,21.38,-0.58,2.23,1.0967,4.65,8639300.0,301.821,257.062,62.0,20230321
120.6217,70.71,22.26,-0.48,2.28,1.0967,4.65,8733787.0,301.821,257.062,62.0,20230322
119.7587,69.77,22.61,-0.38,2.19,1.0967,4.65,8733787.0,301.821,257.062,62.0,20230323
120.4598,69.22,21.74,-0.38,2.22,0.2663,4.65,8733787.0,301.821,257.062,62.0,20230324
120.2541,72.87,20.6,-0.41,2.24,0.2663,4.65,8733787.0,301.821,257.062,62.0,20230327
119.7138,73.12,19.97,-0.47,2.31,0.2663,4.65,8733787.0,301.821,257.062,62.0,20230328
119.7258,72.95,19.12,-0.51,2.33,0.2663,4.65,8705942.0,301.821,257.062,62.0,20230329
119.4078,74.32,19.02,-0.55,2.34,0.2663,4.65,8705942.0,301.821,257.062,62.0,20230330
119.3602,75.68,18.7,-0.58,2.32,-0.2728,4.65,8705942.0,301.821,257.062,62.0,20230331
119.3204,80.4,18.55,-0.54,2.29,-0.2728,4.83,8705942.0,302.845,256.908,63.7,20230403
119.142,80.7,19.0,-0.49,2.25,-0.2728,4.83,8705942.0,302.845,256.908,63.7,20230404
119.2953,80.69,19.08,-0.49,2.23,-0.2728,4.83,8632384.0,302.845,256.908,63.7,20230405
119.3072,80.7,18.4,-0.52,2.24,-0.2728,4.83,8632384.0,302.845,256.908,63.7,20230406
119.3547,80.7,18.4,-0.58,2.25,-0.0976,4.83,8632384.0,302.845,256.908,63.7,20230407
119.7948,79.79,18.97,-0.59,2.27,-0.0976,4.83,8632384.0,302.845,256.908,63.7,20230410
119.5248,81.54,19.1,-0.6,2.29,-0.0976,4.83,8632384.0,302.845,256.908,63.7,20230411
119.003,83.26,19.09,-0.54,2.27,-0.0976,4.83,8614797.0,302.845,256.908,63.7,20230412
118.3915,82.16,17.8,-0.51,2.29,-0.0976,4.83,8614797.0,302.845,256.908,63.7,20230413
118.8567,82.58,17.07,-0.56,2.3,-0.485,4.83,8614797.0,302.845,256.908,63.7,20230414
119.2787,80.93,16.95,-0.58,2.32,-0.485,4.83,8614797.0,302.845,256.908,63.7,20230417
119.1049,80.85,16.83,-0.61,2.28,-0.485,4.83,8614797.0,302.845,256.908,63.7,20230418
119.303,79.18,16.46,-0.64,2.28,-0.485,4.83,8593263.0,302.845,256.908,63.7,20230419
119.1199,77.27,17.17,-0.6,2.26,-0.485,4.83,8593263.0,302.845,256.908,63.7,20230420
119.3117,77.86,16.77,-0.6,2.28,-0.6587,4.83,8593263.0,302.845,256.908,63.7,20230421
119.2039,78.64,16.89,-0.6,2.28,-0.6587,4.83,8593263.0,302.845,256.908,63.7,20230424
119.613,77.05,18.76,-0.46,2.25,-0.6587,4.83,8593263.0,302.845,256.908,63.7,20230425
119.3228,74.33,18.84,-0.47,2.25,-0.6587,4.83,8562768.0,302.845,256.908,63.7,20230426
119.4298,74.77,17.03,-0.54,2.27,-0.6587,4.83,8562768.0,302.845,256.908,63.7,20230427
119.2248,76.78,15.78,-0.6,2.18,-0.2937,4.83,8562768.0,302.845,256.908,63.7,20230428
119.4435,75.65,16.08,-0.55,2.23,-0.2937,5.06,8562768.0,303.334,253.67,59.0,20230501
119.6105,71.71,17.78,-0.53,2.2,-0.2937,5.06,8562768.0,303.334,253.67,59.0,20230502
119.1233,68.62,18.34,-0.51,2.2,-0.2937,5.06,8503994.0,303.334,253.67,59.0,20230503
119.0465,68.52,20.09,-0.38,2.19,-0.2937,5.06,8503994.0,303.334,253.67,59.0,20230504
118.5548,71.32,17.19,-0.48,2.21,-0.3324,5.06,8503994.0,303.334,253.67,59.0,20230505
118.5759,73.13,16.98,-0.48,2.23,-0.3324,5.06,8503994.0,303.334,253.67,59.0,20230508
118.8239,73.68,17.71,-0.48,2.23,-0.3324,5.06,8503994.0,303.334,253.67,59.0,20230509
118.5864,72.53,16.94,-0.47,2.17,-0.3324,5.06,8503017.0,303.334,253.67,59.0,20230510
119.0303,70.81,16.93,-0.5,2.16,-0.3324,5.06,8503017.0,303.334,253.67,59.0,20230511
119.3671,70.02,17.03,-0.52,2.18,-0.5124,5.06,8503017.0,303.334,253.67,59.0,20230512
119.1608,71.07,17.12,-0.49,2.19,-0.5124,5.06,8503017.0,303.334,253.67,59.0,20230515
119.1743,70.85,17.99,-0.52,2.19,-0.5124,5.06,8503017.0,303.334,253.67,59.0,20230516
119.607,72.78,16.87,-0.55,2.22,-0.5124,5.06,8456760.0,303.334,253.67,59.0,20230517
120.0886,71.82,16.05,-0.59,2.23,-0.5124,5.06,8456760.0,303.334,253.67,59.0,20230518
119.7751,71.57,16.81,-0.58,2.24,-0.4453,5.06,8456760.0,303.334,253.67,59.0,20230519
120.0875,71.81,17.21,-0.57,2.24,-0.4453,5.06,8456760.0,303.334,253.67,59.0,20230522
120.3204,72.87,18.53,-0.56,2.26,-0.4453,5.06,8456760.0,303.334,253.67,59.0,20230523
120.4752,74.37,20.03,-0.58,2.25,-0.4453,5.06,8436255.0,303.334,253.67,59.0,20230524
120.8413,71.68,19.14,-0.67,2.25,-0.4453,5.06,8436255.0,303.334,253.67,59.0,20230525
120.6304,72.35,17.95,-0.74,2.23,-0.3227,5.06,8436255.0,303.334,253.67,59.0,20230526
120.6304,72.35,17.46,-0.74,2.23,-0.3227,5.06,8436255.0,303.334,253.67,59.0,20230529
120.5546,69.45,17.46,-0.77,2.22,-0.3227,5.06,8436255.0,303.334,253.67,59.0,20230530
120.9662,68.11,17.94,-0.76,2.18,-0.3227,5.06,8385854.0,303.334,253.67,59.0,20230531
120.0491,70.09,15.65,-0.72,2.16,-0.3227,5.08,8385854.0,304.014,253.86,64.2,20230601
120.0049,71.76,14.6,-0.81,2.18,-0.4725,5.08,8385854.0,304.014,253.86,64.2,20230602
120.0048,72.14,14.73,-0.77,2.19,-0.4725,5.08,8385854.0,304.014,253.86,64.2,20230605
119.9718,71.71,13.96,-0.81,2.2,-0.4725,5.08,8385854.0,304.014,253.86,64.2,20230606
119.859,72.52,13.94,-0.77,2.21,-0.4725,5.08,8389325.0,304.014,253.86,64.2,20230607
119.5712,71.28,13.65,-0.79,2.2,-0.4725,5.08,8389325.0,304.014,253.86,64.2,20230608
119.4322,70.16,13.83,-0.84,2.2,-0.6981,5.08,8389325.0,304.014,253.86,64.2,20230609
119.6376,67.08,15.01,-0.82,2.17,-0.6981,5.08,8389325.0,304.014,253.86,64.2,20230612
119.1899,69.39,14.61,-0.83,2.2,-0.6981,5.08,8389325.0,304.014,253.86,64.2,20230613
118.776,68.22,13.88,-0.91,2.21,-0.6981,5.08,8388323.0,304.014,253.86,64.2,20230614
118.5521,70.61,14.5,-0.9,2.21,-0.6981,5.08,8388323.0,304.014,253.86,64.2,20230615
118.4184,71.81,13.54,-0.93,2.22,-0.6126,5.08,8388323.0,304.014,253.86,64.2,20230616
118.4184,71.81,14.19,-0.93,2.22,-0.6126,5.08,8388323.0,304.014,253.86,64.2,20230619
118.938,70.94,13.88,-0.94,2.22,-0.6126,5.08,8388323.0,304.014,253.86,64.2,20230620
118.727,72.55,13.2,-0.96,2.21,-0.6126,5.08,8362060.0,304.014,253.86,64.2,20230621
118.7552,69.22,12.91,-0.97,2.24,-0.6126,5.08,8362060.0,304.014,253.86,64.2,20230622
119.152,68.91,13.44,-0.97,2.21,-0.5894,5.08,8362060.0,304.014,253.86,64.2,20230623
119.0761,69.09,14.25,-0.93,2.18,-0.5894,5.08,8362060.0,304.014,253.86,64.2,20230626
118.8949,67.68,13.74,-0.97,2.2,-0.5894,5.08,8362060.0,304.014,253.86,64.2,20230627
119.3382,69.54,13.43,-1.0,2.18,-0.5894,5.08,8340914.0,304.014,253.86,64.2,20230628
119.527,69.85,13.54,-1.02,2.2,-0.5894,5.08,8340914.0,304.014,253.86,64.2,20230629
119.3606,70.66,13.59,-1.06,2.22,-0.6975,5.08,8340914.0,304.014,253.86,64.2,20230630
119.2119,69.71,13.57,-1.08,2.25,-0.6975,5.12,8340914.0,304.609,253.835,71.5,20230703
119.2119,69.71,13.7,-1.08,2.25,-0.6975,5.12,8340914.0,304.609,253.835,71.5,20230704
119.3483,71.78,14.18,-0.99,2.26,-0.6975,5.12,8298312.0,304.609,253.835,71.5,20230705
119.8193,71.76,15.44,-0.94,2.27,-0.6975,5.12,8298312.0,304.609,253.835,71.5,20230706
119.0761,73.91,14.83,-0.88,2.27,-0.7499,5.12,8298312.0,304.609,253.835,71.5,20230707
118.9548,73.05,15.07,-0.84,2.25,-0.7499,5.12,8298312.0,304.609,253.835,71.5,20230710
118.7344,74.87,14.84,-0.89,2.24,-0.7499,5.12,8298312.0,304.609,253.835,71.5,20230711
117.6385,75.77,13.54,-0.86,2.26,-0.7499,5.12,8296923.0,304.609,253.835,71.5,20230712
117.1831,76.86,13.61,-0.83,2.24,-0.7499,5.12,8296923.0,304.609,253.835,71.5,20230713
117.0463,75.44,13.34,-0.91,2.24,-0.695,5.12,8296923.0,304.609,253.835,71.5,20230714
117.1267,74.17,13.48,-0.93,2.25,-0.695,5.12,8296923.0,304.609,253.835,71.5,20230717
117.0264,75.76,13.3,-0.94,2.23,-0.695,5.12,8296923.0,304.609,253.835,71.5,20230718
117.3462,75.4,13.76,-0.99,2.22,-0.695,5.12,8274552.0,304.609,253.835,71.5,20230719
117.5947,75.65,13.99,-0.95,2.35,-0.695,5.12,8274552.0,304.609,253.835,71.5,20230720
117.9418,77.06,13.6,-0.98,2.35,-0.7387,5.12,8274552.0,304.609,253.835,71.5,20230721
117.8124,78.81,13.91,-0.95,2.38,-0.7387,5.12,8274552.0,304.609,253.835,71.5,20230724
117.8565,79.76,13.86,-0.94,2.39,-0.7387,5.12,8274552.0,304.609,253.835,71.5,20230725
117.76,79.11,13.19,-0.96,2.36,-0.7387,5.12,8243344.0,304.609,253.835,71.5,20230726
117.8938,80.17,14.41,-0.9,2.37,-0.7387,5.12,8243344.0,304.609,253.835,71.5,20230727
117.788,80.55,13.33,-0.91,2.38,-0.7598,5.12,8243344.0,304.609,253.835,71.5,20230728
117.8241,81.8,13.63,-0.91,2.37,-0.7598,5.12,8243344.0,304.609,253.835,71.5,20230731
118.5738,81.37,13.93,-0.87,2.37,-0.7598,5.33,8243344.0,306.082,257.68,69.4,20230801
119.1268,79.5,16.09,-0.8,2.36,-0.7598,5.33,8206764.0,306.082,257.68,69.4,20230802
119.3963,81.56,15.92,-0.7,2.37,-0.7598,5.33,8206764.0,306.082,257.68,69.4,20230803
118.821,82.76,17.1,-0.73,2.38,-0.7175,5.33,8206764.0,306.082,257.68,69.4,20230804
119.0809,81.94,15.77,-0.67,2.41,-0.7175,5.33,8206764.0,306.082,257.68,69.4,20230807
119.6407,82.94,15.99,-0.72,2.36,-0.7175,5.33,8206764.0,306.082,257.68,69.4,20230808
119.476,84.35,15.96,-0.79,2.34,-0.7175,5.33,8208241.0,306.082,257.68,69.4,20230809
119.1581,82.81,15.85,-0.73,2.33,-0.7175,5.33,8208241.0,306.082,257.68,69.4,20230810
119.6268,83.17,14.84,-0.73,2.36,-0.6599,5.33,8208241.0,306.082,257.68,69.4,20230811
120.0725,82.5,14.82,-0.77,2.36,-0.6599,5.33,8208241.0,306.082,257.68,69.4,20230814
120.2127,81.06,16.46,-0.71,2.32,-0.6599,5.33,8208241.0,306.082,257.68,69.4,20230815
120.3551,79.4,16.78,-0.69,2.32,-0.6599,5.33,8145727.0,306.082,257.68,69.4,20230816
120.5242,80.43,17.89,-0.64,2.33,-0.6599,5.33,8145727.0,306.082,257.68,69.4,20230817
120.4321,81.25,17.3,-0.66,2.32,-0.621,5.33,8145727.0,306.082,257.68,69.4,20230818
120.4627,80.71,17.13,-0.63,2.34,-0.621,5.33,8145727.0,306.082,257.68,69.4,20230821
120.3554,80.25,16.97,-0.68,2.35,-0.621,5.33,8145727.0,306.082,257.68,69.4,20230822
120.0307,78.91,15.98,-0.76,2.35,-0.621,5.33,8139066.0,306.082,257.68,69.4,20230823
120.2354,79.52,17.2,-0.75,2.32,-0.621,5.33,8139066.0,306.082,257.68,69.4,20230824
120.5137,80.47,15.68,-0.78,2.33,-0.6806,5.33,8139066.0,306.082,257.68,69.4,20230825
120.3155,80.65,15.08,-0.78,2.3,-0.6806,5.33,8139066.0,306.082,257.68,69.4,20230828
120.2669,81.14,14.45,-0.75,2.29,-0.6806,5.33,8139066.0,306.082,257.68,69.4,20230829
119.7937,81.64,13.88,-0.78,2.26,-0.6806,5.33,8121316.0,306.082,257.68,69.4,20230830
120.225,83.55,13.57,-0.76,2.24,-0.6806,5.33,8121316.0,306.082,257.68,69.4,20230831
120.759,85.52,13.09,-0.69,2.26,-0.6939,5.33,8121316.0,307.276,258.934,67.8,20230901
120.759,85.52,13.82,-0.69,2.26,-0.6939,5.33,8121316.0,307.276,258.934,67.8,20230904
121.4345,86.74,14.01,-0.67,2.29,-0.6939,5.33,8121316.0,307.276,258.934,67.8,20230905
121.8671,87.55,14.45,-0.71,2.3,-0.6939,5.33,8101318.0,307.276,258.934,67.8,20230906
121.9528,86.87,14.4,-0.67,2.32,-0.6939,5.33,8101318.0,307.276,258.934,67.8,20230907
121.9475,87.51,13.84,-0.72,2.33,-0.7151,5.33,8101318.0,307.276,258.934,67.8,20230908
121.3386,87.3,13.8,-0.68,2.35,-0.7151,5.33,8101318.0,307.276,258.934,67.8,20230911
121.2913,88.87,14.23,-0.71,2.34,-0.7151,5.33,8101318.0,307.276,258.934,67.8,20230912
121.0549,88.59,13.48,-0.71,2.35,-0.7151,5.33,8098779.0,307.276,258.934,67.8,20230913
121.2395,90.13,12.82,-0.71,2.34,-0.7151,5.33,8098779.0,307.276,258.934,67.8,20230914
121.199,90.83,13.79,-0.69,2.35,-0.7134,5.33,8098779.0,307.276,258.934,67.8,20230915
121.1938,91.47,14.0,-0.73,2.36,-0.7134,5.33,8098779.0,307.276,258.934,67.8,20230918
121.1645,91.16,14.11,-0.71,2.37,-0.7134,5.33,8098779.0,307.276,258.934,67.8,20230919
120.9648,89.2,15.14,-0.77,2.35,-0.7134,5.33,8024090.0,307.276,258.934,67.8,20230920
121.5528,89.56,17.54,-0.63,2.38,-0.7134,5.33,8024090.0,307.276,258.934,67.8,20230921
121.5306,90.0,17.2,-0.66,2.37,-0.7185,5.33,8024090.0,307.276,258.934,67.8,20230922
122.1143,89.68,16.9,-0.54,2.37,-0.7185,5.33,8024090.0,307.276,258.934,67.8,20230925
122.4742,91.43,18.94,-0.48,2.33,-0.7185,5.33,8024090.0,307.276,258.934,67.8,20230926
122.9895,93.67,18.22,-0.49,2.34,-0.7185,5.33,8002064.0,307.276,258.934,67.8,20230927
122.5342,91.65,17.34,-0.45,2.39,-0.7185,5.33,8002064.0,307.276,258.934,67.8,20230928
122.3077,90.77,17.52,-0.44,2.35,-0.4978,5.33,8002064.0,307.276,258.934,67.8,20230929
123.0545,88.81,17.61,-0.43,2.35,-0.4978,5.33,8002064.0,307.696,255.192,63.8,20231002
123.7848,89.26,19.78,-0.34,2.36,-0.4978,5.33,8002064.0,307.696,255.192,63.8,20231003
123.5946,84.32,18.58,-0.32,2.33,-0.4978,5.33,7955782.0,307.696,255.192,63.8,20231004
123.8993,82.3,18.49,-0.31,2.31,-0.4978,5.33,7955782.0,307.696,255.192,63.8,20231005
123.3563,82.83,17.45,-0.3,2.31,-0.4264,5.33,7955782.0,307.696,255.192,63.8,20231006
123.3563,82.83,17.7,-0.3,2.31,-0.4264,5.33,7955782.0,307.696,255.192,63.8,20231009
122.9282,85.89,17.03,-0.3,2.32,-0.4264,5.33,7955782.0,307.696,255.192,63.8,20231010
122.7697,83.7,16.09,-0.41,2.32,-0.4264,5.33,7952054.0,307.696,255.192,63.8,20231011
123.2101,82.87,16.69,-0.36,2.34,-0.4264,5.33,7952054.0,307.696,255.192,63.8,20231012
123.5954,87.67,19.32,-0.41,2.34,-0.5411,5.33,7952054.0,307.696,255.192,63.8,20231013
123.3185,86.65,17.21,-0.38,2.38,-0.5411,5.33,7952054.0,307.696,255.192,63.8,20231016
123.1202,86.66,17.88,-0.36,2.41,-0.5411,5.33,7952054.0,307.696,255.192,63.8,20231017
123.8148,88.35,19.22,-0.28,2.44,-0.5411,5.33,7933162.0,307.696,255.192,63.8,20231018
123.798,89.35,21.4,-0.16,2.49,-0.5411,5.33,7933162.0,307.696,255.192,63.8,20231019
123.612,89.12,21.71,-0.14,2.47,-0.3271,5.33,7933162.0,307.696,255.192,63.8,20231020
123.2846,85.49,20.37,-0.19,2.41,-0.3271,5.33,7933162.0,307.696,255.192,63.8,20231023
123.6416,84.58,18.97,-0.19,2.4,-0.3271,5.33,7933162.0,307.696,255.192,63.8,20231024
123.7871,86.07,20.19,-0.13,2.43,-0.3271,5.33,7907830.0,307.696,255.192,63.8,20231025
124.0064,83.8,20.68,-0.16,2.42,-0.3271,5.33,7907830.0,307.696,255.192,63.8,20231026
123.62,86.04,21.27,-0.15,2.42,-0.3481,5.33,7907830.0,307.696,255.192,63.8,20231027
123.4076,83.03,19.75,-0.15,2.44,-0.3481,5.33,7907830.0,307.696,255.192,63.8,20231030
123.8364,81.64,18.14,-0.19,2.42,-0.3481,5.33,7907830.0,307.696,255.192,63.8,20231031
123.7922,81.05,16.87,-0.18,2.41,-0.3481,5.33,7866664.0,308.148,252.856,61.3,20231101
122.8818,83.04,15.66,-0.31,2.4,-0.3481,5.33,7866664.0,308.148,252.856,61.3,20231102
121.7564,81.19,14.91,-0.26,2.39,-0.6078,5.33,7866664.0,308.148,252.856,61.3,20231103
121.6484,81.54,14.89,-0.26,2.42,-0.6078,5.33,7866664.0,308.148,252.856,61.3,20231106
122.0777,77.96,14.81,-0.33,2.39,-0.6078,5.33,7866664.0,308.148,252.856,61.3,20231107
122.0926,75.85,14.45,-0.44,2.34,-0.6078,5.33,7860691.0,308.148,252.856,61.3,20231108
122.1281,76.34,15.29,-0.41,2.33,-0.6078,5.33,7860691.0,308.148,252.856,61.3,20231109
122.1281,76.34,14.17,-0.43,2.32,-0.7328,5.33,7860691.0,308.148,252.856,61.3,20231110
122.4264,78.86,14.76,-0.39,2.31,-0.7328,5.33,7860691.0,308.148,252.856,61.3,20231113
121.35,78.9,14.16,-0.36,2.28,-0.7328,5.33,7860691.0,308.148,252.856,61.3,20231114
121.0749,77.15,14.18,-0.37,2.31,-0.7328,5.33,7814991.0,308.148,252.856,61.3,20231115
121.1754,73.5,14.32,-0.38,2.27,-0.7328,5.33,7814991.0,308.148,252.856,61.3,20231116
120.8477,76.47,13.8,-0.44,2.28,-0.6242,5.33,7814991.0,308.148,252.856,61.3,20231117
120.2533,78.1,13.41,-0.47,2.3,-0.6242,5.33,7814991.0,308.148,252.856,61.3,20231120
120.2241,78.35,13.35,-0.45,2.25,-0.6242,5.33,7814991.0,308.148,252.856,61.3,20231121
120.6802,76.8,12.85,-0.47,2.26,-0.6242,5.33,7810814.0,308.148,252.856,61.3,20231122
120.6802,76.8,12.8,-0.47,2.26,-0.6242,5.33,7810814.0,308.148,252.856,61.3,20231123
120.2105,74.83,12.46,-0.45,2.26,-0.7353,5.33,7810814.0,308.148,252.856,61.3,20231124
120.173,74.46,12.69,-0.45,2.21,-0.7353,5.33,7810814.0,308.148,252.856,61.3,20231127
119.5904,76.09,12.69,-0.39,2.22,-0.7353,5.33,7810814.0,308.148,252.856,61.3,20231128
119.8159,77.56,12.98,-0.37,2.21,-0.7353,5.33,7796145.0,308.148,252.856,61.3,20231129
120.2434,75.66,12.92,-0.36,2.23,-0.7353,5.33,7796145.0,308.148,252.856,61.3,20231130
119.9424,73.7,12.63,-0.34,2.22,-0.5348,5.33,7796145.0,308.741,249.866,69.7,20231201
120.4727,72.73,13.08,-0.36,2.21,-0.5348,5.33,7796145.0,308.741,249.866,69.7,20231204
120.7913,71.95,12.85,-0.39,2.17,-0.5348,5.33,7796145.0,308.741,249.866,69.7,20231205
120.5334,68.98,12.97,-0.48,2.14,-0.5348,5.33,7737385.0,308.741,249.866,69.7,20231206
120.6013,69.0,13.06,-0.44,2.17,-0.5348,5.33,7737385.0,308.741,249.866,69.7,20231207
120.7607,70.87,12.35,-0.48,2.21,-0.5022,5.33,7737385.0,308.741,249.866,69.7,20231208
120.9279,70.95,12.63,-0.48,2.19,-0.5022,5.33,7737385.0,308.741,249.866,69.7,20231211
120.6817,68.27,12.07,-0.53,2.16,-0.5022,5.33,7737385.0,308.741,249.866,69.7,20231212
121.1571,69.09,12.19,-0.42,2.16,-0.5022,5.33,7739566.0,308.741,249.866,69.7,20231213
119.5683,71.21,12.48,-0.45,2.22,-0.5022,5.33,7739566.0,308.741,249.866,69.7,20231214
119.7382,71.05,12.28,-0.53,2.22,-0.611,5.33,7739566.0,308.741,249.866,69.7,20231215
119.9102,72.16,12.56,-0.48,2.21,-0.611,5.33,7739566.0,308.741,249.866,69.7,20231218
119.4632,73.23,12.53,-0.48,2.19,-0.611,5.33,7739566.0,308.741,249.866,69.7,20231219
119.5435,73.87,13.67,-0.48,2.19,-0.611,5.33,7724063.0,308.741,249.866,69.7,20231220
119.3168,73.59,13.65,-0.44,2.19,-0.611,5.33,7724063.0,308.741,249.866,69.7,20231221
119.0625,73.29,13.03,-0.41,2.19,-0.4388,5.33,7724063.0,308.741,249.866,69.7,20231222
119.0625,73.29,13.03,-0.41,2.19,-0.4388,5.33,7724063.0,308.741,249.866,69.7,20231225
118.8875,75.84,12.99,-0.37,2.18,-0.4388,5.33,7724063.0,308.741,249.866,69.7,20231226
118.4729,74.31,12.43,-0.41,2.15,-0.4388,5.33,7712781.0,308.741,249.866,69.7,20231227
118.4104,72.02,12.47,-0.42,2.16,-0.4388,5.33,7712781.0,308.741,249.866,69.7,20231228
118.4208,71.89,12.45,-0.35,2.16,-0.4192,5.33,7712781.0,308.741,249.866,69.7,20231229
118.4208,71.89,12.45,-0.35,2.16,-0.4192,5.33,7712781.0,309.698,251.306,79.0,20240101
119.2686,70.62,13.2,-0.38,2.21,-0.4192,5.33,7712781.0,309.698,251.306,79.0,20240102
119.6958,72.97,14.04,-0.42,2.2,-0.4192,5.33,7681024.0,309.698,251.306,79.0,20240103
119.6208,72.38,14.13,-0.39,2.22,-0.4192,5.33,7681024.0,309.698,251.306,79.0,20240104
119.388,74.0,13.35,-0.35,2.22,-0.5564,5.33,7681024.0,309.698,251.306,79.0,20240105
119.2506,71.06,13.08,-0.35,2.22,-0.5564,5.33,7681024.0,309.698,251.306,79.0,20240108
119.6666,72.43,12.76,-0.34,2.22,-0.5564,5.33,7681024.0,309.698,251.306,79.0,20240109
119.7614,71.57,12.69,-0.33,2.22,-0.5564,5.33,7686710.0,309.698,251.306,79.0,20240110
119.8916,72.15,12.44,-0.28,2.22,-0.5564,5.33,7686710.0,309.698,251.306,79.0,20240111
119.534,72.94,12.7,-0.18,2.27,-0.7105,5.33,7686710.0,309.698,251.306,79.0,20240112
119.534,72.94,13.25,-0.18,2.27,-0.7105,5.33,7686710.0,309.698,251.306,79.0,20240115
120.5759,72.63,13.84,-0.15,2.3,-0.7105,5.33,7686710.0,309.698,251.306,79.0,20240116
121.0402,72.79,14.79,-0.24,2.3,-0.7105,5.33,7673741.0,309.698,251.306,79.0,20240117
120.8895,74.32,14.13,-0.2,2.34,-0.7105,5.33,7673741.0,309.698,251.306,79.0,20240118
120.6442,73.69,13.3,-0.24,2.34,-0.8077,5.33,7673741.0,309.698,251.306,79.0,20240119
120.6178,75.26,13.19,-0.26,2.31,-0.8077,5.33,7673741.0,309.698,251.306,79.0,20240122
121.1001,74.72,12.55,-0.17,2.29,-0.8077,5.33,7673741.0,309.698,251.306,79.0,20240123
120.4916,75.48,13.14,-0.16,2.3,-0.8077,5.33,7677230.0,309.698,251.306,79.0,20240124
120.8311,77.91,13.45,-0.14,2.29,-0.8077,5.33,7677230.0,309.698,251.306,79.0,20240125
120.6173,78.45,13.26,-0.19,2.3,-0.8334,5.33,7677230.0,309.698,251.306,79.0,20240126
120.8538,77.25,13.6,-0.21,2.3,-0.8334,5.33,7677230.0,309.698,251.306,79.0,20240129
120.6025,78.3,13.31,-0.3,2.26,-0.8334,5.33,7677230.0,309.698,251.306,79.0,20240130
120.4331,76.28,14.35,-0.28,2.26,-0.8334,5.33,7630124.0,309.698,251.306,79.0,20240131
120.3335,74.36,13.88,-0.33,2.19,-0.8334,5.33,7630124.0,310.967,254.926,76.9,20240201
120.902,72.72,13.85,-0.33,2.21,-0.7574,5.33,7630124.0,310.967,254.926,76.9,20240202
121.349,73.21,13.67,-0.29,2.27,-0.7574,5.33,7630124.0,310.967,254.926,76.9,20240205
120.9588,73.83,13.06,-0.3,2.24,-0.7574,5.33,7630124.0,310.967,254.926,76.9,20240206
120.9049,74.26,12.83,-0.32,2.23,-0.7574,5.33,7631300.0,310.967,254.926,76.9,20240207
121.0798,76.67,12.79,-0.31,2.24,-0.7574,5.33,7631300.0,310.967,254.926,76.9,20240208
121.039,77.26,12.93,-0.31,2.25,-0.5993,5.33,7631300.0,310.967,254.926,76.9,20240209
120.9378,77.34,13.93,-0.29,2.24,-0.5993,5.33,7631300.0,310.967,254.926,76.9,20240212
121.5202,78.28,15.85,-0.33,2.29,-0.5993,5.33,7631300.0,310.967,254.926,76.9,20240213
121.4002,77.09,14.38,-0.29,2.3,-0.5993,5.33,7633874.0,310.967,254.926,76.9,20240214
121.2121,78.47,14.01,-0.32,2.3,-0.5993,5.33,7633874.0,310.967,254.926,76.9,20240215
121.1505,79.65,14.24,-0.34,2.33,-0.6441,5.33,7633874.0,310.967,254.926,76.9,20240216
121.1505,79.65,14.71,-0.34,2.33,-0.6441,5.33,7633874.0,310.967,254.926,76.9,20240219
121.0199,78.72,15.42,-0.32,2.32,-0.6441,5.33,7633874.0,310.967,254.926,76.9,20240220
121.0379,78.89,15.34,-0.32,2.34,-0.6441,5.33,7581683.0,310.967,254.926,76.9,20240221
121.102,79.64,14.54,-0.36,2.31,-0.6441,5.33,7581683.0,310.967,254.926,76.9,20240222
121.0369,77.6,13.75,-0.41,2.3,-0.673,5.33,7581683.0,310.967,254.926,76.9,20240223
121.0592,78.53,13.74,-0.41,2.31,-0.673,5.33,7581683.0,310.967,254.926,76.9,20240226
120.9647,79.8,13.43,-0.39,2.32,-0.673,5.33,7581683.0,310.967,254.926,76.9,20240227
121.128,79.44,13.84,-0.37,2.33,-0.673,5.33,7567807.0,310.967,254.926,76.9,20240228
121.1824,79.22,13.4,-0.39,2.33,-0.673,5.33,7567807.0,310.967,254.926,76.9,20240229
121.0111,80.9,13.11,-0.35,2.32,-0.7921,5.33,7567807.0,312.345,255.095,79.4,20240301
120.872,79.67,13.49,-0.39,2.34,-0.7921,5.33,7567807.0,312.345,255.095,79.4,20240304
120.8846,79.11,14.46,-0.41,2.32,-0.7921,5.33,7567807.0,312.345,255.095,79.4,20240305
120.4649,80.08,14.5,-0.44,2.3,-0.7921,5.33,7538857.0,312.345,255.095,79.4,20240306
120.1909,79.81,14.44,-0.41,2.28,-0.7921,5.33,7538857.0,312.345,255.095,79.4,20240307
119.975,78.96,14.74,-0.39,2.28,-0.7932,5.33,7538857.0,312.345,255.095,79.4,20240308
120.0394,78.87,15.22,-0.41,2.27,-0.7932,5.33,7538857.0,312.345,255.095,79.4,20240311
120.1668,78.51,13.84,-0.42,2.3,-0.7932,5.33,7538857.0,312.345,255.095,79.4,20240312
119.9642,80.67,13.75,-0.42,2.3,-0.7932,5.33,7541969.0,312.345,255.095,79.4,20240313
120.241,82.16,14.4,-0.39,2.3,-0.7932,5.33,7541969.0,312.345,255.095,79.4,20240314
120.4003,81.94,14.41,-0.41,2.32,-0.9239,5.33,7541969.0,312.345,255.095,79.4,20240315
120.5752,83.68,14.33,-0.39,2.31,-0.9239,5.33,7541969.0,312.345,255.095,79.4,20240318
120.9332,84.39,13.82,-0.38,2.3,-0.9239,5.33,7541969.0,312.345,255.095,79.4,20240319
120.9289,82.79,13.04,-0.32,2.31,-0.9239,5.33,7514348.0,312.345,255.095,79.4,20240320
120.8086,81.99,12.92,-0.35,2.34,-0.9239,5.33,7514348.0,312.345,255.095,79.4,20240321
121.1842,81.1,13.06,-0.37,2.35,-0.9426,5.33,7514348.0,312.345,255.095,79.4,20240322
121.0295,82.41,13.19,-0.29,2.33,-0.9426,5.33,7514348.0,312.345,255.095,79.4,20240325
121.0742,82.41,13.24,-0.32,2.32,-0.9426,5.33,7514348.0,312.345,255.095,79.4,20240326
121.0089,82.15,12.78,-0.34,2.32,-0.9426,5.33,7484739.0,312.345,255.095,79.4,20240327
121.0635,83.96,13.01,-0.39,2.32,-0.9426,5.33,7484739.0,312.345,255.095,79.4,20240328
121.0191,83.96,13.01,-0.39,2.32,-0.9349,5.33,7484739.0,312.345,255.095,79.4,20240329
121.5151,84.54,13.65,-0.39,2.35,-0.9349,5.33,7484739.0,313.023,256.978,77.2,20240401
121.3035,85.95,14.61,-0.34,2.36,-0.9349,5.33,7484739.0,313.023,256.978,77.2,20240402
121.0198,86.22,14.33,-0.32,2.36,-0.9349,5.33,7439558.0,313.023,256.978,77.2,20240403
120.7613,87.37,16.35,-0.34,2.34,-0.9349,5.33,7439558.0,313.023,256.978,77.2,20240404
120.9646,87.69,16.03,-0.34,2.37,-0.8441,5.33,7439558.0,313.023,256.978,77.2,20240405
120.7359,87.24,15.19,-0.36,2.38,-0.8441,5.33,7439558.0,313.023,256.978,77.2,20240408
120.7048,86.04,14.98,-0.38,2.36,-0.8441,5.33,7439558.0,313.023,256.978,77.2,20240409
121.5727,86.98,15.8,-0.42,2.4,-0.8441,5.33,7438176.0,313.023,256.978,77.2,20240410
121.6081,85.79,14.91,-0.37,2.4,-0.8441,5.33,7438176.0,313.023,256.978,77.2,20240411
122.2885,86.46,17.31,-0.38,2.39,-0.7948,5.33,7438176.0,313.023,256.978,77.2,20240412
122.425,86.21,19.23,-0.3,2.43,-0.7948,5.33,7438176.0,313.023,256.978,77.2,20240415
123.1234,86.15,18.4,-0.3,2.43,-0.7948,5.33,7438176.0,313.023,256.978,77.2,20240416
123.0207,83.58,18.21,-0.34,2.39,-0.7948,5.33,7405506.0,313.023,256.978,77.2,20240417
123.0017,83.5,18.0,-0.34,2.4,-0.7948,5.33,7405506.0,313.023,256.978,77.2,20240418
123.1075,83.79,18.71,-0.35,2.41,-0.4163,5.33,7405506.0,313.023,256.978,77.2,20240419
123.0609,83.82,16.94,-0.35,2.41,-0.4163,5.33,7405506.0,313.023,256.978,77.2,20240422
122.7227,84.17,15.69,-0.25,2.41,-0.4163,5.33,7405506.0,313.023,256.978,77.2,20240423
122.89,84.09,15.97,-0.24,2.41,-0.4163,5.33,7402434.0,313.023,256.978,77.2,20240424
122.8384,84.92,15.37,-0.26,2.42,-0.4163,5.33,7402434.0,313.023,256.978,77.2,20240425
122.9471,85.38,15.03,-0.29,2.43,-0.8413,5.33,7402434.0,313.023,256.978,77.2,20240426
122.5449,84.26,14.67,-0.34,2.41,-0.8413,5.33,7402434.0,313.023,256.978,77.2,20240429
122.9853,83.49,15.65,-0.35,2.41,-0.8413,5.33,7402434.0,313.023,256.978,77.2,20240430
123.0168,80.7,15.39,-0.33,2.38,-0.8413,5.33,7362474.0,313.175,255.313,69.1,20240501
122.4384,80.59,14.68,-0.29,2.37,-0.8413,5.33,7362474.0,313.175,255.313,69.1,20240502
122.1375,79.65,13.49,-0.31,2.35,-0.8306,5.33,7362474.0,313.175,255.313,69.1,20240503
121.8913,80.1,13.49,-0.33,2.35,-0.8306,5.33,7362474.0,313.175,255.313,69.1,20240506
122.093,79.97,13.23,-0.35,2.32,-0.8306,5.33,7362474.0,313.175,255.313,69.1,20240507
122.1926,80.57,13.0,-0.36,2.31,-0.8306,5.33,7353408.0,313.175,255.313,69.1,20240508
122.1634,80.86,12.69,-0.35,2.32,-0.8306,5.33,7353408.0,313.175,255.313,69.1,20240509
122.014,79.81,12.55,-0.37,2.34,-0.9235,5.33,7353408.0,313.175,255.313,69.1,20240510
122.0261,80.71,13.6,-0.37,2.33,-0.9235,5.33,7353408.0,313.175,255.313,69.1,20240513
121.9256,79.62,13.42,-0.36,2.33,-0.9235,5.33,7353408.0,313.175,255.313,69.1,20240514
121.3543,80.23,12.45,-0.37,2.31,-0.9235,5.33,7304272.0,313.175,255.313,69.1,20240515
121.2236,80.85,12.42,-0.4,2.31,-0.9235,5.33,7304272.0,313.175,255.313,69.1,20240516
121.2354,81.66,11.99,-0.41,2.32,-0.9107,5.33,7304272.0,313.175,255.313,69.1,20240517
121.2289,81.39,12.15,-0.38,2.33,-0.9107,5.33,7304272.0,313.175,255.313,69.1,20240520
121.3793,80.66,11.86,-0.41,2.32,-0.9107,5.33,7304272.0,313.175,255.313,69.1,20240521
121.5462,79.15,12.29,-0.43,2.33,-0.9107,5.33,7299566.0,313.175,255.313,69.1,20240522
121.7477,77.47,12.77,-0.44,2.3,-0.9107,5.33,7299566.0,313.175,255.313,69.1,20240523
121.6172,78.48,11.93,-0.47,2.32,-0.9606,5.33,7299566.0,313.175,255.313,69.1,20240524
121.6172,78.48,12.36,-0.47,2.32,-0.9606,5.33,7299566.0,313.175,255.313,69.1,20240527
121.43,80.9,12.92,-0.4,2.34,-0.9606,5.33,7299566.0,313.175,255.313,69.1,20240528
122.1641,80.24,14.28,-0.35,2.36,-0.9606,5.33,7284319.0,313.175,255.313,69.1,20240529
121.9601,78.96,14.47,-0.37,2.36,-0.9606,5.33,7284319.0,313.175,255.313,69.1,20240530
122.098,77.97,12.92,-0.38,2.35,-0.8503,5.33,7284319.0,313.175,255.313,69.1,20240531
122.3509,75.26,13.11,-0.41,2.33,-0.8503,5.33,7284319.0,313.044,255.914,68.2,20240603
122.7256,74.27,13.16,-0.44,2.31,-0.8503,5.33,7284319.0,313.044,255.914,68.2,20240604
122.5339,75.08,12.63,-0.43,2.3,-0.8503,5.33,7255687.0,313.044,255.914,68.2,20240605
122.3713,76.52,12.58,-0.44,2.28,-0.8503,5.33,7255687.0,313.044,255.914,68.2,20240606
123.549,76.53,12.22,-0.44,2.3,-0.8447,5.33,7255687.0,313.044,255.914,68.2,20240607
123.9125,78.75,12.74,-0.4,2.31,-0.8447,5.33,7255687.0,313.044,255.914,68.2,20240610
124.0349,78.88,12.85,-0.42,2.27,-0.8447,5.33,7255687.0,313.044,255.914,68.2,20240611
123.8295,79.56,12.04,-0.44,2.22,-0.8447,5.33,7258974.0,313.044,255.914,68.2,20240612
124.0235,79.61,11.94,-0.44,2.21,-0.8447,5.33,7258974.0,313.044,255.914,68.2,20240613
124.1694,79.41,12.66,-0.47,2.17,-0.8707,5.33,7258974.0,313.044,255.914,68.2,20240614
124.239,81.33,12.75,-0.47,2.22,-0.8707,5.33,7258974.0,313.044,255.914,68.2,20240617
123.9776,82.67,12.3,-0.47,2.21,-0.8707,5.33,7258974.0,313.044,255.914,68.2,20240618
123.9776,82.67,12.48,-0.47,2.21,-0.8707,5.33,7252542.0,313.044,255.914,68.2,20240619
124.192,83.34,13.28,-0.45,2.25,-0.8707,5.33,7252542.0,313.044,255.914,68.2,20240620
124.1086,81.71,13.2,-0.45,2.23,-0.8318,5.33,7252542.0,313.044,255.914,68.2,20240621
123.7125,82.63,13.33,-0.46,2.22,-0.8318,5.33,7252542.0,313.044,255.914,68.2,20240624
123.9417,81.97,12.84,-0.42,2.22,-0.8318,5.33,7252542.0,313.044,255.914,68.2,20240625
124.26,82.19,12.55,-0.39,2.26,-0.8318,5.33,7231163.0,313.044,255.914,68.2,20240626
124.3379,83.04,12.24,-0.41,2.26,-0.8318,5.33,7231163.0,313.044,255.914,68.2,20240627
124.2103,82.83,12.44,-0.35,2.28,-0.8362,5.33,7231163.0,313.044,255.914,68.2,20240628
124.4667,84.7,12.22,-0.29,2.32,-0.8362,5.33,7231163.0,313.569,257.321,66.4,20240701
124.2917,84.09,12.03,-0.31,2.3,-0.8362,5.33,7231163.0,313.569,257.321,66.4,20240702
123.7768,85.19,12.09,-0.35,2.27,-0.8362,5.33,7221520.0,313.569,257.321,66.4,20240703
123.7768,85.19,12.26,-0.35,2.27,-0.8362,5.33,7221520.0,313.569,257.321,66.4,20240704
123.4762,84.44,12.48,-0.32,2.28,-0.8276,5.33,7221520.0,313.569,257.321,66.4,20240705
123.3576,83.63,12.37,-0.34,2.27,-0.8276,5.33,7221520.0,313.569,257.321,66.4,20240708
123.4071,82.78,12.51,-0.32,2.26,-0.8276,5.33,7221520.0,313.569,257.321,66.4,20240709
123.1895,83.39,12.85,-0.34,2.27,-0.8276,5.33,7224079.0,313.569,257.321,66.4,20240710
122.769,83.92,12.92,-0.3,2.25,-0.8276,5.33,7224079.0,313.569,257.321,66.4,20240711
122.4404,83.49,12.46,-0.27,2.24,-0.8328,5.33,7224079.0,313.569,257.321,66.4,20240712
122.6347,83.22,13.12,-0.21,2.27,-0.8328,5.33,7224079.0,313.569,257.321,66.4,20240715
122.7264,81.92,13.19,-0.26,2.26,-0.8328,5.33,7224079.0,313.569,257.321,66.4,20240716
122.518,84.16,14.48,-0.26,2.26,-0.8328,5.33,7208247.0,313.569,257.321,66.4,20240717
122.7909,84.17,15.93,-0.26,2.31,-0.8328,5.33,7208247.0,313.569,257.321,66.4,20240718
123.147,81.43,16.52,-0.24,2.32,-0.6647,5.33,7208247.0,313.569,257.321,66.4,20240719
123.2172,81.25,14.91,-0.24,2.3,-0.6647,5.33,7208247.0,313.569,257.321,66.4,20240722
123.3843,78.24,14.72,-0.15,2.29,-0.6647,5.33,7208247.0,313.569,257.321,66.4,20240723
123.5575,78.78,18.04,-0.09,2.28,-0.6647,5.33,7205455.0,313.569,257.321,66.4,20240724
123.5286,79.43,18.46,-0.14,2.28,-0.6647,5.33,7205455.0,313.569,257.321,66.4,20240725
123.672,78.58,16.39,-0.16,2.27,-0.6221,5.33,7205455.0,313.569,257.321,66.4,20240726
124.1392,77.27,16.6,-0.19,2.25,-0.6221,5.33,7205455.0,313.569,257.321,66.4,20240729
124.2855,76.17,17.69,-0.2,2.25,-0.6221,5.33,7205455.0,313.569,257.321,66.4,20240730
123.6373,79.36,16.36,-0.2,2.24,-0.6221,5.33,7178391.0,313.569,257.321,66.4,20240731
123.8693,77.74,18.59,-0.17,2.2,-0.6221,5.33,7178391.0,314.062,255.463,67.9,20240801
123.4681,74.99,23.39,-0.08,2.04,-0.3416,5.33,7178391.0,314.062,255.463,67.9,20240802
123.5787,74.46,38.57,-0.11,2.07,-0.3416,5.33,7178391.0,314.062,255.463,67.9,20240805
123.6532,74.6,27.71,-0.09,2.12,-0.3416,5.33,7178391.0,314.062,255.463,67.9,20240806
123.5698,76.68,27.85,-0.04,2.11,-0.3416,5.33,7175256.0,314.062,255.463,67.9,20240807
123.4466,77.64,23.79,-0.05,2.12,-0.3416,5.33,7175256.0,314.062,255.463,67.9,20240808
122.9276,78.28,20.37,-0.11,2.1,-0.1639,5.33,7175256.0,314.062,255.463,67.9,20240809
123.2204,81.45,20.71,-0.11,2.11,-0.1639,5.33,7175256.0,314.062,255.463,67.9,20240812
123.0146,79.81,18.12,-0.08,2.09,-0.1639,5.33,7175256.0,314.062,255.463,67.9,20240813
122.4297,78.47,16.19,-0.11,2.06,-0.1639,5.33,7177688.0,314.062,255.463,67.9,20240814
122.5844,79.66,15.23,-0.16,2.12,-0.1639,5.33,7177688.0,314.062,255.463,67.9,20240815
122.3972,78.05,14.8,-0.17,2.08,-0.7387,5.33,7177688.0,314.062,255.463,67.9,20240816
121.8788,75.82,14.65,-0.2,2.07,-0.7387,5.33,7177688.0,314.062,255.463,67.9,20240819
121.7728,75.27,15.88,-0.17,2.07,-0.7387,5.33,7177688.0,314.062,255.463,67.9,20240820
121.8535,72.76,16.27,-0.13,2.07,-0.7387,5.33,7139952.0,314.062,255.463,67.9,20240821
122.3626,73.72,17.55,-0.13,2.1,-0.7387,5.33,7139952.0,314.062,255.463,67.9,20240822
121.4597,75.82,15.86,-0.09,2.13,-0.6489,5.33,7139952.0,314.062,255.463,67.9,20240823
121.6943,78.4,16.15,-0.09,2.15,-0.6489,5.33,7139952.0,314.062,255.463,67.9,20240826
121.8672,76.5,15.43,0.0,2.15,-0.6489,5.33,7139952.0,314.062,255.463,67.9,20240827
121.8943,75.49,17.11,0.01,2.15,-0.6489,5.33,7123238.0,314.062,255.463,67.9,20240828
122.2333,76.9,15.65,0.0,2.16,-0.6489,5.33,7123238.0,314.062,255.463,67.9,20240829
122.3262,74.52,15.0,0.0,2.15,-0.6503,5.33,7123238.0,314.062,255.463,67.9,20240830
122.3262,74.52,15.55,0.0,2.15,-0.6503,5.13,7123238.0,314.732,252.682,70.1,20240902
122.7811,71.28,20.72,-0.04,2.11,-0.6503,5.13,7123238.0,314.732,252.682,70.1,20240903
122.5144,70.11,21.32,0.01,2.07,-0.6503,5.13,7112567.0,314.732,252.682,70.1,20240904
122.4533,70.09,19.9,-0.02,2.03,-0.6503,5.13,7112567.0,314.732,252.682,70.1,20240905
122.4991,68.58,22.38,0.06,2.03,-0.3917,5.13,7112567.0,314.732,252.682,70.1,20240906
122.7156,69.65,19.45,0.02,2.04,-0.3917,5.13,7112567.0,314.732,252.682,70.1,20240909
123.0071,66.73,19.08,0.06,2.02,-0.3917,5.13,7112567.0,314.732,252.682,70.1,20240910
122.7754,68.25,17.69,0.03,2.04,-0.3917,5.13,7115001.0,314.732,252.682,70.1,20240911
122.4423,69.89,17.07,0.04,2.05,-0.3917,5.13,7115001.0,314.732,252.682,70.1,20240912
121.6551,69.59,16.56,0.09,2.08,-0.3173,5.13,7115001.0,314.732,252.682,70.1,20240913
121.4976,71.1,17.14,0.07,2.09,-0.3173,5.13,7115001.0,314.732,252.682,70.1,20240916
121.6031,72.16,17.61,0.06,2.12,-0.3173,5.13,7115001.0,314.732,252.682,70.1,20240917
121.5618,71.87,18.23,0.09,2.12,-0.3173,5.13,7109137.0,314.732,252.682,70.1,20240918
121.3059,72.86,16.33,0.14,2.17,-0.3173,5.13,7109137.0,314.732,252.682,70.1,20240919
121.4052,72.72,16.15,0.18,2.15,-0.4443,5.13,7109137.0,314.732,252.682,70.1,20240920
121.4303,71.33,15.89,0.18,2.17,-0.4443,5.13,7109137.0,314.732,252.682,70.1,20240923
121.1291,72.34,15.39,0.25,2.19,-0.4443,5.13,7109137.0,314.732,252.682,70.1,20240924
121.4447,70.42,15.41,0.26,2.18,-0.4443,5.13,7080059.0,314.732,252.682,70.1,20240925
121.0785,68.28,15.37,0.19,2.16,-0.4443,5.13,7080059.0,314.732,252.682,70.1,20240926
121.1111,68.72,16.96,0.2,2.15,-0.27,5.13,7080059.0,314.732,252.682,70.1,20240927
121.2864,68.75,16.73,0.15,2.18,-0.27,5.13,7080059.0,314.732,252.682,70.1,20240930
121.6881,70.41,19.26,0.13,2.19,-0.27,4.83,7080059.0,315.631,253.081,70.5,20241001
121.5724,70.74,18.9,0.16,2.21,-0.27,4.83,7046925.0,315.631,253.081,70.5,20241002
122.1197,74.33,20.49,0.15,2.21,-0.27,4.83,7046925.0,315.631,253.081,70.5,20241003
122.2197,74.93,19.21,0.05,2.23,-0.6104,4.83,7046925.0,315.631,253.081,70.5,20241004
122.4241,77.76,22.64,0.04,2.27,-0.6104,4.83,7046925.0,315.631,253.081,70.5,20241007
122.6625,74.26,21.42,0.06,2.27,-0.6104,4.83,7046925.0,315.631,253.081,70.5,20241008
122.8821,73.85,20.86,0.07,2.29,-0.6104,4.83,7046840.0,315.631,253.081,70.5,20241009
123.0951,76.46,20.93,0.11,2.33,-0.6104,4.83,7046840.0,315.631,253.081,70.5,20241010
122.9805,76.11,20.46,0.13,2.33,-0.5873,4.83,7046840.0,315.631,253.081,70.5,20241011
122.9805,76.11,19.7,0.13,2.33,-0.5873,4.83,7046840.0,315.631,253.081,70.5,20241014
123.5124,71.22,20.64,0.08,2.28,-0.5873,4.83,7046840.0,315.631,253.081,70.5,20241015
123.9235,70.97,19.58,0.09,2.27,-0.5873,4.83,7039284.0,315.631,253.081,70.5,20241016
124.1122,71.26,19.11,0.13,2.3,-0.5873,4.83,7039284.0,315.631,253.081,70.5,20241017
123.9185,69.78,18.03,0.13,2.31,-0.5345,4.83,7039284.0,315.631,253.081,70.5,20241018
124.4757,71.16,18.37,0.17,2.31,-0.5345,4.83,7039284.0,315.631,253.081,70.5,20241021
124.4107,72.84,18.2,0.17,2.33,-0.5345,4.83,7039284.0,315.631,253.081,70.5,20241022
124.6931,71.37,19.24,0.17,2.31,-0.5345,4.83,7029408.0,315.631,253.081,70.5,20241023
124.5127,70.58,19.08,0.14,2.3,-0.5345,4.83,7029408.0,315.631,253.081,70.5,20241024
124.6105,72.02,20.33,0.14,2.29,-0.384,4.83,7029408.0,315.631,253.081,70.5,20241025
124.8076,67.65,19.8,0.16,2.29,-0.384,4.83,7029408.0,315.631,253.081,70.5,20241028
124.8612,67.48,19.34,0.17,2.3,-0.384,4.83,7029408.0,315.631,253.081,70.5,20241029
124.8153,68.91,20.35,0.14,2.34,-0.384,4.83,7013490.0,315.631,253.081,70.5,20241030
124.7988,69.58,23.16,0.12,2.33,-0.384,4.83,7013490.0,315.631,253.081,70.5,20241031
124.8076,69.81,21.88,0.16,2.33,-0.2949,4.64,7013490.0,316.528,253.211,71.8,20241101
124.5903,71.83,21.98,0.14,2.28,-0.2949,4.64,7013490.0,316.528,253.211,71.8,20241104
124.5532,72.26,20.49,0.07,2.27,-0.2949,4.64,7013490.0,316.528,253.211,71.8,20241105
125.7035,71.98,16.27,0.15,2.38,-0.2949,4.64,6994299.0,316.528,253.211,71.8,20241106
124.775,72.69,15.2,0.1,2.33,-0.2949,4.64,6994299.0,316.528,253.211,71.8,20241107
125.5811,70.69,14.94,0.04,2.35,-0.5649,4.64,6994299.0,316.528,253.211,71.8,20241108
125.5811,70.69,14.97,0.04,2.35,-0.5649,4.64,6994299.0,316.528,253.211,71.8,20241111
126.7762,68.43,14.71,0.09,2.35,-0.5649,4.64,6994299.0,316.528,253.211,71.8,20241112
126.9572,68.76,14.02,0.17,2.35,-0.5649,4.64,6967108.0,316.528,253.211,71.8,20241113
127.0015,68.99,14.31,0.09,2.33,-0.5649,4.64,6967108.0,316.528,253.211,71.8,20241114
126.8848,67.33,16.14,0.12,2.33,-0.7997,4.64,6967108.0,316.528,253.211,71.8,20241115
126.6045,69.46,15.58,0.13,2.34,-0.7997,4.64,6967108.0,316.528,253.211,71.8,20241118
126.3994,69.75,16.35,0.12,2.34,-0.7997,4.64,6967108.0,316.528,253.211,71.8,20241119
126.88,69.25,17.16,0.1,2.35,-0.7997,4.64,6923731.0,316.528,253.211,71.8,20241120
127.1047,70.39,16.87,0.09,2.34,-0.7997,4.64,6923731.0,316.528,253.211,71.8,20241121
127.4712,71.68,15.24,0.04,2.34,-0.6128,4.64,6923731.0,316.528,253.211,71.8,20241122
126.9948,69.41,14.6,0.06,2.29,-0.6128,4.64,6923731.0,316.528,253.211,71.8,20241125
127.4301,69.05,14.1,0.09,2.28,-0.6128,4.64,6923731.0,316.528,253.211,71.8,20241126
126.8205,69.03,14.1,0.06,2.26,-0.6128,4.64,6905140.0,316.528,253.211,71.8,20241127
126.8205,69.03,13.9,0.06,2.26,-0.6128,4.64,6905140.0,316.528,253.211,71.8,20241128
126.5798,68.26,13.51,0.05,2.26,-0.6201,4.64,6905140.0,316.528,253.211,71.8,20241129
127.1272,68.35,13.34,0.02,2.26,-0.6201,4.48,6905140.0,317.604,253.423,74.0,20241202
126.9565,70.15,13.3,0.06,2.28,-0.6201,4.48,6905140.0,317.604,253.423,74.0,20241203
126.7574,68.81,13.45,0.06,2.29,-0.6201,4.48,6895827.0,317.604,253.423,74.0,20241204
126.4286,68.58,13.54,0.02,2.25,-0.6201,4.48,6895827.0,317.604,253.423,74.0,20241205
126.688,68.58,12.77,0.05,2.24,-0.5302,4.48,6895827.0,317.604,253.423,74.0,20241206
126.5981,68.65,14.19,0.07,2.27,-0.5302,4.48,6895827.0,317.604,253.423,74.0,20241209
126.957,68.85,14.18,0.07,2.29,-0.5302,4.48,6895827.0,317.604,253.423,74.0,20241210
126.8483,70.57,13.58,0.11,2.3,-0.5302,4.48,6897485.0,317.604,253.423,74.0,20241211
126.9556,70.25,13.92,0.14,2.32,-0.5302,4.48,6897485.0,317.604,253.423,74.0,20241212
127.3096,71.54,13.81,0.15,2.33,-0.5793,4.48,6897485.0,317.604,253.423,74.0,20241213
127.2687,71.03,14.69,0.14,2.32,-0.5793,4.48,6897485.0,317.604,253.423,74.0,20241216
127.5043,70.31,15.87,0.15,2.31,-0.5793,4.48,6897485.0,317.604,253.423,74.0,20241217
127.6418,70.8,27.62,0.15,2.32,-0.5793,4.48,6889332.0,317.604,253.423,74.0,20241218
128.6366,70.1,24.09,0.25,2.29,-0.5793,4.48,6889332.0,317.604,253.423,74.0,20241219
127.893,69.71,18.36,0.22,2.29,-0.4958,4.48,6889332.0,317.604,253.423,74.0,20241220
128.3021,69.5,16.78,0.29,2.32,-0.4958,4.48,6889332.0,317.604,253.423,74.0,20241223
128.3377,70.87,14.27,0.3,2.35,-0.4958,4.48,6889332.0,317.604,253.423,74.0,20241224
128.3377,70.87,14.27,0.3,2.35,-0.4958,4.48,6885963.0,317.604,253.423,74.0,20241225
128.3329,70.38,14.73,0.28,2.35,-0.4958,4.48,6885963.0,317.604,253.423,74.0,20241226
128.45,71.28,15.95,0.31,2.34,-0.6228,4.48,6885963.0,317.604,253.423,74.0,20241227
128.8205,71.73,17.4,0.31,2.31,-0.6228,4.48,6885963.0,317.604,253.423,74.0,20241230
129.2775,72.44,17.35,0.33,2.34,-0.6228,4.48,6885963.0,317.604,253.423,74.0,20241231
129.2775,72.44,17.35,0.33,2.34,-0.6228,4.33,6852491.0,318.961,257.36,71.7,20250101
129.4598,73.79,17.93,0.32,2.34,-0.6228,4.33,6852491.0,318.961,257.36,71.7,20250102
129.4535,74.64,16.13,0.32,2.34,-0.6211,4.33,6852491.0,318.961,257.36,71.7,20250103
128.538,74.31,16.04,0.34,2.34,-0.6211,4.33,6852491.0,318.961,257.36,71.7,20250106
128.613,74.99,17.82,0.37,2.38,-0.6211,4.33,6852491.0,318.961,257.36,71.7,20250107
129.0785,73.99,17.7,0.39,2.4,-0.6211,4.33,6853554.0,318.961,257.36,71.7,20250108
129.2827,73.99,18.07,0.41,2.39,-0.6211,4.33,6853554.0,318.961,257.36,71.7,20250109
129.8664,77.27,19.54,0.37,2.43,-0.8,4.33,6853554.0,318.961,257.36,71.7,20250110
130.0413,79.57,19.19,0.39,2.45,-0.8,4.33,6853554.0,318.961,257.36,71.7,20250113
129.3812,78.2,18.71,0.41,2.44,-0.8,4.33,6853554.0,318.961,257.36,71.7,20250114
129.2092,80.73,16.12,0.39,2.42,-0.8,4.33,6834070.0,318.961,257.36,71.7,20250115
129.436,79.35,16.6,0.38,2.42,-0.8,4.33,6834070.0,318.961,257.36,71.7,20250116
129.4859,78.56,15.97,0.34,2.41,-0.826,4.33,6834070.0,318.961,257.36,71.7,20250117
129.4859,78.56,15.81,0.34,2.41,-0.826,4.33,6834070.0,318.961,257.36,71.7,20250120
128.4151,76.79,15.06,0.28,2.38,-0.826,4.33,6834070.0,318.961,257.36,71.7,20250121
128.3402,76.12,15.1,0.31,2.4,-0.826,4.33,6831760.0,318.961,257.36,71.7,20250122
128.2162,75.03,15.02,0.36,2.42,-0.826,4.33,6831760.0,318.961,257.36,71.7,20250123
127.4611,74.97,14.85,0.36,2.43,-0.9755,4.33,6831760.0,318.961,257.36,71.7,20250124
128.0912,73.51,17.9,0.36,2.4,-0.9755,4.33,6831760.0,318.961,257.36,71.7,20250127
128.2817,74.15,16.41,0.36,2.42,-0.9755,4.33,6831760.0,318.961,257.36,71.7,20250128
128.3418,72.94,16.56,0.34,2.4,-0.9755,4.33,6818186.0,318.961,257.36,71.7,20250129
128.1004,73.1,15.84,0.34,2.38,-0.9755,4.33,6818186.0,318.961,257.36,71.7,20250130
128.4828,72.84,16.43,0.36,2.42,-0.7628,4.33,6818186.0,318.961,257.36,71.7,20250131
129.109,73.52,18.62,0.28,2.45,-0.7628,4.33,6818186.0,319.679,259.498,64.7,20250203
128.1083,73.04,17.21,0.31,2.44,-0.7628,4.33,6818186.0,319.679,259.498,64.7,20250204
127.9751,71.39,15.77,0.26,2.42,-0.7628,4.33,6810935.0,319.679,259.498,64.7,20250205
128.2017,70.97,15.5,0.24,2.42,-0.7628,4.33,6810935.0,319.679,259.498,64.7,20250206
128.4292,71.32,16.54,0.2,2.42,-0.7842,4.33,6810935.0,319.679,259.498,64.7,20250207
128.6382,72.73,15.81,0.23,2.44,-0.7842,4.33,6810935.0,319.679,259.498,64.7,20250210
128.4322,73.67,16.02,0.25,2.46,-0.7842,4.33,6810935.0,319.679,259.498,64.7,20250211
128.3288,71.72,15.89,0.26,2.46,-0.7842,4.33,6813513.0,319.679,259.498,64.7,20250212
127.8931,71.66,15.1,0.21,2.44,-0.7842,4.33,6813513.0,319.679,259.498,64.7,20250213
127.1491,71.05,14.77,0.21,2.43,-0.829,4.33,6813513.0,319.679,259.498,64.7,20250214
127.1491,71.05,15.37,0.21,2.43,-0.829,4.33,6813513.0,319.679,259.498,64.7,20250217
127.2906,72.21,15.35,0.26,2.45,-0.829,4.33,6813513.0,319.679,259.498,64.7,20250218
127.7317,72.58,15.27,0.25,2.45,-0.829,4.33,6782332.0,319.679,259.498,64.7,20250219
127.1126,72.88,15.66,0.22,2.45,-0.829,4.33,6782332.0,319.679,259.498,64.7,20250220
127.1408,70.72,18.21,0.23,2.42,-0.7609,4.33,6782332.0,319.679,259.498,64.7,20250221
127.1921,71.06,18.98,0.27,2.42,-0.7609,4.33,6782332.0,319.679,259.498,64.7,20250224
127.3752,69.15,19.43,0.23,2.38,-0.7609,4.33,6782332.0,319.679,259.498,64.7,20250225
127.2822,68.87,19.1,0.2,2.36,-0.7609,4.33,6766101.0,319.679,259.498,64.7,20250226
127.9704,70.62,21.13,0.22,2.37,-0.7609,4.33,6766101.0,319.679,259.498,64.7,20250227
128.2805,69.97,19.63,0.25,2.38,-0.456,4.33,6766101.0,319.679,259.498,64.7,20250228
127.75,68.63,22.78,0.2,2.36,-0.456,4.33,6766101.0,319.785,258.525,57.0,20250303
127.9966,68.47,23.51,0.26,2.35,-0.456,4.33,6766101.0,319.785,258.525,57.0,20250304
126.504,66.58,21.93,0.29,2.34,-0.456,4.33,6756764.0,319.785,258.525,57.0,20250305
126.1099,66.62,24.87,0.33,2.34,-0.456,4.33,6756764.0,319.785,258.525,57.0,20250306
125.9814,67.29,23.37,0.33,2.33,-0.3543,4.33,6756764.0,319.785,258.525,57.0,20250307
126.268,66.31,27.86,0.33,2.31,-0.3543,4.33,6756764.0,319.785,258.525,57.0,20250310
126.0457,66.52,26.92,0.34,2.31,-0.3543,4.33,6756764.0,319.785,258.525,57.0,20250311
125.8664,67.65,24.23,0.31,2.33,-0.3543,4.33,6759571.0,319.785,258.525,57.0,20250312
126.0031,66.82,24.66,0.33,2.29,-0.3543,4.33,6759571.0,319.785,258.525,57.0,20250313
125.6942,67.43,21.77,0.29,2.3,-0.2132,4.33,6759571.0,319.785,258.525,57.0,20250314
125.3688,67.84,20.51,0.25,2.29,-0.2132,4.33,6759571.0,319.785,258.525,57.0,20250317
125.488,67.49,21.7,0.25,2.3,-0.2132,4.33,6759571.0,319.785,258.525,57.0,20250318
125.8006,67.4,19.9,0.26,2.31,-0.2132,4.33,6755982.0,319.785,258.525,57.0,20250319
125.985,68.55,19.8,0.29,2.31,-0.2132,4.33,6755982.0,319.785,258.525,57.0,20250320
126.2679,68.52,19.28,0.31,2.33,-0.6435,4.33,6755982.0,319.785,258.525,57.0,20250321
126.1956,69.46,17.48,0.3,2.36,-0.6435,4.33,6755982.0,319.785,258.525,57.0,20250324
126.0535,69.48,17.15,0.35,2.35,-0.6435,4.33,6755982.0,319.785,258.525,57.0,20250325
126.2364,70.05,18.33,0.37,2.37,-0.6435,4.33,6740253.0,319.785,258.525,57.0,20250326
126.3626,70.3,18.69,0.41,2.39,-0.6435,4.33,6740253.0,319.785,258.525,57.0,20250327
126.4187,69.74,21.65,0.38,2.37,-0.6226,4.33,6740253.0,319.785,258.525,57.0,20250328
126.7075,71.87,22.28,0.34,2.38,-0.6226,4.33,6740253.0,319.785,258.525,57.0,20250331
126.4338,71.61,21.77,0.3,2.33,-0.6226,4.33,6740253.0,320.302,258.392,52.2,20250401
126.3811,72.12,21.51,0.29,2.32,-0.6226,4.33,6723452.0,320.302,258.392,52.2,20250402
124.7316,67.43,30.02,0.35,2.28,-0.6226,4.33,6723452.0,320.302,258.392,52.2,20250403
125.8129,62.42,45.31,0.33,2.18,0.0995,4.33,6723452.0,320.302,258.392,52.2,20250404
126.8282,61.05,46.98,0.42,2.19,0.0995,4.33,6723452.0,320.302,258.392,52.2,20250407
126.8668,60.04,52.33,0.55,2.22,0.0995,4.33,6723452.0,320.302,258.392,52.2,20250408
126.628,62.63,33.62,0.43,2.27,0.0995,4.33,6727416.0,320.302,258.392,52.2,20250409
125.089,60.57,40.72,0.56,2.19,0.0995,4.33,6727416.0,320.302,258.392,52.2,20250410
124.0163,61.91,37.56,0.52,2.2,0.587,4.33,6727416.0,320.302,258.392,52.2,20250411
123.6598,61.99,30.89,0.54,2.23,0.587,4.33,6727416.0,320.302,258.392,52.2,20250414
123.776,61.74,30.12,0.51,2.19,0.587,4.33,6727416.0,320.302,258.392,52.2,20250415
123.2724,62.88,32.64,0.52,2.17,0.587,4.33,6727113.0,320.302,258.392,52.2,20250416
123.1298,65.07,29.65,0.53,2.23,0.587,4.33,6727113.0,320.302,258.392,52.2,20250417
122.9865,65.07,29.65,0.53,2.23,-0.2007,4.33,6727113.0,320.302,258.392,52.2,20250418
122.3145,63.48,33.82,0.67,2.22,-0.2007,4.33,6727113.0,320.302,258.392,52.2,20250421
122.4175,64.6,30.57,0.65,2.27,-0.2007,4.33,6727113.0,320.302,258.392,52.2,20250422
123.0252,62.64,28.45,0.59,2.29,-0.2007,4.33,6726930.0,320.302,258.392,52.2,20250423
122.9251,63.55,26.47,0.55,2.3,-0.2007,4.33,6726930.0,320.302,258.392,52.2,20250424
122.8858,63.85,24.84,0.55,2.27,-0.2667,4.33,6726930.0,320.302,258.392,52.2,20250425
122.7176,63.3,25.15,0.56,2.25,-0.2667,4.33,6726930.0,320.302,258.392,52.2,20250428
122.5944,61.84,24.17,0.54,2.23,-0.2667,4.33,6726930.0,320.302,258.392,52.2,20250429
122.5921,59.55,24.7,0.57,2.23,-0.2667,4.33,6709277.0,320.302,258.392,52.2,20250430
123.1405,60.59,24.6,0.55,2.25,-0.2667,4.33,6709277.0,320.62,258.678,52.2,20250501
122.4962,59.67,22.68,0.5,2.27,-0.3432,4.33,6709277.0,320.62,258.678,52.2,20250502
122.2613,58.5,23.64,0.53,2.28,-0.3432,4.33,6709277.0,320.62,258.678,52.2,20250505
122.0417,60.42,24.76,0.52,2.26,-0.3432,4.33,6709277.0,320.62,258.678,52.2,20250506
122.117,59.42,23.55,0.48,2.25,-0.3432,4.33,6710889.0,320.62,258.678,52.2,20250507
122.7568,61.25,22.48,0.47,2.29,-0.3432,4.33,6710889.0,320.62,258.678,52.2,20250508
122.5191,62.37,21.9,0.49,2.29,-0.4669,4.33,6710889.0,320.62,258.678,52.2,20250509
123.4863,63.32,18.39,0.47,2.29,-0.4669,4.33,6710889.0,320.62,258.678,52.2,20250512
122.9583,65.04,18.22,0.47,2.32,-0.4669,4.33,6710889.0,320.62,258.678,52.2,20250513
122.6746,64.48,18.62,0.48,2.37,-0.4669,4.33,6713270.0,320.62,258.678,52.2,20250514
122.8174,63.03,17.83,0.49,2.34,-0.4669,4.33,6713270.0,320.62,258.678,52.2,20250515
123.0737,63.84,17.24,0.45,2.34,-0.8964,4.33,6713270.0,320.62,258.678,52.2,20250516
122.4186,63.98,18.14,0.49,2.36,-0.8964,4.33,6713270.0,320.62,258.678,52.2,20250519
122.3199,63.97,18.09,0.51,2.35,-0.8964,4.33,6713270.0,320.62,258.678,52.2,20250520
121.7496,62.93,20.87,0.58,2.35,-0.8964,4.33,6688726.0,320.62,258.678,52.2,20250521
122.0429,62.55,20.28,0.54,2.34,-0.8964,4.33,6688726.0,320.62,258.678,52.2,20250522
121.3837,62.89,22.29,0.51,2.33,-0.5,4.33,6688726.0,320.62,258.678,52.2,20250523
121.3837,62.89,20.57,0.51,2.33,-0.5,4.33,6688726.0,320.62,258.678,52.2,20250526
121.6099,61.61,18.96,0.51,2.32,-0.5,4.33,6688726.0,320.62,258.678,52.2,20250527
121.9888,62.54,19.31,0.51,2.32,-0.5,4.33,6673244.0,320.62,258.678,52.2,20250528
121.5617,61.66,19.18,0.51,2.32,-0.5,4.33,6673244.0,320.62,258.678,52.2,20250529
121.7674,61.46,18.57,0.52,2.34,-0.5377,4.33,6673244.0,320.62,258.678,52.2,20250530
121.1881,63.27,18.36,0.52,2.33,-0.5377,4.33,6673244.0,321.435,260.491,60.7,20250602
121.4592,64.1,17.69,0.5,2.32,-0.5377,4.33,6673244.0,321.435,260.491,60.7,20250603
121.0539,63.57,17.61,0.5,2.31,-0.5377,4.33,6672885.0,321.435,260.491,60.7,20250604
120.9596,64.06,18.48,0.48,2.29,-0.5377,4.33,6672885.0,321.435,260.491,60.7,20250605
121.161,65.3,16.77,0.47,2.31,-0.807,4.33,6672885.0,321.435,260.491,60.7,20250606
120.9103,65.99,17.16,0.48,2.31,-0.807,4.33,6672885.0,321.435,260.491,60.7,20250609
121.0485,65.66,16.95,0.46,2.29,-0.807,4.33,6672885.0,321.435,260.491,60.7,20250610
120.587,68.91,17.26,0.47,2.27,-0.807,4.33,6677155.0,321.435,260.491,60.7,20250611
120.1723,68.73,18.02,0.46,2.25,-0.807,4.33,6677155.0,321.435,260.491,60.7,20250612
120.3245,73.84,20.82,0.45,2.28,-0.7843,4.33,6677155.0,321.435,260.491,60.7,20250613
120.1565,72.53,19.11,0.49,2.3,-0.7843,4.33,6677155.0,321.435,260.491,60.7,20250616
120.5048,75.62,21.6,0.45,2.31,-0.7843,4.33,6677155.0,321.435,260.491,60.7,20250617
120.7305,75.89,20.14,0.44,2.31,-0.7843,4.33,6681056.0,321.435,260.491,60.7,20250618
120.7305,75.89,22.17,0.44,2.31,-0.7843,4.33,6681056.0,321.435,260.491,60.7,20250619
121.0408,75.72,20.62,0.48,2.33,-0.6529,4.33,6681056.0,321.435,260.491,60.7,20250620
121.1694,69.36,19.83,0.5,2.3,-0.6529,4.33,6681056.0,321.435,260.491,60.7,20250623
120.3645,65.45,17.48,0.55,2.29,-0.6529,4.33,6681056.0,321.435,260.491,60.7,20250624
120.3336,65.98,16.76,0.55,2.28,-0.6529,4.33,6662200.0,321.435,260.491,60.7,20250625
119.6451,66.44,16.59,0.56,2.28,-0.6529,4.33,6662200.0,321.435,260.491,60.7,20250626
119.659,66.66,16.32,0.56,2.29,-0.7056,4.33,6662200.0,321.435,260.491,60.7,20250627
119.4088,66.3,16.73,0.52,2.29,-0.7056,4.33,6662200.0,321.435,260.491,60.7,20250630
119.3436,66.64,16.83,0.48,2.29,-0.7056,4.33,6662200.0,322.169,262.358,61.7,20250701
119.3037,68.66,16.64,0.52,2.3,-0.7056,4.33,6659598.0,322.169,262.358,61.7,20250702
119.2382,68.13,16.38,0.47,2.33,-0.7056,4.33,6659598.0,322.169,262.358,61.7,20250703
119.2382,68.13,17.48,0.47,2.33,-0.8799,4.33,6659598.0,322.169,262.358,61.7,20250704
119.6201,69.16,17.79,0.5,2.35,-0.8799,4.33,6659598.0,322.169,262.358,61.7,20250707
119.8371,69.55,16.81,0.52,2.35,-0.8799,4.33,6659598.0,322.169,262.358,61.7,20250708
119.7311,69.61,15.94,0.48,2.33,-0.8799,4.33,6661912.0,322.169,262.358,61.7,20250709
119.8343,67.78,15.78,0.49,2.34,-0.8799,4.33,6661912.0,322.169,262.358,61.7,20250710
119.9214,69.63,16.4,0.53,2.37,-0.7516,4.33,6661912.0,322.169,262.358,61.7,20250711
120.2209,68.19,17.2,0.53,2.39,-0.7516,4.33,6661912.0,322.169,262.358,61.7,20250714
120.5105,67.76,17.38,0.55,2.41,-0.7516,4.33,6661912.0,322.169,262.358,61.7,20250715
120.4175,67.13,17.16,0.58,2.41,-0.7516,4.33,6659273.0,322.169,262.358,61.7,20250716
120.6384,68.76,16.52,0.56,2.43,-0.7516,4.33,6659273.0,322.169,262.358,61.7,20250717
120.356,68.53,16.41,0.56,2.41,-0.717,4.33,6659273.0,322.169,262.358,61.7,20250718
119.9961,68.39,16.65,0.53,2.4,-0.717,4.33,6659273.0,322.169,262.358,61.7,20250721
119.681,67.56,16.5,0.52,2.39,-0.717,4.33,6659273.0,322.169,262.358,61.7,20250722
119.5697,66.05,15.37,0.52,2.37,-0.717,4.33,6657715.0,322.169,262.358,61.7,20250723
119.5664,67.16,15.39,0.52,2.45,-0.717,4.33,6657715.0,322.169,262.358,61.7,20250724
119.9857,66.38,14.93,0.49,2.44,-0.8022,4.33,6657715.0,322.169,262.358,61.7,20250725
120.6149,67.81,15.03,0.51,2.44,-0.8022,4.33,6657715.0,322.169,262.358,61.7,20250728
120.9674,70.27,15.98,0.48,2.43,-0.8022,4.33,6657715.0,322.169,262.358,61.7,20250729
121.4042,71.09,15.48,0.44,2.42,-0.8022,4.33,6642578.0,322.169,262.358,61.7,20250730
121.721,70.36,16.72,0.43,2.39,-0.8022,4.33,6642578.0,322.169,262.358,61.7,20250731
121.2122,68.39,20.38,0.54,2.33,-0.6832,4.33,6642578.0,323.291,262.11,58.2,20250801
120.9859,67.33,17.52,0.53,2.37,-0.6832,4.33,6642578.0,323.291,262.11,58.2,20250804
120.9082,66.2,17.85,0.5,2.36,-0.6832,4.33,6642578.0,323.291,262.11,58.2,20250805
120.5082,65.38,16.77,0.53,2.34,-0.6832,4.33,6640843.0,323.291,262.11,58.2,20250806
120.5043,64.9,16.57,0.51,2.35,-0.6832,4.33,6640843.0,323.291,262.11,58.2,20250807
120.3329,64.94,15.15,0.51,2.39,-0.5735,4.33,6640843.0,323.291,262.11,58.2,20250808
120.6892,65.03,16.25,0.51,2.4,-0.5735,4.33,6640843.0,323.291,262.11,58.2,20250811
120.2736,64.22,14.73,0.57,2.38,-0.5735,4.33,6640843.0,323.291,262.11,58.2,20250812
120.13,63.68,14.49,0.57,2.37,-0.5735,4.33,6643615.0,323.291,262.11,58.2,20250813
120.6446,64.99,14.83,0.55,2.39,-0.5735,4.33,6643615.0,323.291,262.11,58.2,20250814
120.3377,63.78,15.09,0.58,2.38,-0.8212,4.33,6643615.0,323.291,262.11,58.2,20250815
120.5622,64.51,14.99,0.57,2.38,-0.8212,4.33,6643615.0,323.291,262.11,58.2,20250818
120.7224,63.38,15.57,0.55,2.35,-0.8212,4.33,6643615.0,323.291,262.11,58.2,20250819
120.7757,64.19,15.69,0.55,2.35,-0.8212,4.33,6618415.0,323.291,262.11,58.2,20250820
121.0843,64.56,16.6,0.54,2.39,-0.8212,4.33,6618415.0,323.291,262.11,58.2,20250821
120.2774,64.08,14.22,0.58,2.41,-0.7553,4.33,6618415.0,323.291,262.11,58.2,20250822
120.4214,65.18,14.79,0.55,2.41,-0.7553,4.33,6618415.0,323.291,262.11,58.2,20250825
120.5274,63.6,14.62,0.65,2.42,-0.7553,4.33,6618415.0,323.291,262.11,58.2,20250826
120.7274,64.49,14.85,0.65,2.43,-0.7553,4.33,6603384.0,323.291,262.11,58.2,20250827
120.2595,64.96,14.43,0.6,2.41,-0.7553,4.33,6603384.0,323.291,262.11,58.2,20250828
120.2082,64.36,15.36,0.64,2.41,-0.6103,4.33,6603384.0,323.291,262.11,58.2,20250829
120.2082,64.36,16.12,0.64,2.41,-0.6103,4.22,6603384.0,324.245,262.054,55.1,20250901
120.6837,65.95,17.17,0.62,2.41,-0.6103,4.22,6603384.0,324.245,262.054,55.1,20250902
120.5052,64.36,16.35,0.61,2.4,-0.6103,4.22,6602071.0,324.245,262.054,55.1,20250903
120.7629,63.81,15.3,0.58,2.38,-0.6103,4.22,6602071.0,324.245,262.054,55.1,20250904
120.1282,62.22,15.18,0.59,2.37,-0.4255,4.22,6602071.0,324.245,262.054,55.1,20250905
120.0971,62.6,15.11,0.56,2.35,-0.4255,4.22,6602071.0,324.245,262.054,55.1,20250908
120.1569,62.97,15.04,0.54,2.36,-0.4255,4.22,6602071.0,324.245,262.054,55.1,20250909
120.1223,64.01,15.35,0.5,2.35,-0.4255,4.22,6605962.0,324.245,262.054,55.1,20250910
119.9534,62.71,14.71,0.49,2.34,-0.4255,4.22,6605962.0,324.245,262.054,55.1,20250911
120.0611,63.02,14.76,0.5,2.36,-0.5699,4.22,6605962.0,324.245,262.054,55.1,20250912
119.5644,63.66,15.69,0.51,2.37,-0.5699,4.22,6605962.0,324.245,262.054,55.1,20250915
119.1348,64.89,16.36,0.53,2.37,-0.5699,4.22,6605962.0,324.245,262.054,55.1,20250916
119.1582,64.41,15.72,0.54,2.38,-0.5699,4.22,6608597.0,324.245,262.054,55.1,20250917
119.6616,63.91,15.7,0.54,2.38,-0.5699,4.22,6608597.0,324.245,262.054,55.1,20250918
119.7858,63.02,15.45,0.57,2.39,-0.5959,4.22,6608597.0,324.245,262.054,55.1,20250919
119.8152,62.99,16.1,0.54,2.37,-0.5959,4.22,6608597.0,324.245,262.054,55.1,20250922
119.6202,63.76,16.64,0.59,2.37,-0.5959,4.22,6608597.0,324.245,262.054,55.1,20250923
120.1707,65.4,16.18,0.59,2.38,-0.5959,4.22,6608395.0,324.245,262.054,55.1,20250924
120.5419,65.51,16.74,0.54,2.38,-0.5959,4.22,6608395.0,324.245,262.054,55.1,20250925
120.4349,66.5,15.29,0.57,2.38,-0.5393,4.22,6608395.0,324.245,262.054,55.1,20250926
120.115,64.27,16.12,0.52,2.35,-0.5393,4.22,6608395.0,324.245,262.054,55.1,20250929
120.1368,63.17,16.28,0.56,2.36,-0.5393,4.22,6608395.0,324.245,262.054,55.1,20250930
120.1502,62.59,16.29,0.57,2.35,-0.5393,4.09,6587119.0,324.245,260.591,53.6,20251001
120.4296,61.28,16.63,0.55,2.34,-0.5393,4.09,6587119.0,324.245,260.591,53.6,20251002
120.0881,61.65,16.65,0.55,2.33,-0.4991,4.09,6587119.0,324.245,260.591,53.6,20251003
120.2722,62.49,16.37,0.58,2.34,-0.4991,4.09,6587119.0,324.245,260.591,53.6,20251006
120.4884,62.52,17.24,0.57,2.35,-0.4991,4.09,6587119.0,324.245,260.591,53.6,20251007
120.7766,63.37,16.3,0.55,2.35,-0.4991,4.09,6590815.0,324.245,260.591,53.6,20251008
121.0902,62.36,16.43,0.54,2.34,-0.4991,4.09,6590815.0,324.245,260.591,53.6,20251009
121.1163,59.75,21.66,0.53,2.3,-0.4881,4.09,6590815.0,324.245,260.591,53.6,20251010
121.1163,59.75,19.03,0.53,2.3,-0.4881,4.09,6590815.0,324.245,260.591,53.6,20251013
121.1822,59.52,20.81,0.55,2.3,-0.4881,4.09,6590815.0,324.245,260.591,53.6,20251014
120.8642,59.08,20.64,0.55,2.29,-0.4881,4.09,6596454.0,324.245,260.591,53.6,20251015
120.6698,58.29,25.31,0.58,2.28,-0.4881,4.09,6596454.0,324.245,260.591,53.6,20251016
120.7028,58.3,20.78,0.56,2.27,-0.3718,4.09,6596454.0,324.245,260.591,53.6,20251017
120.6209,58.34,18.23,0.54,2.26,-0.3718,4.09,6596454.0,324.245,260.591,53.6,20251020
120.8895,58.66,17.87,0.53,2.28,-0.3718,4.09,6596454.0,324.245,260.591,53.6,20251021
120.8958,59.3,18.6,0.52,2.29,-0.3718,4.09,6589533.0,324.245,260.591,53.6,20251022
120.9531,62.44,17.3,0.53,2.3,-0.3718,4.09,6589533.0,324.245,260.591,53.6,20251023
120.9345,62.27,16.37,0.54,2.29,-0.5129,4.09,6589533.0,324.245,260.591,53.6,20251024
120.7988,62.13,15.79,0.53,2.28,-0.5129,4.09,6589533.0,324.245,260.591,53.6,20251027
120.6361,60.97,16.42,0.52,2.28,-0.5129,4.09,6589533.0,324.245,260.591,53.6,20251028
120.5312,61.26,16.92,0.49,2.3,-0.5129,4.09,6587034.0,324.245,260.591,53.6,20251029
121.2832,61.36,16.91,0.5,2.29,-0.5129,4.09,6587034.0,324.245,260.591,53.6,20251030
121.3859,61.75,17.44,0.51,2.3,-0.4624,4.09,6587034.0,324.245,260.591,53.6,20251031
121.4512,61.79,17.17,0.53,2.31,-0.4624,3.88,6587034.0,325.063,261.914,51.0,20251103
121.8271,61.38,19.0,0.52,2.29,-0.4624,3.88,6587034.0,325.063,261.914,51.0,20251104
121.8482,60.4,18.01,0.54,2.3,-0.4624,3.88,6572732.0,325.063,261.914,51.0,20251105
121.6948,60.24,19.5,0.54,2.28,-0.4624,3.88,6572732.0,325.063,261.914,51.0,20251106
121.388,60.54,19.08,0.56,2.28,-0.3127,3.88,6572732.0,325.063,261.914,51.0,20251107
121.2984,60.94,17.6,0.55,2.29,-0.3127,3.88,6572732.0,325.063,261.914,51.0,20251110
121.2984,60.94,17.28,0.55,2.29,-0.3127,3.88,6572732.0,325.063,261.914,51.0,20251111
121.0458,59.3,17.51,0.52,2.27,-0.3127,3.88,6580462.0,325.063,261.914,51.0,20251112
120.7725,59.54,20.0,0.53,2.28,-0.3127,3.88,6580462.0,325.063,261.914,51.0,20251113
120.9666,60.87,19.83,0.52,2.28,-0.5093,3.88,6580462.0,325.063,261.914,51.0,20251114
121.1146,60.66,22.38,0.53,2.28,-0.5093,3.88,6580462.0,325.063,261.914,51.0,20251117
121.2127,61.51,24.69,0.54,2.27,-0.5093,3.88,6580462.0,325.063,261.914,51.0,20251118
121.4978,60.27,23.66,0.55,2.27,-0.5093,3.88,6555283.0,325.063,261.914,51.0,20251119
121.6889,60.07,26.42,0.55,2.24,-0.5093,3.88,6555283.0,325.063,261.914,51.0,20251120
121.8653,58.86,23.43,0.55,2.24,-0.1342,3.88,6555283.0,325.063,261.914,51.0,20251121
121.9171,59.11,20.52,0.58,2.23,-0.1342,3.88,6555283.0,325.063,261.914,51.0,20251124
121.6335,58.25,18.56,0.58,2.22,-0.1342,3.88,6555283.0,325.063,261.914,51.0,20251125
121.2437,58.81,17.19,0.55,2.23,-0.1342,3.88,6552419.0,325.063,261.914,51.0,20251126
121.2437,58.81,17.21,0.55,2.23,-0.1342,3.88,6552419.0,325.063,261.914,51.0,20251127
121.0527,58.58,16.35,0.55,2.23,-0.3972,3.88,6552419.0,325.063,261.914,51.0,20251128
120.9862,59.47,17.24,0.55,2.24,-0.3972,3.72,6552419.0,326.031,261.349,52.9,20251201
121.1467,58.81,16.59,0.58,2.24,-0.3972,3.72,6552419.0,326.031,261.349,52.9,20251202
120.7336,59.09,16.08,0.57,2.24,-0.3972,3.72,6535781.0,326.031,261.349,52.9,20251203
120.6766,59.82,15.78,0.59,2.26,-0.3972,3.72,6535781.0,326.031,261.349,52.9,20251204
120.6863,60.23,15.41,0.58,2.26,-0.4254,3.72,6535781.0,326.031,261.349,52.9,20251205
120.776,59.04,16.66,0.6,2.26,-0.4254,3.72,6535781.0,326.031,261.349,52.9,20251208
120.6832,58.4,16.93,0.57,2.26,-0.4254,3.72,6535781.0,326.031,261.349,52.9,20251209
120.6752,58.67,15.77,0.59,2.25,-0.4254,3.72,6539303.0,326.031,261.349,52.9,20251210
119.98,57.76,14.85,0.62,2.25,-0.4254,3.72,6539303.0,326.031,261.349,52.9,20251211
120.1442,57.61,15.74,0.67,2.26,-0.3591,3.72,6539303.0,326.031,261.349,52.9,20251212
119.9561,56.97,16.5,0.67,2.25,-0.3591,3.72,6539303.0,326.031,261.349,52.9,20251215
119.8902,55.44,16.48,0.67,2.23,-0.3591,3.72,6539303.0,326.031,261.349,52.9,20251216
120.155,56.07,17.62,0.67,2.24,-0.3591,3.72,6556861.0,326.031,261.349,52.9,20251217
120.0528,56.22,16.87,0.66,2.24,-0.3591,3.72,6556861.0,326.031,261.349,52.9,20251218
120.1652,56.8,14.91,0.68,2.24,-0.3397,3.72,6556861.0,326.031,261.349,52.9,20251219
119.9912,58.18,14.08,0.73,2.23,-0.3397,3.72,6556861.0,326.031,261.349,52.9,20251222
119.7057,58.55,14.0,0.7,2.24,-0.3397,3.72,6556861.0,326.031,261.349,52.9,20251223
119.4372,58.72,13.47,0.68,2.24,-0.3397,3.72,6581231.0,326.031,261.349,52.9,20251224
119.4372,58.72,13.47,0.68,2.24,-0.3397,3.72,6581231.0,326.031,261.349,52.9,20251225
119.4723,56.6,13.6,0.68,2.23,-0.5804,3.72,6581231.0,326.031,261.349,52.9,20251226
119.5899,57.89,14.2,0.67,2.22,-0.5804,3.72,6581231.0,326.031,261.349,52.9,20251229
119.4939,57.79,14.33,0.69,2.24,-0.5804,3.72,6581231.0,326.031,261.349,52.9,20251230
119.7456,57.26,14.95,0.71,2.25,-0.5804,3.72,6640618.0,326.031,261.349,52.9,20251231
119.7456,57.26,14.95,0.71,2.25,-0.5804,3.64,6640618.0,326.588,263.485,56.4,20260101
119.6059,57.21,14.51,0.72,2.25,-0.564,3.64,6640618.0,326.588,263.485,56.4,20260102
119.6192,58.1,14.9,0.71,2.26,-0.564,3.64,6640618.0,326.588,263.485,56.4,20260105
119.7807,56.97,14.75,0.71,2.27,-0.564,3.64,6640618.0,326.588,263.485,56.4,20260106
119.8719,56.01,15.38,0.68,2.27,-0.564,3.64,6573602.0,326.588,263.485,56.4,20260107
120.0904,57.74,15.45,0.7,2.27,-0.564,3.64,6573602.0,326.588,263.485,56.4,20260108
120.2215,58.96,14.49,0.64,2.28,-0.6627,3.64,6573602.0,326.588,263.485,56.4,20260109
119.9958,59.39,15.12,0.65,2.29,-0.6627,3.64,6573602.0,326.588,263.485,56.4,20260112
120.1401,60.85,15.98,0.65,2.3,-0.6627,3.64,6573602.0,326.588,263.485,56.4,20260113
119.9537,61.84,16.75,0.64,2.29,-0.6627,3.64,6581700.0,326.588,263.485,56.4,20260114
119.9951,59.13,15.84,0.61,2.29,-0.6627,3.64,6581700.0,326.588,263.485,56.4,20260115
120.0838,59.4,15.86,0.65,2.33,-0.6501,3.64,6581700.0,326.588,263.485,56.4,20260116
120.0838,59.4,18.84,0.65,2.33,-0.6501,3.64,6581700.0,326.588,263.485,56.4,20260119
119.4455,60.3,20.09,0.7,2.33,-0.6501,3.64,6581700.0,326.588,263.485,56.4,20260120
119.3431,60.38,16.9,0.66,2.34,-0.6501,3.64,6584580.0,326.588,263.485,56.4,20260121
119.1962,59.24,15.64,0.65,2.31,-0.6501,3.64,6584580.0,326.588,263.485,56.4,20260122
118.8976,60.7,16.09,0.64,2.32,-0.7114,3.64,6584580.0,326.588,263.485,56.4,20260123
118.0525,60.46,16.15,0.66,2.32,-0.7114,3.64,6584580.0,326.588,263.485,56.4,20260126
117.4523,62.04,16.35,0.71,2.34,-0.7114,3.64,6584580.0,326.588,263.485,56.4,20260127
117.5117,62.75,16.35,0.7,2.36,-0.7114,3.64,6587568.0,326.588,263.485,56.4,20260128
117.4396,64.77,16.88,0.71,2.35,-0.7114,3.64,6587568.0,326.588,263.485,56.4,20260129
117.8996,64.5,17.44,0.74,2.36,-0.6779,3.64,6587568.0,326.588,263.485,56.4,20260130
118.3609,61.6,16.34,0.72,2.35,-0.6779,3.64,6587568.0,327.46,269.296,56.6,20260202
117.9764,62.62,18.0,0.71,2.36,-0.6779,3.64,6587568.0,327.46,269.296,56.6,20260203
118.2602,64.56,18.64,0.72,2.35,-0.6779,3.64,6605909.0,327.46,269.296,56.6,20260204
118.5034,62.9,21.77,0.74,2.32,-0.6779,3.64,6605909.0,327.46,269.296,56.6,20260205
118.2407,63.77,17.76,0.72,2.34,-0.6553,3.64,6605909.0,327.46,269.296,56.6,20260206
117.6392,64.53,17.36,0.74,2.35,-0.6553,3.64,6605909.0,327.46,269.296,56.6,20260209
117.5216,64.2,17.79,0.71,2.32,-0.6553,3.64,6605909.0,327.46,269.296,56.6,20260210
117.4601,64.8,17.65,0.66,2.32,-0.6553,3.64,6622382.0,327.46,269.296,56.6,20260211
117.5376,63.08,20.82,0.62,2.29,-0.6553,3.64,6622382.0,327.46,269.296,56.6,20260212
117.5258,63.05,20.6,0.64,2.27,-0.6203,3.64,6622382.0,327.46,269.296,56.6,20260213
117.5258,63.05,21.2,0.64,2.27,-0.6203,3.64,6622382.0,327.46,269.296,56.6,20260216
117.7375,62.53,20.29,0.62,2.26,-0.6203,3.64,6622382.0,327.46,269.296,56.6,20260217
117.8426,65.33,19.62,0.62,2.29,-0.6203,3.64,6613395.0,327.46,269.296,56.6,20260218
118.2354,66.66,20.23,0.61,2.29,-0.6203,3.64,6613395.0,327.46,269.296,56.6,20260219
117.9917,66.69,19.09,0.6,2.28,-0.4879,3.64,6613395.0,327.46,269.296,56.6,20260220
117.9395,66.36,21.01,0.6,2.26,-0.4879,3.64,6613395.0,327.46,269.296,56.6,20260223
117.9463,65.62,19.55,0.61,2.26,-0.4879,3.64,6613395.0,327.46,269.296,56.6,20260224
117.769,65.3,17.93,0.6,2.28,-0.4879,3.64,6613797.0,327.46,269.296,56.6,20260225
117.9042,65.1,18.63,0.6,2.28,-0.4879,3.64,6613797.0,327.46,269.296,56.6,20260226
117.8223,66.96,19.86,0.59,2.25,-0.4429,3.64,6613797.0,327.46,269.296,56.6,20260227
118.667,71.13,21.44,0.58,2.29,-0.4429,3.64,6613797.0,330.293,274.102,56.6,20260302
119.4341,74.48,23.57,0.55,2.29,-0.4429,3.64,6613797.0,330.293,274.102,56.6,20260303
119.0705,74.58,21.15,0.55,2.29,-0.4429,3.64,6628894.0,330.293,274.102,56.6,20260304
119.5683,80.88,23.75,0.56,2.31,-0.4429,3.64,6628894.0,330.293,274.102,56.6,20260305
119.491,90.77,29.49,0.59,2.35,-0.4286,3.64,6628894.0,330.293,274.102,56.6,20260306
119.5151,94.65,25.5,0.56,2.34,-0.4286,3.64,6628894.0,330.293,274.102,56.6,20260309
118.7255,83.71,24.93,0.58,2.33,-0.4286,3.64,6628894.0,330.293,274.102,56.6,20260310
119.2885,86.8,24.23,0.57,2.36,-0.4286,3.64,6646344.0,330.293,274.102,56.6,20260311
119.8227,95.61,27.29,0.51,2.38,-0.4286,3.64,6646344.0,330.293,274.102,56.6,20260312
120.5518,98.48,27.19,0.55,2.36,-0.2988,3.64,6646344.0,330.293,274.102,56.6,20260313
120.097,93.39,23.51,0.55,2.36,-0.2988,3.64,6646344.0,330.293,274.102,56.6,20260316
119.8328,96.01,22.37,0.52,2.37,-0.2988,3.64,6646344.0,330.293,274.102,56.6,20260317
119.9276,96.12,25.09,0.5,2.4,-0.2988,3.64,6655939.0,330.293,274.102,56.6,20260318
120.1802,96.11,24.06,0.46,2.37,-0.2988,3.64,6655939.0,330.293,274.102,56.6,20260319
120.2757,98.71,26.78,0.51,2.38,-0.3671,3.64,6655939.0,330.293,274.102,56.6,20260320
119.9371,89.33,26.15,0.51,2.33,-0.3671,3.64,6655939.0,330.293,274.102,56.6,20260323
120.1295,93.18,26.95,0.49,2.33,-0.3671,3.64,6655939.0,330.293,274.102,56.6,20260324
120.1282,91.51,25.33,0.49,2.31,-0.3671,3.64,6657161.0,330.293,274.102,56.6,20260325
120.389,96.18,27.44,0.46,2.34,-0.3671,3.64,6657161.0,330.293,274.102,56.6,20260326
120.8851,101.26,31.05,0.56,2.31,-0.1818,3.64,6657161.0,330.293,274.102,56.6,20260327
121.2851,104.69,30.61,0.53,2.31,-0.1818,3.64,6657161.0,330.293,274.102,56.6,20260330
121.035,102.86,25.25,0.51,2.3,-0.1818,3.64,6657161.0,330.293,274.102,56.6,20260331
120.1198,101.9,24.54,0.52,2.31,-0.1818,3.64,6675344.0,330.293,274.102,56.6,20260401
120.503,113.23,23.87,0.52,2.34,-0.1818,3.64,6675344.0,330.293,274.102,56.6,20260402
120.6565,113.23,23.87,0.51,2.36,-0.241,3.64,6675344.0,330.293,274.102,56.6,20260403
120.4302,114.01,24.17,0.5,2.36,-0.241,3.64,6675344.0,330.293,274.102,56.6,20260406
120.32,114.58,25.78,0.52,2.37,-0.241,3.64,6675344.0,330.293,274.102,56.6,20260407
119.0596,96.17,21.04,0.5,2.33,-0.241,3.64,6693871.0,330.293,274.102,56.6,20260408
118.8998,99.62,19.49,0.51,2.34,-0.241,3.64,6693871.0,330.293,274.102,56.6,20260409
118.8552,98.34,19.23,0.5,2.36,-0.6475,3.64,6693871.0,330.293,274.102,56.6,20260410
118.8552,100.72,19.12,0.52,2.38,-0.6475,3.64,6693871.0,330.293,274.102,56.6,20260413
118.8552,100.72,18.36,0.5,2.37,-0.6475,3.64,6693871.0,330.293,274.102,56.6,20260414
118.8552,100.72,18.36,0.53,2.39,-0.6475,3.64,6693871.0,330.293,274.102,56.6,20260415
