stock_id,Date,Close,y_true,y_pred,y_proba,y_return
Invesco DB Agriculture Fund,2025-06-05,26.3111,1,0,0.44385418,0.008068837866907819
Invesco DB Agriculture Fund,2025-06-06,26.5234,0,1,0.5095558,-0.003272581946507591
Invesco DB Agriculture Fund,2025-06-09,26.4366,0,0,0.46525407,-0.011684558528706313
Invesco DB Agriculture Fund,2025-06-10,26.1277,0,1,0.5047436,-0.0007386796388507699
Invesco DB Agriculture Fund,2025-06-11,26.1084,0,1,0.51259905,-0.0014784513796325394
Invesco DB Agriculture Fund,2025-06-12,26.0698,0,0,0.4046574,-0.0018527184711812916
Invesco DB Agriculture Fund,2025-06-13,26.0215,1,0,0.4453385,0.007789712353246436
Invesco DB Agriculture Fund,2025-06-16,26.2242,0,0,0.44361046,-0.01030346016275041
Invesco DB Agriculture Fund,2025-06-17,25.954,0,1,0.51705986,-0.004091854820066354
Invesco DB Agriculture Fund,2025-06-18,25.8478,0,0,0.48078898,-0.013815489132537384
Invesco DB Agriculture Fund,2025-06-20,25.4907,1,1,0.62162626,0.0026519475730364395
Invesco DB Agriculture Fund,2025-06-23,25.5583,0,1,0.5228838,-0.0071757511258573325
Invesco DB Agriculture Fund,2025-06-24,25.3749,0,1,0.5672467,-0.00798820882052742
Invesco DB Agriculture Fund,2025-06-25,25.1722,1,1,0.50411457,0.0023001565218772058
Invesco DB Agriculture Fund,2025-06-26,25.2301,1,1,0.5556231,0.007269095247343316
Invesco DB Agriculture Fund,2025-06-27,25.4135,0,1,0.54647404,-0.006838884844669213
Invesco DB Agriculture Fund,2025-06-30,25.2397,0,1,0.5060331,-0.0191206710063907
Invesco DB Agriculture Fund,2025-07-01,24.7571,1,1,0.6073864,0.008579357032932
Invesco DB Agriculture Fund,2025-07-02,24.9695,1,1,0.60597926,0.0007729429904483887
Invesco DB Agriculture Fund,2025-07-03,24.9888,0,1,0.5832216,-0.006951114099116418
Invesco DB Agriculture Fund,2025-07-07,24.8151,1,1,0.60923886,0.001164613481307697
Invesco DB Agriculture Fund,2025-07-08,24.844,1,1,0.5658665,0.007382064079858308
Invesco DB Agriculture Fund,2025-07-09,25.0274,0,1,0.5287875,-0.006169238514587949
Invesco DB Agriculture Fund,2025-07-10,24.873,0,0,0.46210042,0.0
Invesco DB Agriculture Fund,2025-07-11,24.873,1,0,0.47271177,0.004265669601575928
Invesco DB Agriculture Fund,2025-07-14,24.9791,0,1,0.50224394,-0.010044397115988923
Invesco DB Agriculture Fund,2025-07-15,24.7282,1,0,0.47433785,0.010146310689819638
Invesco DB Agriculture Fund,2025-07-16,24.9791,0,1,0.53241485,-0.0038632296599957483
Invesco DB Agriculture Fund,2025-07-17,24.8826,1,0,0.4799387,0.009697539646178477
Invesco DB Agriculture Fund,2025-07-18,25.1239,0,1,0.51580274,-0.004995243572852859
Invesco DB Agriculture Fund,2025-07-21,24.9984,1,1,0.51340145,0.0027041730670762654
Invesco DB Agriculture Fund,2025-07-22,25.066,1,0,0.4333254,0.008856618527088633
Invesco DB Agriculture Fund,2025-07-23,25.288,0,0,0.47995868,0.0
Invesco DB Agriculture Fund,2025-07-24,25.288,0,0,0.44760177,-0.004579247073710824
Invesco DB Agriculture Fund,2025-07-25,25.1722,1,0,0.45861027,0.005752377622933347
Invesco DB Agriculture Fund,2025-07-28,25.317,0,0,0.446748,-0.00838961962317808
Invesco DB Agriculture Fund,2025-07-29,25.1046,0,1,0.54120266,-0.0019199668586633578
Invesco DB Agriculture Fund,2025-07-30,25.0564,0,1,0.5677412,-0.002314777861145201
Invesco DB Agriculture Fund,2025-07-31,24.9984,0,0,0.47659782,-0.008880568356374852
Invesco DB Agriculture Fund,2025-08-01,24.7764,1,0,0.39199585,0.0023409373436011904
Invesco DB Agriculture Fund,2025-08-04,24.8344,1,0,0.38877925,0.007380891022130687
Invesco DB Agriculture Fund,2025-08-05,25.0177,1,1,0.5043209,0.0027020869224587685
Invesco DB Agriculture Fund,2025-08-06,25.0853,1,1,0.5880779,0.010005860005660727
Invesco DB Agriculture Fund,2025-08-07,25.3363,0,0,0.49263674,-0.0015235057999787305
Invesco DB Agriculture Fund,2025-08-08,25.2977,1,1,0.62576795,0.016021219320333513
Invesco DB Agriculture Fund,2025-08-11,25.703,1,1,0.58471143,0.006761856592615745
Invesco DB Agriculture Fund,2025-08-12,25.8768,1,1,0.50201696,0.003354356025474514
Invesco DB Agriculture Fund,2025-08-13,25.9636,0,1,0.55596894,-0.011150225700596206
Invesco DB Agriculture Fund,2025-08-14,25.6741,1,1,0.52200156,0.017293692865572696
Invesco DB Agriculture Fund,2025-08-15,26.1181,0,0,0.37475118,-0.0014779022976403322
Invesco DB Agriculture Fund,2025-08-18,26.0795,1,0,0.42223373,0.004068329530857673
Invesco DB Agriculture Fund,2025-08-19,26.1856,1,0,0.45378146,0.002581571550775985
Invesco DB Agriculture Fund,2025-08-20,26.2532,1,1,0.50769275,0.0029405939085520583
Invesco DB Agriculture Fund,2025-08-21,26.3304,1,1,0.52223945,0.011363291100780826
Invesco DB Agriculture Fund,2025-08-22,26.6296,0,0,0.49295443,-0.0003605010965240796
Invesco DB Agriculture Fund,2025-08-25,26.62,0,0,0.48214647,-0.005803906836964745
Invesco DB Agriculture Fund,2025-08-26,26.4655,1,1,0.5384621,0.009484045266479058
Invesco DB Agriculture Fund,2025-08-27,26.7165,0,1,0.5257206,-0.005779200119776173
Invesco DB Agriculture Fund,2025-08-28,26.5621,1,0,0.48442847,0.009084372094073867
Invesco DB Agriculture Fund,2025-08-29,26.8034,0,1,0.54977936,-0.011524657319593845
Invesco DB Agriculture Fund,2025-09-02,26.4945,0,1,0.6014898,-0.004736832172715033
Invesco DB Agriculture Fund,2025-09-03,26.369,0,1,0.61931205,-0.0029276802305738814
Invesco DB Agriculture Fund,2025-09-04,26.2918,0,1,0.60479754,-0.0029362767098486398
Invesco DB Agriculture Fund,2025-09-05,26.2146,1,1,0.5864084,0.004417385731615209
Invesco DB Agriculture Fund,2025-09-08,26.3304,0,1,0.5602005,-0.0065969373803663744
Invesco DB Agriculture Fund,2025-09-09,26.1567,1,1,0.6101491,0.004056322089560194
Invesco DB Agriculture Fund,2025-09-10,26.2628,1,1,0.57543904,0.007352605205842577
Invesco DB Agriculture Fund,2025-09-11,26.4559,1,1,0.53106016,0.0032809316636364105
Invesco DB Agriculture Fund,2025-09-12,26.5427,1,1,0.54502076,0.01491182132940505
Invesco DB Agriculture Fund,2025-09-15,26.9385,0,1,0.5028111,-0.005375206488854256
Invesco DB Agriculture Fund,2025-09-16,26.7937,0,1,0.54759306,-0.02089297110888022
Invesco DB Agriculture Fund,2025-09-17,26.2339,0,0,0.45827353,-0.0036784465900990826
Invesco DB Agriculture Fund,2025-09-18,26.1374,0,1,0.55107605,-0.004063143235363942
Invesco DB Agriculture Fund,2025-09-19,26.0312,0,1,0.5741207,-0.004448507944312841
Invesco DB Agriculture Fund,2025-09-22,25.9154,0,1,0.5441601,-0.001489461864374153
Invesco DB Agriculture Fund,2025-09-23,25.8768,1,1,0.5588861,0.003354356025474514
Invesco DB Agriculture Fund,2025-09-24,25.9636,0,1,0.650463,-0.0022300451401192634
Invesco DB Agriculture Fund,2025-09-25,25.9057,1,1,0.63867956,0.005215068498438669
Invesco DB Agriculture Fund,2025-09-26,26.0408,0,1,0.5793622,-0.0025920862646310328
Invesco DB Agriculture Fund,2025-09-29,25.9733,0,1,0.60923123,-0.005574955820015215
Invesco DB Agriculture Fund,2025-09-30,25.8285,1,1,0.652195,0.0018700272954295105
Invesco DB Agriculture Fund,2025-10-01,25.8768,0,1,0.62313026,-0.004849904161256413
Invesco DB Agriculture Fund,2025-10-02,25.7513,0,1,0.6577781,-0.0003766800122713132
Invesco DB Agriculture Fund,2025-10-03,25.7416,1,1,0.5655809,0.0026260993877615935
Invesco DB Agriculture Fund,2025-10-06,25.8092,0,1,0.55702037,-0.00523456751855933
Invesco DB Agriculture Fund,2025-10-07,25.6741,1,1,0.5430903,0.0015034606860611088
Invesco DB Agriculture Fund,2025-10-08,25.7127,0,0,0.44490677,-0.005631458384378174
Invesco DB Agriculture Fund,2025-10-09,25.5679,0,1,0.5904357,-0.00641820407620497
Invesco DB Agriculture Fund,2025-10-10,25.4038,1,1,0.5664894,0.003420748077059388
Invesco DB Agriculture Fund,2025-10-13,25.4907,1,1,0.5291281,0.0068142499029058
Invesco DB Agriculture Fund,2025-10-14,25.6644,0,1,0.55624217,-0.00037405900780840273
Invesco DB Agriculture Fund,2025-10-15,25.6548,1,1,0.723327,0.005644167952975732
Invesco DB Agriculture Fund,2025-10-16,25.7996,0,1,0.59278065,-0.007108637343214763
Invesco DB Agriculture Fund,2025-10-17,25.6162,1,1,0.68365264,0.008666390799572099
Invesco DB Agriculture Fund,2025-10-20,25.8382,1,1,0.63264775,0.002240868171931476
Invesco DB Agriculture Fund,2025-10-21,25.8961,1,0,0.30145165,0.004842428010395361
Invesco DB Agriculture Fund,2025-10-22,26.0215,0,1,0.5747265,-0.0014833887362373233
Invesco DB Agriculture Fund,2025-10-23,25.9829,0,1,0.5589013,-0.01225806203310642
Invesco DB Agriculture Fund,2025-10-24,25.6644,0,1,0.5707958,-0.011280216954224542
Invesco DB Agriculture Fund,2025-10-27,25.3749,0,0,0.45363748,-0.0049458322988464865
Invesco DB Agriculture Fund,2025-10-28,25.2494,1,1,0.50384015,0.006114996792002891
Invesco DB Agriculture Fund,2025-10-29,25.4038,0,0,0.41111022,-0.0022791865783858833
Invesco DB Agriculture Fund,2025-10-30,25.3459,1,1,0.5091082,0.00419002678934266
Invesco DB Agriculture Fund,2025-10-31,25.4521,1,1,0.5000417,0.02085486069911724
Invesco DB Agriculture Fund,2025-11-03,25.9829,0,0,0.44495946,-0.010029673362095815
Invesco DB Agriculture Fund,2025-11-04,25.7223,0,1,0.58269674,-0.0037516085264536203
Invesco DB Agriculture Fund,2025-11-05,25.6258,0,1,0.70365185,-0.016573141131203784
Invesco DB Agriculture Fund,2025-11-06,25.2011,1,1,0.7930291,0.0034482621790319357
Invesco DB Agriculture Fund,2025-11-07,25.288,1,1,0.69851834,0.0156477380575768
Invesco DB Agriculture Fund,2025-11-10,25.6837,0,1,0.7001438,-0.002628126009881826
Invesco DB Agriculture Fund,2025-11-11,25.6162,0,1,0.6277549,-0.005277910072532088
Invesco DB Agriculture Fund,2025-11-12,25.481,0,1,0.51068026,-0.006059416820376029
Invesco DB Agriculture Fund,2025-11-13,25.3266,0,1,0.6502708,-0.00571730907425394
Invesco DB Agriculture Fund,2025-11-14,25.1818,1,1,0.75082463,0.01303322240665894
Invesco DB Agriculture Fund,2025-11-17,25.51,0,1,0.6395691,-0.0011368090944727793
Invesco DB Agriculture Fund,2025-11-18,25.481,0,1,0.55900156,-0.011742082335858162
Invesco DB Agriculture Fund,2025-11-19,25.1818,0,1,0.55309695,-0.00574621353517224
Invesco DB Agriculture Fund,2025-11-20,25.0371,0,0,0.49341103,-0.0023165622216630988
Invesco DB Agriculture Fund,2025-11-21,24.9791,0,1,0.5786893,-0.007726459319991386
Invesco DB Agriculture Fund,2025-11-24,24.7861,1,0,0.4690803,0.006620646249309026
Invesco DB Agriculture Fund,2025-11-25,24.9502,1,1,0.5451046,0.010829572508436858
Invesco DB Agriculture Fund,2025-11-26,25.2204,1,1,0.5792836,0.011098158633487065
Invesco DB Agriculture Fund,2025-11-28,25.5003,0,0,0.4887981,-0.004917589204832873
Invesco DB Agriculture Fund,2025-12-01,25.3749,1,1,0.57818717,0.00456356478252129
Invesco DB Agriculture Fund,2025-12-02,25.4907,0,0,0.48523644,-0.0011376698168351629
Invesco DB Agriculture Fund,2025-12-03,25.4617,1,0,0.47189906,0.003032004932899346
Invesco DB Agriculture Fund,2025-12-04,25.5389,1,1,0.59461695,0.0022710453465106806
Invesco DB Agriculture Fund,2025-12-05,25.5969,0,1,0.6333882,-0.0045278920494278285
Invesco DB Agriculture Fund,2025-12-08,25.481,0,1,0.5686618,0.0
Invesco DB Agriculture Fund,2025-12-09,25.481,1,1,0.6404927,0.0034103842078412328
Invesco DB Agriculture Fund,2025-12-10,25.5679,1,1,0.562796,0.005663351311605558
Invesco DB Agriculture Fund,2025-12-11,25.7127,0,0,0.4515995,-0.0045036110560151554
Invesco DB Agriculture Fund,2025-12-12,25.5969,0,0,0.4413139,-0.00678988471260189
Invesco DB Agriculture Fund,2025-12-15,25.4231,0,1,0.52567136,-0.003414217778319739
Invesco DB Agriculture Fund,2025-12-16,25.3363,0,1,0.5554694,-0.0019063557030821743
Invesco DB Agriculture Fund,2025-12-17,25.288,0,1,0.668423,-0.0019099968364442166
Invesco DB Agriculture Fund,2025-12-18,25.2397,1,1,0.7035633,0.001913651905529834
Invesco DB Agriculture Fund,2025-12-19,25.288,1,1,0.5771173,0.006010756089845026
Invesco DB Agriculture Fund,2025-12-22,25.44,1,1,0.54869306,0.0015723270440251014
Invesco DB Agriculture Fund,2025-12-23,25.48,1,0,0.39886913,0.006671899529042236
Invesco DB Agriculture Fund,2025-12-24,25.65,1,0,0.4531138,0.0003898635477583845
Invesco DB Agriculture Fund,2025-12-26,25.66,0,1,0.5832771,-0.000389711613406174
Invesco DB Agriculture Fund,2025-12-29,25.65,0,1,0.55707085,-0.003118908382066188
Invesco DB Agriculture Fund,2025-12-30,25.57,0,1,0.55533105,-0.001955416503715335
Invesco DB Agriculture Fund,2025-12-31,25.52,1,0,0.47421935,0.0015673981191222097
Invesco DB Agriculture Fund,2026-01-02,25.56,1,1,0.59986943,0.010172143974960912
Invesco DB Agriculture Fund,2026-01-05,25.82,1,1,0.6122438,0.0007745933384972759
Invesco DB Agriculture Fund,2026-01-06,25.84,1,1,0.57575744,0.002708978328173295
Invesco DB Agriculture Fund,2026-01-07,25.91,1,1,0.53855187,0.003859513701273798
Invesco DB Agriculture Fund,2026-01-08,26.01,0,1,0.6061576,-0.00884275278738944
Invesco DB Agriculture Fund,2026-01-09,25.78,0,1,0.60668814,-0.005818463925523765
Invesco DB Agriculture Fund,2026-01-12,25.63,0,1,0.55542624,-0.002341006632852083
Invesco DB Agriculture Fund,2026-01-13,25.57,0,1,0.5898944,-0.002346499804458335
Invesco DB Agriculture Fund,2026-01-14,25.51,1,1,0.6769163,0.0031360250882006557
Invesco DB Agriculture Fund,2026-01-15,25.59,1,1,0.71065193,0.00039077764751871413
Invesco DB Agriculture Fund,2026-01-16,25.6,0,1,0.6424143,-0.004296875000000089
Invesco DB Agriculture Fund,2026-01-20,25.49,1,1,0.6642574,0.0023538642604943316
Invesco DB Agriculture Fund,2026-01-21,25.55,1,1,0.588159,0.001956947162426559
Invesco DB Agriculture Fund,2026-01-22,25.6,1,1,0.52444416,0.005468749999999911
Invesco DB Agriculture Fund,2026-01-23,25.74,1,1,0.5087987,0.0007770007770009357
Invesco DB Agriculture Fund,2026-01-26,25.76,1,1,0.60334724,0.0031055900621117516
Invesco DB Agriculture Fund,2026-01-27,25.84,1,1,0.6655219,0.001547987616099089
Invesco DB Agriculture Fund,2026-01-28,25.88,0,1,0.7376969,-0.00038639876352386526
Invesco DB Agriculture Fund,2026-01-29,25.87,0,1,0.6848776,-0.008117510630073488
Invesco DB Agriculture Fund,2026-01-30,25.66,0,1,0.64151263,-0.000389711613406174
Invesco DB Agriculture Fund,2026-02-02,25.65,1,1,0.5899112,0.003898635477582957
Invesco DB Agriculture Fund,2026-02-03,25.75,0,1,0.6438546,-0.0015533980582523865
Invesco DB Agriculture Fund,2026-02-04,25.71,1,1,0.6366988,0.002333722287047868
Invesco DB Agriculture Fund,2026-02-05,25.77,0,1,0.7176797,0.0
Invesco DB Agriculture Fund,2026-02-06,25.77,0,1,0.61981493,-0.0007760962359332213
Invesco DB Agriculture Fund,2026-02-09,25.75,0,1,0.62117106,-0.0007766990291262488
Invesco DB Agriculture Fund,2026-02-10,25.73,1,1,0.59797996,0.003497862417411568
Invesco DB Agriculture Fund,2026-02-11,25.82,1,1,0.53671867,0.0027110766847404655
Invesco DB Agriculture Fund,2026-02-12,25.89,0,1,0.52902293,-0.0038624951718810863
Invesco DB Agriculture Fund,2026-02-13,25.79,0,1,0.57003766,-0.00310197751066299
Invesco DB Agriculture Fund,2026-02-17,25.71,1,1,0.621272,0.005056398288603603
Invesco DB Agriculture Fund,2026-02-18,25.84,1,1,0.5476178,0.0023219814241486336
Invesco DB Agriculture Fund,2026-02-19,25.9,1,1,0.5260122,0.0050193050193050315
Invesco DB Agriculture Fund,2026-02-20,26.03,0,1,0.5036634,-0.0023050326546293354
Invesco DB Agriculture Fund,2026-02-23,25.97,1,1,0.58156586,0.0015402387370042625
Invesco DB Agriculture Fund,2026-02-24,26.01,1,1,0.6149154,0.004229142637447003
Invesco DB Agriculture Fund,2026-02-25,26.12,0,1,0.6434357,-0.0026799387442573153
Invesco DB Agriculture Fund,2026-02-26,26.05,0,1,0.6559949,-0.001151631477927073
Invesco DB Agriculture Fund,2026-02-27,26.02,0,1,0.66487193,-0.0011529592621061235
Invesco DB Agriculture Fund,2026-03-02,25.99,1,1,0.624296,0.001154290111581524
Invesco DB Agriculture Fund,2026-03-03,26.02,1,1,0.6715605,0.003843197540353671
Invesco DB Agriculture Fund,2026-03-04,26.12,1,1,0.71845573,0.011102603369065767
Invesco DB Agriculture Fund,2026-03-05,26.41,1,1,0.6085866,0.01135933358576291
Invesco DB Agriculture Fund,2026-03-06,26.71,0,0,0.47139692,-0.005990265818045626
Invesco DB Agriculture Fund,2026-03-09,26.55,1,1,0.56944203,0.002259887005649608
Invesco DB Agriculture Fund,2026-03-10,26.61,1,1,0.6039373,0.0033821871476888976
Invesco DB Agriculture Fund,2026-03-11,26.7,1,1,0.5538944,0.0018726591760300781
Invesco DB Agriculture Fund,2026-03-12,26.75,0,1,0.59983575,0.0
Invesco DB Agriculture Fund,2026-03-13,26.75,0,1,0.6581972,-0.01121495327102806
Invesco DB Agriculture Fund,2026-03-16,26.45,1,1,0.54991513,0.006427221172022657
Invesco DB Agriculture Fund,2026-03-17,26.62,1,1,0.58898735,0.010894064613072851
Invesco DB Agriculture Fund,2026-03-18,26.91,1,1,0.5842338,0.0022296544035673715
Invesco DB Agriculture Fund,2026-03-19,26.97,0,0,0.44739562,-0.004449388209121108
Invesco DB Agriculture Fund,2026-03-20,26.85,0,0,0.4964116,-0.0003724394785847851
Invesco DB Agriculture Fund,2026-03-23,26.84,1,1,0.59418285,0.0018628912071534387
Invesco DB Agriculture Fund,2026-03-24,26.89,1,1,0.6454432,0.002603198214949698
Invesco DB Agriculture Fund,2026-03-25,26.96,1,1,0.6337625,0.005563798219584415
Invesco DB Agriculture Fund,2026-03-26,27.11,1,1,0.53904533,0.0022132054592403083
Invesco DB Agriculture Fund,2026-03-27,27.17,0,1,0.5598461,-0.001840264998159813
Invesco DB Agriculture Fund,2026-03-30,27.12,1,1,0.65093726,0.007374631268436627
Invesco DB Agriculture Fund,2026-03-31,27.32,0,1,0.7113205,-0.008052708638360162
Invesco DB Agriculture Fund,2026-04-01,27.1,1,1,0.55060595,0.0022140221402213722
Invesco DB Agriculture Fund,2026-04-02,27.16,1,1,0.61056554,0.004418262150220897
Invesco DB Agriculture Fund,2026-04-06,27.28,0,1,0.64665544,-0.009897360703812308
Invesco DB Agriculture Fund,2026-04-07,27.01,0,1,0.6222339,-0.005183265457238129
Invesco DB Agriculture Fund,2026-04-08,26.87,0,1,0.5967361,0.0
Invesco DB Agriculture Fund,2026-04-09,26.87,1,1,0.64027876,0.0007443245254930009
Invesco DB Agriculture Fund,2026-04-10,26.89,1,1,0.6917448,0.0014875418371140814
Invesco DB Agriculture Fund,2026-04-13,26.93,1,1,0.6972016,0.007055328629780977
Invesco DB Agriculture Fund,2026-04-14,27.12,1,1,0.7045982,0.0018436578171092677
Invesco DB Agriculture Fund,2026-04-15,27.17,0,1,0.6456334,-0.0022083179977917533
Invesco DB Agriculture Fund,2026-04-16,27.11,0,1,0.77156854,-0.007008483954260347
Invesco DB Agriculture Fund,2026-04-17,26.92,1,1,0.82895035,0.0026002971768199767
Invesco DB Agriculture Fund,2026-04-20,26.99,1,1,0.797788,0.006669136717302848
Invesco DB Agriculture Fund,2026-04-21,27.17,0,1,0.7866396,-0.0014722119985278725
Invesco DB Agriculture Fund,2026-04-22,27.13,1,1,0.7757952,0.00995208256542579
Invesco DB Agriculture Fund,2026-04-23,27.4,0,1,0.735786,-0.0003649635036495624
Invesco DB Agriculture Fund,2026-04-24,27.39,1,1,0.57297355,0.006571741511500528
Invesco DB Agriculture Fund,2026-04-27,27.57,1,1,0.5528826,0.01414581066376508
Invesco DB Agriculture Fund,2026-04-28,27.96,1,1,0.5874874,0.005364806866952732
Invesco DB Agriculture Fund,2026-04-29,28.11,0,1,0.59139925,-0.0028459622909995375
Invesco DB Agriculture Fund,2026-04-30,28.03,0,0,0.29280084,0.0
Invesco DB Agriculture Fund,2026-04-30,28.03,1,1,0.502828,0.0028540849090259446
Invesco DB Agriculture Fund,2026-05-01,28.11,0,0,0.27024993,0.0
Invesco DB Agriculture Fund,2026-05-01,28.11,0,0,0.3022842,0.0
Invesco DB Agriculture Fund,2026-05-01,28.11,1,1,0.5728273,0.006403415154749181
Invesco DB Agriculture Fund,2026-05-04,28.29,1,1,0.7971131,0.0028278543655002597
Invesco DB Agriculture Fund,2026-05-05,28.37,0,0,0.37550837,-0.010927035600987067
Invesco DB Agriculture Fund,2026-05-06,28.06,0,0,0.33899263,-0.009265858873841681
Invesco DB Agriculture Fund,2026-05-07,27.8,1,1,0.57028973,0.006115107913668982
Invesco DB Agriculture Fund,2026-05-08,27.97,0,1,0.79940474,0.0
Invesco DB Agriculture Fund,2026-05-08,27.97,0,1,0.6769196,0.0
State Street SPDR Dow Jones Industrial Average ETF Trust,2025-06-05,417.8052,1,1,0.71712816,0.01040149811443225
State Street SPDR Dow Jones Industrial Average ETF Trust,2025-06-06,422.151,0,1,0.6282552,-4.666576651479737e-05
State Street SPDR Dow Jones Industrial Average ETF Trust,2025-06-09,422.1313,1,1,0.6552758,0.0029180494315392824
State Street SPDR Dow Jones Industrial Average ETF Trust,2025-06-10,423.3631,0,1,0.60013103,-2.3147978649995515e-05
State Street SPDR Dow Jones Industrial Average ETF Trust,2025-06-11,423.3533,1,1,0.71628046,0.0020715558376420695
State Street SPDR Dow Jones Industrial Average ETF Trust,2025-06-12,424.2303,0,1,0.5815095,-0.017840074129547134
State Street SPDR Dow Jones Industrial Average ETF Trust,2025-06-13,416.662,1,0,0.39593285,0.008206891917189596
State Street SPDR Dow Jones Industrial Average ETF Trust,2025-06-16,420.0815,0,0,0.38695505,-0.007436414124401991
State Street SPDR Dow Jones Industrial Average ETF Trust,2025-06-17,416.9576,0,1,0.69862485,-0.0006379545546117971
State Street SPDR Dow Jones Industrial Average ETF Trust,2025-06-18,416.6916,1,1,0.70393,0.0002822231117689533
State Street SPDR Dow Jones Industrial Average ETF Trust,2025-06-20,416.8092,1,1,0.57562345,0.009389188146518901
State Street SPDR Dow Jones Industrial Average ETF Trust,2025-06-23,420.7227,1,1,0.55721116,0.011909269454678961
State Street SPDR Dow Jones Industrial Average ETF Trust,2025-06-24,425.7332,0,1,0.6352567,-0.0021588638142385763
State Street SPDR Dow Jones Industrial Average ETF Trust,2025-06-25,424.8141,1,1,0.6482572,0.009468141476471681
State Street SPDR Dow Jones Industrial Average ETF Trust,2025-06-26,428.8363,1,1,0.7243393,0.009379569779890407
State Street SPDR Dow Jones Industrial Average ETF Trust,2025-06-27,432.8586,1,1,0.71753997,0.006050012636921176
State Street SPDR Dow Jones Industrial Average ETF Trust,2025-06-30,435.4774,1,1,0.6127865,0.009622313350819311
State Street SPDR Dow Jones Industrial Average ETF Trust,2025-07-01,439.6677,0,1,0.54326504,-0.00040485120922006956
State Street SPDR Dow Jones Industrial Average ETF Trust,2025-07-02,439.4897,1,1,0.8117197,0.007600633188900696
State Street SPDR Dow Jones Industrial Average ETF Trust,2025-07-03,442.8301,0,1,0.80059487,-0.009127654149977626
State Street SPDR Dow Jones Industrial Average ETF Trust,2025-07-07,438.7881,0,1,0.83766276,-0.0036486860058420056
State Street SPDR Dow Jones Industrial Average ETF Trust,2025-07-08,437.1871,1,1,0.66139823,0.004837516934969033
State Street SPDR Dow Jones Industrial Average ETF Trust,2025-07-09,439.302,1,0,0.47515428,0.004454566562410278
State Street SPDR Dow Jones Industrial Average ETF Trust,2025-07-10,441.2589,0,0,0.32664627,-0.0065623605552205255
State Street SPDR Dow Jones Industrial Average ETF Trust,2025-07-11,438.3632,1,0,0.44865984,0.0022768790810907547
State Street SPDR Dow Jones Industrial Average ETF Trust,2025-07-14,439.3613,0,1,0.5350317,-0.009964464325829425
State Street SPDR Dow Jones Industrial Average ETF Trust,2025-07-15,434.9833,1,1,0.5364153,0.0050211123047712025
State Street SPDR Dow Jones Industrial Average ETF Trust,2025-07-16,437.1674,1,1,0.7563677,0.0064652579309436575
State Street SPDR Dow Jones Industrial Average ETF Trust,2025-07-17,439.9938,0,1,0.7655524,-0.003997329053272991
State Street SPDR Dow Jones Industrial Average ETF Trust,2025-07-18,438.235,1,1,0.7217594,0.0004059465811721008
State Street SPDR Dow Jones Industrial Average ETF Trust,2025-07-21,438.4129,1,1,0.71382576,0.0034278188438343626
State Street SPDR Dow Jones Industrial Average ETF Trust,2025-07-22,439.9157,1,0,0.3412528,0.011798851461768622
State Street SPDR Dow Jones Industrial Average ETF Trust,2025-07-23,445.1062,0,0,0.3454284,-0.006885772429141679
State Street SPDR Dow Jones Industrial Average ETF Trust,2025-07-24,442.0413,1,0,0.41617942,0.004271999019096251
State Street SPDR Dow Jones Industrial Average ETF Trust,2025-07-25,443.9297,0,0,0.28523144,-0.001514428973776738
State Street SPDR Dow Jones Industrial Average ETF Trust,2025-07-28,443.2574,0,1,0.5333127,-0.004148605302472186
State Street SPDR Dow Jones Industrial Average ETF Trust,2025-07-29,441.4185,0,1,0.81116796,-0.0038523532656650206
State Street SPDR Dow Jones Industrial Average ETF Trust,2025-07-30,439.718,0,1,0.82915974,-0.007712215556333946
State Street SPDR Dow Jones Industrial Average ETF Trust,2025-07-31,436.3268,0,0,0.4143344,-0.01271157306862658
State Street SPDR Dow Jones Industrial Average ETF Trust,2025-08-01,430.7804,1,0,0.1838931,0.013976959025991054
State Street SPDR Dow Jones Industrial Average ETF Trust,2025-08-04,436.8014,0,0,0.19284092,-0.0015164786559749288
State Street SPDR Dow Jones Industrial Average ETF Trust,2025-08-05,436.139,1,1,0.68383497,0.0018815102524654126
State Street SPDR Dow Jones Industrial Average ETF Trust,2025-08-06,436.9596,0,1,0.86460495,-0.005090859658421598
State Street SPDR Dow Jones Industrial Average ETF Trust,2025-08-07,434.7351,1,1,0.81378573,0.005003046682910961
State Street SPDR Dow Jones Industrial Average ETF Trust,2025-08-08,436.9101,0,1,0.75138825,-0.004321941744995117
State Street SPDR Dow Jones Industrial Average ETF Trust,2025-08-11,435.0218,1,1,0.8136341,0.010613491094009442
State Street SPDR Dow Jones Industrial Average ETF Trust,2025-08-12,439.6389,1,1,0.70168173,0.010659429818425936
State Street SPDR Dow Jones Industrial Average ETF Trust,2025-08-13,444.3252,0,1,0.6291944,-0.000578630246495071
State Street SPDR Dow Jones Industrial Average ETF Trust,2025-08-14,444.0681,1,0,0.49555057,0.001416674604638235
State Street SPDR Dow Jones Industrial Average ETF Trust,2025-08-15,444.6972,0,0,0.39731228,-0.0010676928031029265
State Street SPDR Dow Jones Industrial Average ETF Trust,2025-08-18,444.2224,1,0,0.29719746,0.0005344169947305577
State Street SPDR Dow Jones Industrial Average ETF Trust,2025-08-19,444.4598,1,0,0.42547277,0.00015591961297745094
State Street SPDR Dow Jones Industrial Average ETF Trust,2025-08-20,444.5291,0,1,0.6738464,-0.003137702346145743
State Street SPDR Dow Jones Industrial Average ETF Trust,2025-08-21,443.1343,1,1,0.76424503,0.019399310773280165
State Street SPDR Dow Jones Industrial Average ETF Trust,2025-08-22,451.7308,0,1,0.75091434,-0.007817930501971437
State Street SPDR Dow Jones Industrial Average ETF Trust,2025-08-25,448.1992,1,1,0.81585467,0.00313409751735394
State Street SPDR Dow Jones Industrial Average ETF Trust,2025-08-26,449.6039,1,1,0.6508728,0.0033883158042000705
State Street SPDR Dow Jones Industrial Average ETF Trust,2025-08-27,451.1273,1,1,0.6030278,0.0016667135861652138
State Street SPDR Dow Jones Industrial Average ETF Trust,2025-08-28,451.8792,0,0,0.4152787,-0.001532489213931676
State Street SPDR Dow Jones Industrial Average ETF Trust,2025-08-29,451.1867,0,1,0.6776952,-0.005437438647903359
State Street SPDR Dow Jones Industrial Average ETF Trust,2025-09-02,448.7334,0,1,0.8052826,-0.0007715048623525567
State Street SPDR Dow Jones Industrial Average ETF Trust,2025-09-03,448.3872,1,1,0.82027364,0.008361523254901027
State Street SPDR Dow Jones Industrial Average ETF Trust,2025-09-04,452.1364,0,1,0.801037,-0.0045072681606700415
State Street SPDR Dow Jones Industrial Average ETF Trust,2025-09-05,450.0985,1,1,0.8314608,0.002659640056565271
State Street SPDR Dow Jones Industrial Average ETF Trust,2025-09-08,451.2956,1,1,0.6955104,0.003967466113119711
State Street SPDR Dow Jones Industrial Average ETF Trust,2025-09-09,453.0861,0,1,0.7660028,-0.004541520916223285
State Street SPDR Dow Jones Industrial Average ETF Trust,2025-09-10,451.0284,1,1,0.7082732,0.013137975347007114
State Street SPDR Dow Jones Industrial Average ETF Trust,2025-09-11,456.954,0,1,0.50925124,-0.0056285753051729115
State Street SPDR Dow Jones Industrial Average ETF Trust,2025-09-12,454.382,1,1,0.71785164,0.0016329872222051733
State Street SPDR Dow Jones Industrial Average ETF Trust,2025-09-15,455.124,0,1,0.7218466,-0.002804070978458695
State Street SPDR Dow Jones Industrial Average ETF Trust,2025-09-16,453.8478,1,1,0.76684076,0.005405777002774892
State Street SPDR Dow Jones Industrial Average ETF Trust,2025-09-17,456.3012,1,1,0.5374227,0.002969968082485952
State Street SPDR Dow Jones Industrial Average ETF Trust,2025-09-18,457.6564,1,1,0.59540606,0.003529066784600854
State Street SPDR Dow Jones Industrial Average ETF Trust,2025-09-19,459.2715,1,1,0.77764267,0.0015768450687665414
State Street SPDR Dow Jones Industrial Average ETF Trust,2025-09-22,459.9957,0,1,0.82162476,-0.0017252335184873013
State Street SPDR Dow Jones Industrial Average ETF Trust,2025-09-23,459.2021,0,1,0.7222112,-0.003996932940855458
State Street SPDR Dow Jones Industrial Average ETF Trust,2025-09-24,457.3667,0,1,0.8196877,-0.003448873737418867
State Street SPDR Dow Jones Industrial Average ETF Trust,2025-09-25,455.7893,1,1,0.765148,0.006203524303883379
State Street SPDR Dow Jones Industrial Average ETF Trust,2025-09-26,458.6168,1,1,0.6888898,0.0016440740941019438
State Street SPDR Dow Jones Industrial Average ETF Trust,2025-09-29,459.3708,1,1,0.71537614,0.0015116328682625024
State Street SPDR Dow Jones Industrial Average ETF Trust,2025-09-30,460.0652,1,1,0.81329435,0.0011213627981425667
State Street SPDR Dow Jones Industrial Average ETF Trust,2025-10-01,460.5811,1,1,0.7635468,0.0018307307876941348
State Street SPDR Dow Jones Industrial Average ETF Trust,2025-10-02,461.4243,1,1,0.77708805,0.005160109686464187
State Street SPDR Dow Jones Industrial Average ETF Trust,2025-10-03,463.8053,0,0,0.4762664,-0.0014331444681636718
State Street SPDR Dow Jones Industrial Average ETF Trust,2025-10-06,463.1406,0,1,0.62700987,-0.0018635809514433443
State Street SPDR Dow Jones Industrial Average ETF Trust,2025-10-07,462.2775,1,1,0.7074576,0.00021458972154175804
State Street SPDR Dow Jones Industrial Average ETF Trust,2025-10-08,462.3767,0,0,0.3506146,-0.00551411868288354
State Street SPDR Dow Jones Industrial Average ETF Trust,2025-10-09,459.8271,0,1,0.60905206,-0.018619172293238062
State Street SPDR Dow Jones Industrial Average ETF Trust,2025-10-10,451.2655,1,1,0.5635824,0.012772746864096796
State Street SPDR Dow Jones Industrial Average ETF Trust,2025-10-13,457.0294,1,0,0.16441108,0.004406499888190973
State Street SPDR Dow Jones Industrial Average ETF Trust,2025-10-14,459.0433,0,0,0.4344185,0.0
State Street SPDR Dow Jones Industrial Average ETF Trust,2025-10-15,459.0433,0,1,0.88719565,-0.0068076366652122244
State Street SPDR Dow Jones Industrial Average ETF Trust,2025-10-16,455.9183,1,1,0.9411694,0.005169785902430446
State Street SPDR Dow Jones Industrial Average ETF Trust,2025-10-17,458.2753,1,0,0.4764424,0.011347327687091235
State Street SPDR Dow Jones Industrial Average ETF Trust,2025-10-20,463.4755,1,1,0.5927781,0.0047107128640024865
State Street SPDR Dow Jones Industrial Average ETF Trust,2025-10-21,465.6588,0,0,0.15273897,-0.0073311188363668345
State Street SPDR Dow Jones Industrial Average ETF Trust,2025-10-22,462.245,1,1,0.68274826,0.003241787363843729
State Street SPDR Dow Jones Industrial Average ETF Trust,2025-10-23,463.7435,1,1,0.6956967,0.010528665091801948
State Street SPDR Dow Jones Industrial Average ETF Trust,2025-10-24,468.6261,1,0,0.47383502,0.006649650969077436
State Street SPDR Dow Jones Industrial Average ETF Trust,2025-10-27,471.7423,1,0,0.23986423,0.0037866012863378984
State Street SPDR Dow Jones Industrial Average ETF Trust,2025-10-28,473.5286,0,0,0.4645514,-0.0016347481440402989
State Street SPDR Dow Jones Industrial Average ETF Trust,2025-10-29,472.7545,0,1,0.5266569,-0.002854758653804468
State Street SPDR Dow Jones Industrial Average ETF Trust,2025-10-30,471.4049,1,1,0.7904122,0.0013894637073141869
State Street SPDR Dow Jones Industrial Average ETF Trust,2025-10-31,472.0599,0,1,0.7394957,-0.004625048643191354
State Street SPDR Dow Jones Industrial Average ETF Trust,2025-11-03,469.8766,0,1,0.6873258,-0.005428233710723096
State Street SPDR Dow Jones Industrial Average ETF Trust,2025-11-04,467.326,1,1,0.8278934,0.004693297612373248
State Street SPDR Dow Jones Industrial Average ETF Trust,2025-11-05,469.5193,0,1,0.8099839,-0.008095300874745748
State Street SPDR Dow Jones Industrial Average ETF Trust,2025-11-06,465.7184,1,1,0.8559443,0.001235940001511615
State Street SPDR Dow Jones Industrial Average ETF Trust,2025-11-07,466.294,1,1,0.572534,0.00842794460147478
State Street SPDR Dow Jones Industrial Average ETF Trust,2025-11-10,470.2239,1,1,0.7146123,0.01179778399183884
State Street SPDR Dow Jones Industrial Average ETF Trust,2025-11-11,475.7715,1,0,0.40505385,0.006987808223064995
State Street SPDR Dow Jones Industrial Average ETF Trust,2025-11-12,479.0961,0,0,0.4657655,-0.01661295092988646
State Street SPDR Dow Jones Industrial Average ETF Trust,2025-11-13,471.1369,0,1,0.7207407,-0.006192892129654903
State Street SPDR Dow Jones Industrial Average ETF Trust,2025-11-14,468.2192,0,1,0.8381988,-0.011615072598475273
State Street SPDR Dow Jones Industrial Average ETF Trust,2025-11-17,462.7808,0,1,0.6957939,-0.010764923696056528
State Street SPDR Dow Jones Industrial Average ETF Trust,2025-11-18,457.799,1,0,0.3360445,0.000996944073709205
State Street SPDR Dow Jones Industrial Average ETF Trust,2025-11-19,458.2554,0,0,0.31251004,-0.007926147733338218
State Street SPDR Dow Jones Industrial Average ETF Trust,2025-11-20,454.6232,1,0,0.45999354,0.011028913614615332
State Street SPDR Dow Jones Industrial Average ETF Trust,2025-11-21,459.6372,1,0,0.47710136,0.004042753719672776
State Street SPDR Dow Jones Industrial Average ETF Trust,2025-11-24,461.4954,1,0,0.3606141,0.014511953965304913
State Street SPDR Dow Jones Industrial Average ETF Trust,2025-11-25,468.1926,1,1,0.7368952,0.006727786812521064
State Street SPDR Dow Jones Industrial Average ETF Trust,2025-11-26,471.3425,1,1,0.76659924,0.0059661498803949
State Street SPDR Dow Jones Industrial Average ETF Trust,2025-11-28,474.1546,0,1,0.6000593,-0.008089133797288928
State Street SPDR Dow Jones Industrial Average ETF Trust,2025-12-01,470.3191,1,1,0.843973,0.004098706601539215
State Street SPDR Dow Jones Industrial Average ETF Trust,2025-12-02,472.2468,1,1,0.6091705,0.00873187494335581
State Street SPDR Dow Jones Industrial Average ETF Trust,2025-12-03,476.3704,0,1,0.59614456,-0.0007091120690958519
State Street SPDR Dow Jones Industrial Average ETF Trust,2025-12-04,476.0326,1,1,0.89265764,0.0020038543578737578
State Street SPDR Dow Jones Industrial Average ETF Trust,2025-12-05,476.9865,0,1,0.825985,-0.00391646304455151
State Street SPDR Dow Jones Industrial Average ETF Trust,2025-12-08,475.1184,0,1,0.55629236,-0.003618045522968627
State Street SPDR Dow Jones Industrial Average ETF Trust,2025-12-09,473.3994,1,1,0.74398696,0.010348133098605494
State Street SPDR Dow Jones Industrial Average ETF Trust,2025-12-10,478.2982,1,1,0.5714993,0.013545106379242
State Street SPDR Dow Jones Industrial Average ETF Trust,2025-12-11,484.7768,0,0,0.18903033,-0.005062742276445542
State Street SPDR Dow Jones Industrial Average ETF Trust,2025-12-12,482.3225,0,0,0.24739738,-0.00047374941040490004
State Street SPDR Dow Jones Industrial Average ETF Trust,2025-12-15,482.094,0,0,0.40846756,-0.006575066273382335
State Street SPDR Dow Jones Industrial Average ETF Trust,2025-12-16,478.9242,0,1,0.7439389,-0.004523053961357548
State Street SPDR Dow Jones Industrial Average ETF Trust,2025-12-17,476.758,1,1,0.9182239,0.0014797863905797737
State Street SPDR Dow Jones Industrial Average ETF Trust,2025-12-18,477.4635,1,1,0.91983056,0.003512100924992101
State Street SPDR Dow Jones Industrial Average ETF Trust,2025-12-19,479.1404,1,1,0.72180873,0.004801097966274703
State Street SPDR Dow Jones Industrial Average ETF Trust,2025-12-22,481.4408,1,1,0.62831867,0.001592719187904379
State Street SPDR Dow Jones Industrial Average ETF Trust,2025-12-23,482.2076,1,0,0.27028155,0.005741095743824864
State Street SPDR Dow Jones Industrial Average ETF Trust,2025-12-24,484.976,1,1,0.61285114,4.103295833202125e-05
State Street SPDR Dow Jones Industrial Average ETF Trust,2025-12-26,484.9959,0,1,0.8871239,-0.005009939259280283
State Street SPDR Dow Jones Industrial Average ETF Trust,2025-12-29,482.5661,0,1,0.86712027,-0.0020635515010275496
State Street SPDR Dow Jones Industrial Average ETF Trust,2025-12-30,481.5703,0,1,0.8774595,-0.006244986453691093
State Street SPDR Dow Jones Industrial Average ETF Trust,2025-12-31,478.5629,1,1,0.6467373,0.006367397054807267
State Street SPDR Dow Jones Industrial Average ETF Trust,2026-01-02,481.6101,1,1,0.72171295,0.012695539400024991
State Street SPDR Dow Jones Industrial Average ETF Trust,2026-01-05,487.7244,1,1,0.5947586,0.009882425402542916
State Street SPDR Dow Jones Industrial Average ETF Trust,2026-01-06,492.5443,0,1,0.7284321,-0.009401590882282207
State Street SPDR Dow Jones Industrial Average ETF Trust,2026-01-07,487.9136,1,1,0.7927143,0.005245395906160466
State Street SPDR Dow Jones Industrial Average ETF Trust,2026-01-08,490.4729,1,1,0.7923171,0.005055529061850361
State Street SPDR Dow Jones Industrial Average ETF Trust,2026-01-09,492.9525,1,1,0.76135683,0.0017778589214985097
State Street SPDR Dow Jones Industrial Average ETF Trust,2026-01-12,493.8289,0,1,0.6516295,-0.00798555937086709
State Street SPDR Dow Jones Industrial Average ETF Trust,2026-01-13,489.8854,0,1,0.79820657,-0.000731803805543052
State Street SPDR Dow Jones Industrial Average ETF Trust,2026-01-14,489.5269,1,1,0.88365626,0.0058993693707127814
State Street SPDR Dow Jones Industrial Average ETF Trust,2026-01-15,492.4148,0,1,0.93212855,-0.0017822372520078789
State Street SPDR Dow Jones Industrial Average ETF Trust,2026-01-16,491.5372,0,1,0.8427039,-0.017307947394418988
State Street SPDR Dow Jones Industrial Average ETF Trust,2026-01-20,483.0297,1,1,0.73498416,0.01220918713694008
State Street SPDR Dow Jones Industrial Average ETF Trust,2026-01-21,488.9271,1,0,0.44705495,0.005888403404106679
State Street SPDR Dow Jones Industrial Average ETF Trust,2026-01-22,491.8061,0,1,0.5043815,-0.005590617928488473
State Street SPDR Dow Jones Industrial Average ETF Trust,2026-01-23,489.0566,1,0,0.47769386,0.006375744647960868
State Street SPDR Dow Jones Industrial Average ETF Trust,2026-01-26,492.1747,0,1,0.702481,-0.00809631214282236
State Street SPDR Dow Jones Industrial Average ETF Trust,2026-01-27,488.1899,1,1,0.8494588,0.00014297714885125323
State Street SPDR Dow Jones Industrial Average ETF Trust,2026-01-28,488.2597,1,1,0.92955506,0.00016323280418184538
State Street SPDR Dow Jones Industrial Average ETF Trust,2026-01-29,488.3394,0,1,0.7771828,-0.0024071373311266298
State Street SPDR Dow Jones Industrial Average ETF Trust,2026-01-30,487.1639,1,0,0.3327332,0.010224279754718957
State Street SPDR Dow Jones Industrial Average ETF Trust,2026-02-02,492.1448,0,0,0.19436096,-0.003481495689886316
State Street SPDR Dow Jones Industrial Average ETF Trust,2026-02-03,490.4314,1,1,0.7507889,0.004956248723062995
State Street SPDR Dow Jones Industrial Average ETF Trust,2026-02-04,492.8621,0,1,0.81452984,-0.011804113158629947
State Street SPDR Dow Jones Industrial Average ETF Trust,2026-02-05,487.0443,1,1,0.83445114,0.024789942105882368
State Street SPDR Dow Jones Industrial Average ETF Trust,2026-02-06,499.1181,1,1,0.7513798,0.0003792689545820682
State Street SPDR Dow Jones Industrial Average ETF Trust,2026-02-09,499.3074,1,1,0.54511106,0.001356679272127792
State Street SPDR Dow Jones Industrial Average ETF Trust,2026-02-10,499.9848,0,0,0.40188828,-0.001135834529369717
State Street SPDR Dow Jones Industrial Average ETF Trust,2026-02-11,499.4169,0,0,0.3540836,-0.013284692608520055
State Street SPDR Dow Jones Industrial Average ETF Trust,2026-02-12,492.7823,1,1,0.69779617,0.0012332017606961898
State Street SPDR Dow Jones Industrial Average ETF Trust,2026-02-13,493.39,1,1,0.861377,0.0011510164373012
State Street SPDR Dow Jones Industrial Average ETF Trust,2026-02-17,493.9579,1,1,0.7538354,0.0023192259907169888
State Street SPDR Dow Jones Industrial Average ETF Trust,2026-02-18,495.1035,0,1,0.82920694,-0.005271625023858695
State Street SPDR Dow Jones Industrial Average ETF Trust,2026-02-19,492.4935,1,1,0.6197411,0.004684325782979837
State Street SPDR Dow Jones Industrial Average ETF Trust,2026-02-20,494.8005,0,0,0.46115378,-0.016267566423235236
State Street SPDR Dow Jones Industrial Average ETF Trust,2026-02-23,486.7513,1,1,0.80796814,0.007745844746588126
State Street SPDR Dow Jones Industrial Average ETF Trust,2026-02-24,490.5216,1,1,0.7854206,0.006161196571160099
State Street SPDR Dow Jones Industrial Average ETF Trust,2026-02-25,493.5438,1,1,0.8180069,8.06412723652894e-05
State Street SPDR Dow Jones Industrial Average ETF Trust,2026-02-26,493.5836,0,0,0.4185326,-0.010507845074269051
State Street SPDR Dow Jones Industrial Average ETF Trust,2026-02-27,488.3971,0,1,0.50784993,-0.0009803498014219203
State Street SPDR Dow Jones Industrial Average ETF Trust,2026-03-02,487.9183,0,1,0.6467039,-0.007481785372673966
State Street SPDR Dow Jones Industrial Average ETF Trust,2026-03-03,484.2678,1,1,0.9110182,0.004572263528568321
State Street SPDR Dow Jones Industrial Average ETF Trust,2026-03-04,486.482,0,1,0.9199081,-0.01619710492885662
State Street SPDR Dow Jones Industrial Average ETF Trust,2026-03-05,478.6024,0,1,0.5553248,-0.009607348396079907
State Street SPDR Dow Jones Industrial Average ETF Trust,2026-03-06,474.0043,1,0,0.35328493,0.005576320721141004
State Street SPDR Dow Jones Industrial Average ETF Trust,2026-03-09,476.6475,0,1,0.63069385,-0.00037679836776649545
State Street SPDR Dow Jones Industrial Average ETF Trust,2026-03-10,476.4679,0,1,0.7337089,-0.006049725490426483
State Street SPDR Dow Jones Industrial Average ETF Trust,2026-03-11,473.5854,0,1,0.63944197,-0.015437764762173845
State Street SPDR Dow Jones Industrial Average ETF Trust,2026-03-12,466.2743,0,0,0.2958341,-0.00228878151766021
State Street SPDR Dow Jones Industrial Average ETF Trust,2026-03-13,465.2071,1,1,0.6106301,0.008340156459348824
State Street SPDR Dow Jones Industrial Average ETF Trust,2026-03-16,469.087,1,1,0.78147024,0.0012756695453082223
State Street SPDR Dow Jones Industrial Average ETF Trust,2026-03-17,469.6854,0,1,0.88661325,-0.016776335819678523
State Street SPDR Dow Jones Industrial Average ETF Trust,2026-03-18,461.8058,0,1,0.5043832,-0.004190072970066683
State Street SPDR Dow Jones Industrial Average ETF Trust,2026-03-19,459.8708,0,0,0.082587734,-0.009076897250271165
State Street SPDR Dow Jones Industrial Average ETF Trust,2026-03-20,455.6966,1,0,0.15259492,0.01333650503427064
State Street SPDR Dow Jones Industrial Average ETF Trust,2026-03-23,461.774,0,1,0.5143707,-0.0017315829821514805
State Street SPDR Dow Jones Industrial Average ETF Trust,2026-03-24,460.9744,1,1,0.6374802,0.0064400539379194655
State Street SPDR Dow Jones Industrial Average ETF Trust,2026-03-25,463.9431,0,0,0.4049153,-0.01040644854940187
State Street SPDR Dow Jones Industrial Average ETF Trust,2026-03-26,459.1151,0,0,0.30164966,-0.0172431706123366
State Street SPDR Dow Jones Industrial Average ETF Trust,2026-03-27,451.1985,1,1,0.8203895,0.0014842691188023949
State Street SPDR Dow Jones Industrial Average ETF Trust,2026-03-30,451.8682,1,0,0.49708307,0.024620674789684216
State Street SPDR Dow Jones Industrial Average ETF Trust,2026-03-31,462.9935,1,1,0.70842093,0.004944129885192883
State Street SPDR Dow Jones Industrial Average ETF Trust,2026-04-01,465.2826,0,1,0.6157298,-0.0009024622885102085
State Street SPDR Dow Jones Industrial Average ETF Trust,2026-04-02,464.8627,1,0,0.17613107,0.003676999681841542
State Street SPDR Dow Jones Industrial Average ETF Trust,2026-04-06,466.572,0,0,0.34653458,-0.001906672496420736
State Street SPDR Dow Jones Industrial Average ETF Trust,2026-04-07,465.6824,1,1,0.5888561,0.02850504979359325
State Street SPDR Dow Jones Industrial Average ETF Trust,2026-04-08,478.9567,1,0,0.48904654,0.005718471001658454
State Street SPDR Dow Jones Industrial Average ETF Trust,2026-04-09,481.6956,0,1,0.79865927,-0.005499116039258012
State Street SPDR Dow Jones Industrial Average ETF Trust,2026-04-10,479.0467,1,1,0.90404963,0.0060094349882797715
State Street SPDR Dow Jones Industrial Average ETF Trust,2026-04-13,481.9255,1,1,0.78120846,0.006968919469918067
State Street SPDR Dow Jones Industrial Average ETF Trust,2026-04-14,485.284,0,1,0.6688164,-0.0015858754873434577
State Street SPDR Dow Jones Industrial Average ETF Trust,2026-04-15,484.5144,1,1,0.64737475,0.0018773435835961472
State Street SPDR Dow Jones Industrial Average ETF Trust,2026-04-16,485.424,1,1,0.6664763,0.01812024127360834
State Street SPDR Dow Jones Industrial Average ETF Trust,2026-04-17,494.22,1,1,0.61961406,0.00022257294322347576
State Street SPDR Dow Jones Industrial Average ETF Trust,2026-04-20,494.33,0,1,0.5716711,-0.006008132219367579
State Street SPDR Dow Jones Industrial Average ETF Trust,2026-04-21,491.36,1,0,0.4978037,0.006919570172582157
State Street SPDR Dow Jones Industrial Average ETF Trust,2026-04-22,494.76,0,0,0.47915146,-0.0035572802975180062
State Street SPDR Dow Jones Industrial Average ETF Trust,2026-04-23,493.0,0,0,0.42340854,-0.0016024340770791623
State Street SPDR Dow Jones Industrial Average ETF Trust,2026-04-24,492.21,0,0,0.38783363,-0.0007720281993458533
State Street SPDR Dow Jones Industrial Average ETF Trust,2026-04-27,491.83,0,0,0.38866308,-0.0008336213732386133
State Street SPDR Dow Jones Industrial Average ETF Trust,2026-04-28,491.42,0,0,0.41416603,-0.005596027837694861
State Street SPDR Dow Jones Industrial Average ETF Trust,2026-04-29,488.67,1,0,0.47867793,0.016330038676407366
State Street SPDR Dow Jones Industrial Average ETF Trust,2026-04-30,496.65,0,0,0.29649162,0.0
State Street SPDR Dow Jones Industrial Average ETF Trust,2026-04-30,496.65,0,1,0.71787024,-0.0032819893285009893
State Street SPDR Dow Jones Industrial Average ETF Trust,2026-05-01,495.02,0,1,0.898517,0.0
State Street SPDR Dow Jones Industrial Average ETF Trust,2026-05-01,495.02,0,1,0.84591764,0.0
State Street SPDR Dow Jones Industrial Average ETF Trust,2026-05-01,495.02,0,1,0.5306205,-0.011029857379499797
State Street SPDR Dow Jones Industrial Average ETF Trust,2026-05-04,489.56,1,1,0.82252544,0.0069450118473730615
State Street SPDR Dow Jones Industrial Average ETF Trust,2026-05-05,492.96,1,1,0.51739293,0.012353943524829658
State Street SPDR Dow Jones Industrial Average ETF Trust,2026-05-06,499.05,0,0,0.257011,-0.0062919547139564935
State Street SPDR Dow Jones Industrial Average ETF Trust,2026-05-07,495.91,1,1,0.73123574,0.00044362888427329494
State Street SPDR Dow Jones Industrial Average ETF Trust,2026-05-08,496.13,0,1,0.93663645,0.0
State Street SPDR Dow Jones Industrial Average ETF Trust,2026-05-08,496.13,0,1,0.83494914,0.0
SPDR Gold Shares,2025-06-05,309.33,0,1,0.5642373,-0.01341609284582801
SPDR Gold Shares,2025-06-06,305.18,1,1,0.62709546,0.0047185267710858625
SPDR Gold Shares,2025-06-09,306.62,1,1,0.5470261,0.00029352292740192354
SPDR Gold Shares,2025-06-10,306.71,1,1,0.57712114,0.005412278699749029
SPDR Gold Shares,2025-06-11,308.37,1,1,0.54454345,0.012420144631449137
SPDR Gold Shares,2025-06-12,312.2,1,0,0.46197563,0.013100576553491505
SPDR Gold Shares,2025-06-13,316.29,0,1,0.50426495,-0.01425906604698235
SPDR Gold Shares,2025-06-16,311.78,1,1,0.527405,0.0005131823721855611
SPDR Gold Shares,2025-06-17,311.94,0,1,0.5360101,-0.005385651086747489
SPDR Gold Shares,2025-06-18,310.26,0,0,0.49870813,-0.0004190034164893719
SPDR Gold Shares,2025-06-20,310.13,1,1,0.5952219,0.003063231548060541
SPDR Gold Shares,2025-06-23,311.08,0,1,0.51954293,-0.015719429085765624
SPDR Gold Shares,2025-06-24,306.19,1,1,0.6012229,0.003037329762565655
SPDR Gold Shares,2025-06-25,307.12,0,1,0.5555674,-0.00110705912998188
SPDR Gold Shares,2025-06-26,306.78,0,1,0.58040947,-0.018123736879848584
SPDR Gold Shares,2025-06-27,301.22,1,1,0.6405513,0.0119845959763627
SPDR Gold Shares,2025-06-30,304.83,1,1,0.60561097,0.00892300626578768
SPDR Gold Shares,2025-07-01,307.55,1,1,0.632496,0.005527556494878905
SPDR Gold Shares,2025-07-02,309.25,0,1,0.60584384,-0.006822958771220744
SPDR Gold Shares,2025-07-03,307.14,1,1,0.6196383,0.0007488441752947494
SPDR Gold Shares,2025-07-07,307.37,0,1,0.6206813,-0.010443439502879182
SPDR Gold Shares,2025-07-08,304.16,1,1,0.5970992,0.004471330878484947
SPDR Gold Shares,2025-07-09,305.52,1,1,0.5735207,0.002225713537575391
SPDR Gold Shares,2025-07-10,306.2,1,1,0.5212683,0.009601567602874006
SPDR Gold Shares,2025-07-11,309.14,0,1,0.51833445,-0.0036553018050073938
SPDR Gold Shares,2025-07-14,308.01,0,1,0.5485599,-0.004155709230219684
SPDR Gold Shares,2025-07-15,306.73,1,1,0.5149765,0.004988100283636943
SPDR Gold Shares,2025-07-16,308.26,0,1,0.5525791,-0.0021734899111141015
SPDR Gold Shares,2025-07-17,307.59,1,1,0.53510284,0.0026008647875419566
SPDR Gold Shares,2025-07-18,308.39,1,1,0.5405961,0.015370148188981414
SPDR Gold Shares,2025-07-21,313.13,1,0,0.49178144,0.009484878484974368
SPDR Gold Shares,2025-07-22,316.1,0,0,0.46541983,-0.012401138880101303
SPDR Gold Shares,2025-07-23,312.18,0,1,0.5350821,-0.006118265103466025
SPDR Gold Shares,2025-07-24,310.27,0,1,0.5285198,-0.009250008057498316
SPDR Gold Shares,2025-07-25,307.4,0,1,0.54408675,-0.0064736499674689085
SPDR Gold Shares,2025-07-28,305.41,1,1,0.5522907,0.002750401100160449
SPDR Gold Shares,2025-07-29,306.25,0,1,0.59984326,-0.017273469387755203
SPDR Gold Shares,2025-07-30,300.96,1,1,0.6330338,0.006645401382243454
SPDR Gold Shares,2025-07-31,302.96,1,1,0.55872965,0.02029970953261162
SPDR Gold Shares,2025-08-01,309.11,1,0,0.46037626,0.0058231697453980935
SPDR Gold Shares,2025-08-04,310.91,1,0,0.4644978,0.000804091216107583
SPDR Gold Shares,2025-08-05,311.16,0,1,0.5289467,-0.0021210952564597596
SPDR Gold Shares,2025-08-06,310.5,1,1,0.5838088,0.008438003220611945
SPDR Gold Shares,2025-08-07,313.12,0,1,0.51804036,-0.00022355646397542728
SPDR Gold Shares,2025-08-08,313.05,0,1,0.61821395,-0.014374700527072348
SPDR Gold Shares,2025-08-11,308.55,0,1,0.6752179,-0.0009074704261871069
SPDR Gold Shares,2025-08-12,308.27,1,1,0.5636331,0.003049274986213435
SPDR Gold Shares,2025-08-13,309.21,0,1,0.60900575,-0.006338734193590101
SPDR Gold Shares,2025-08-14,307.25,1,1,0.56078523,0.0005858421480879894
SPDR Gold Shares,2025-08-15,307.43,0,0,0.45009145,-0.0015613310347071252
SPDR Gold Shares,2025-08-18,306.95,0,1,0.51410705,-0.005473204104903151
SPDR Gold Shares,2025-08-19,305.27,1,1,0.5265248,0.010122186916500242
SPDR Gold Shares,2025-08-20,308.36,0,1,0.5413786,-0.0034699701647424863
SPDR Gold Shares,2025-08-21,307.29,1,1,0.5835466,0.010706498747111715
SPDR Gold Shares,2025-08-22,310.58,0,1,0.59120935,-0.0024148367570352436
SPDR Gold Shares,2025-08-25,309.83,1,1,0.57225215,0.007262046928961041
SPDR Gold Shares,2025-08-26,312.08,1,1,0.5762282,0.002018713150474305
SPDR Gold Shares,2025-08-27,312.71,1,1,0.54455477,0.007419014422308079
SPDR Gold Shares,2025-08-28,315.03,1,0,0.47256607,0.009649874615116127
SPDR Gold Shares,2025-08-29,318.07,1,1,0.5148768,0.023642594397459638
SPDR Gold Shares,2025-09-02,325.59,1,1,0.5156353,0.007831935870266316
SPDR Gold Shares,2025-09-03,328.14,0,1,0.5224906,-0.0044188456146766475
SPDR Gold Shares,2025-09-04,326.69,1,1,0.55147976,0.013345985490832435
SPDR Gold Shares,2025-09-05,331.05,1,1,0.56760323,0.011388007853798454
SPDR Gold Shares,2025-09-08,334.82,0,1,0.56792516,-0.0022698763514723552
SPDR Gold Shares,2025-09-09,334.06,1,1,0.56456816,0.003592169071424234
SPDR Gold Shares,2025-09-10,335.26,0,1,0.54680985,-0.001491379824613781
SPDR Gold Shares,2025-09-11,334.76,1,1,0.52823514,0.001971561715856218
SPDR Gold Shares,2025-09-12,335.42,1,1,0.5648755,0.01040486554170883
SPDR Gold Shares,2025-09-15,338.91,1,1,0.5764624,0.0020064323861790356
SPDR Gold Shares,2025-09-16,339.59,0,1,0.60794765,-0.007715185959539239
SPDR Gold Shares,2025-09-17,336.97,0,1,0.5249438,-0.004006291361248859
SPDR Gold Shares,2025-09-18,335.62,1,1,0.5676291,0.010607234372206564
SPDR Gold Shares,2025-09-19,339.18,1,1,0.5836583,0.01730644495548095
SPDR Gold Shares,2025-09-22,345.05,1,1,0.57481694,0.00408636429502951
SPDR Gold Shares,2025-09-23,346.46,0,1,0.5853428,-0.009063095306817481
SPDR Gold Shares,2025-09-24,343.32,1,1,0.632371,0.004165210299429178
SPDR Gold Shares,2025-09-25,344.75,1,1,0.62057865,0.005772298767222628
SPDR Gold Shares,2025-09-26,346.74,1,1,0.60309094,0.01649651035357902
SPDR Gold Shares,2025-09-29,352.46,1,1,0.5576846,0.008539976167508456
SPDR Gold Shares,2025-09-30,355.47,1,1,0.5787572,0.001575379075589911
SPDR Gold Shares,2025-10-01,356.03,0,1,0.57387805,-0.0034828525686035894
SPDR Gold Shares,2025-10-02,354.79,1,1,0.61422104,0.00803292088277563
SPDR Gold Shares,2025-10-03,357.64,1,1,0.5630084,0.01884576669276372
SPDR Gold Shares,2025-10-06,364.38,1,1,0.54330426,0.005159448926944421
SPDR Gold Shares,2025-10-07,366.26,1,1,0.549787,0.016491017310107603
SPDR Gold Shares,2025-10-08,372.3,0,0,0.47848132,-0.018452860596293363
SPDR Gold Shares,2025-10-09,365.43,1,1,0.5691288,0.010097693128642948
SPDR Gold Shares,2025-10-10,369.12,1,1,0.5516892,0.02430104031209357
SPDR Gold Shares,2025-10-13,378.09,1,0,0.48770642,0.007141156867412679
SPDR Gold Shares,2025-10-14,380.79,1,1,0.52529764,0.017332387930355297
SPDR Gold Shares,2025-10-15,387.39,1,1,0.6049967,0.02338728413226976
SPDR Gold Shares,2025-10-16,396.45,0,1,0.5683827,-0.01881700088283511
SPDR Gold Shares,2025-10-17,388.99,1,1,0.6043447,0.036401964060772674
SPDR Gold Shares,2025-10-20,403.15,0,1,0.5836492,-0.06426888254991936
SPDR Gold Shares,2025-10-21,377.24,1,0,0.49406743,0.00010603329445446619
SPDR Gold Shares,2025-10-22,377.28,1,1,0.60425854,0.004002332485157023
SPDR Gold Shares,2025-10-23,378.79,0,1,0.5611142,-0.003352781224425283
SPDR Gold Shares,2025-10-24,377.52,0,1,0.5988449,-0.02783958465776648
SPDR Gold Shares,2025-10-27,367.01,0,1,0.57307297,-0.007166017274733649
SPDR Gold Shares,2025-10-28,364.38,0,1,0.5983421,-0.0037872550633953894
SPDR Gold Shares,2025-10-29,363.0,1,1,0.5231112,0.019641873278236854
SPDR Gold Shares,2025-10-30,370.13,0,1,0.55626166,-0.005430524410342308
SPDR Gold Shares,2025-10-31,368.12,1,1,0.57612455,0.0017928936216449198
SPDR Gold Shares,2025-11-03,368.78,0,1,0.5609038,-0.017517218938120194
SPDR Gold Shares,2025-11-04,362.32,1,1,0.62226725,0.011564362994038513
SPDR Gold Shares,2025-11-05,366.51,0,1,0.61217237,-0.001200512946440746
SPDR Gold Shares,2025-11-06,366.07,1,1,0.7089764,0.0061190482694566395
SPDR Gold Shares,2025-11-07,368.31,1,1,0.6346545,0.02734109853112865
SPDR Gold Shares,2025-11-10,378.38,1,1,0.6397809,0.003937840266398984
SPDR Gold Shares,2025-11-11,379.87,1,1,0.5658953,0.016110774738726352
SPDR Gold Shares,2025-11-12,385.99,0,0,0.4876428,-0.00808311096142389
SPDR Gold Shares,2025-11-13,382.87,0,1,0.5921668,-0.018047901376446407
SPDR Gold Shares,2025-11-14,375.96,0,1,0.69195396,-0.011463985530375531
SPDR Gold Shares,2025-11-17,371.65,1,1,0.6642187,0.007264899771290301
SPDR Gold Shares,2025-11-18,374.35,1,1,0.597241,0.0016294911179377536
SPDR Gold Shares,2025-11-19,374.96,0,1,0.5943449,-0.00029336462555995535
SPDR Gold Shares,2025-11-20,374.85,0,0,0.492964,-0.001547285580899116
SPDR Gold Shares,2025-11-21,374.27,1,1,0.587487,0.015844176663905696
SPDR Gold Shares,2025-11-24,380.2,0,0,0.46401593,-0.00031562335612833614
SPDR Gold Shares,2025-11-25,380.08,1,1,0.53190416,0.007998316143969841
SPDR Gold Shares,2025-11-26,383.12,1,1,0.5663817,0.012424305700563743
SPDR Gold Shares,2025-11-28,387.88,1,0,0.48327565,0.004821078684129176
SPDR Gold Shares,2025-12-01,389.75,0,1,0.52570915,-0.006440025657472703
SPDR Gold Shares,2025-12-02,387.24,0,0,0.4943113,-0.0009296560272699095
SPDR Gold Shares,2025-12-03,386.88,1,0,0.48892468,0.0006461952026468598
SPDR Gold Shares,2025-12-04,387.13,0,1,0.5467177,-0.0017823470152145138
SPDR Gold Shares,2025-12-05,386.44,0,1,0.6125218,-0.0026394783148742107
SPDR Gold Shares,2025-12-08,385.42,1,1,0.60154396,0.005137252867002173
SPDR Gold Shares,2025-12-09,387.4,1,1,0.64982086,0.004259163655136788
SPDR Gold Shares,2025-12-10,389.05,1,1,0.6575125,0.010769823930086186
SPDR Gold Shares,2025-12-11,393.24,1,1,0.56561893,0.00559454785881397
SPDR Gold Shares,2025-12-12,395.44,1,1,0.5234604,0.0009103783127655252
SPDR Gold Shares,2025-12-15,395.8,1,1,0.55059785,0.00022738756947937588
SPDR Gold Shares,2025-12-16,395.89,1,1,0.55284184,0.008588244209250195
SPDR Gold Shares,2025-12-17,399.29,0,1,0.60061014,-0.001803200681209205
SPDR Gold Shares,2025-12-18,398.57,1,1,0.60892695,0.0011290363047895546
SPDR Gold Shares,2025-12-19,399.02,1,1,0.5168816,0.02308154979700272
SPDR Gold Shares,2025-12-22,408.23,1,0,0.48236156,0.013252333243514602
SPDR Gold Shares,2025-12-23,413.64,0,0,0.4478244,-0.004134029590948551
SPDR Gold Shares,2025-12-24,411.93,1,0,0.49777249,0.011676741193892282
SPDR Gold Shares,2025-12-26,416.74,0,1,0.5835912,-0.04352833901233377
SPDR Gold Shares,2025-12-29,398.6,1,1,0.60260904,0.0007275464124434361
SPDR Gold Shares,2025-12-30,398.89,0,1,0.57193005,-0.006467948557246306
SPDR Gold Shares,2025-12-31,396.31,1,1,0.50565106,0.004970856147964886
SPDR Gold Shares,2026-01-02,398.28,1,1,0.6357498,0.026313146530079434
SPDR Gold Shares,2026-01-05,408.76,1,1,0.6966766,0.010813191114590559
SPDR Gold Shares,2026-01-06,413.18,0,1,0.6324282,-0.009559998063797814
SPDR Gold Shares,2026-01-07,409.23,1,1,0.5933377,0.00552256677174201
SPDR Gold Shares,2026-01-08,411.49,1,1,0.6314614,0.007241974288561215
SPDR Gold Shares,2026-01-09,414.47,1,1,0.58698946,0.01872270610659399
SPDR Gold Shares,2026-01-12,422.23,0,1,0.53519756,-0.001421026454775931
SPDR Gold Shares,2026-01-13,421.63,1,1,0.57583094,0.010222232763323236
SPDR Gold Shares,2026-01-14,425.94,0,1,0.61232764,-0.006127623608959021
SPDR Gold Shares,2026-01-15,423.33,0,1,0.6376749,-0.0048189355821698365
SPDR Gold Shares,2026-01-16,421.29,1,1,0.62489307,0.037836169859241764
SPDR Gold Shares,2026-01-20,437.23,1,1,0.57007796,0.014568991148823374
SPDR Gold Shares,2026-01-21,443.6,1,1,0.55921394,0.018462578899909765
SPDR Gold Shares,2026-01-22,451.79,1,1,0.538017,0.013745324155027827
SPDR Gold Shares,2026-01-23,458.0,1,1,0.5207539,0.014628820960698619
SPDR Gold Shares,2026-01-26,464.7,1,1,0.5695587,0.02453195610071024
SPDR Gold Shares,2026-01-27,476.1,1,1,0.6197244,0.038773366939718557
SPDR Gold Shares,2026-01-28,494.56,1,1,0.626196,0.002709479132966708
SPDR Gold Shares,2026-01-29,495.9,0,1,0.6057819,-0.10274248840492028
SPDR Gold Shares,2026-01-30,444.95,0,1,0.56113994,-0.04004944375772557
SPDR Gold Shares,2026-02-02,427.13,1,1,0.60386825,0.0635871982768712
SPDR Gold Shares,2026-02-03,454.29,0,1,0.61870056,-0.000704395870479213
SPDR Gold Shares,2026-02-04,453.97,0,1,0.59775776,-0.026631715752142293
SPDR Gold Shares,2026-02-05,441.88,1,1,0.6762784,0.030732325518240122
SPDR Gold Shares,2026-02-06,455.46,1,1,0.61632335,0.025402889386554328
SPDR Gold Shares,2026-02-09,467.03,0,1,0.61057836,-0.009913710040040269
SPDR Gold Shares,2026-02-10,462.4,1,1,0.6032538,0.01131055363321809
SPDR Gold Shares,2026-02-11,467.63,0,1,0.54892594,-0.034728310844043375
SPDR Gold Shares,2026-02-12,451.39,1,1,0.5748979,0.024878707990872773
SPDR Gold Shares,2026-02-13,462.62,0,1,0.5741449,-0.031170290951536894
SPDR Gold Shares,2026-02-17,448.2,1,1,0.6615421,0.02248995983935731
SPDR Gold Shares,2026-02-18,458.28,1,1,0.58474785,0.002793052282447528
SPDR Gold Shares,2026-02-19,459.56,1,1,0.60835093,0.019714509530855517
SPDR Gold Shares,2026-02-20,468.62,1,1,0.52635735,0.02701549229653022
SPDR Gold Shares,2026-02-23,481.28,0,1,0.5789943,-0.013858876329787106
SPDR Gold Shares,2026-02-24,474.61,0,1,0.6505262,-0.002507321801057727
SPDR Gold Shares,2026-02-25,473.42,1,1,0.69604045,0.008575894554518237
SPDR Gold Shares,2026-02-26,477.48,1,1,0.69103307,0.013131440060316635
SPDR Gold Shares,2026-02-27,483.75,1,1,0.6898257,0.012919896640826822
SPDR Gold Shares,2026-03-02,490.0,0,1,0.61901975,-0.04461224489795923
SPDR Gold Shares,2026-03-03,468.14,1,1,0.6757171,0.007818174050497673
SPDR Gold Shares,2026-03-04,471.8,0,1,0.7216253,-0.012017804154302758
SPDR Gold Shares,2026-03-05,466.13,1,1,0.67672545,0.01583249308132917
SPDR Gold Shares,2026-03-06,473.51,0,1,0.5958457,-0.002069650060188888
SPDR Gold Shares,2026-03-09,472.53,1,1,0.65788454,0.011279707108543535
SPDR Gold Shares,2026-03-10,477.86,0,1,0.6486581,-0.003390114259406496
SPDR Gold Shares,2026-03-11,476.24,0,1,0.6004422,-0.01965395598857722
SPDR Gold Shares,2026-03-12,466.88,0,1,0.64929026,-0.012936943111720445
SPDR Gold Shares,2026-03-13,460.84,0,1,0.7360014,-0.000889679715302405
SPDR Gold Shares,2026-03-16,460.43,0,1,0.6084097,-0.002519384054036511
SPDR Gold Shares,2026-03-17,459.27,0,1,0.68962336,-0.031637163324406026
SPDR Gold Shares,2026-03-18,444.74,0,1,0.7055232,-0.041215091963843986
SPDR Gold Shares,2026-03-19,426.41,0,1,0.5750997,-0.03055744471283517
SPDR Gold Shares,2026-03-20,413.38,0,1,0.66504276,-0.022594223232860755
SPDR Gold Shares,2026-03-23,404.04,1,1,0.70510566,0.00022275022275008993
SPDR Gold Shares,2026-03-24,404.13,1,1,0.72688526,0.030089327691584344
SPDR Gold Shares,2026-03-25,416.29,0,1,0.57918584,-0.03759398496240607
SPDR Gold Shares,2026-03-26,400.64,1,1,0.67599094,0.03509384984025554
SPDR Gold Shares,2026-03-27,414.7,0,1,0.6494116,-0.00028936580660721134
SPDR Gold Shares,2026-03-30,414.58,1,1,0.7637967,0.037893772010227256
SPDR Gold Shares,2026-03-31,430.29,1,1,0.7222037,0.017499825698947147
SPDR Gold Shares,2026-04-01,437.82,0,1,0.5069978,-0.019208807272394934
SPDR Gold Shares,2026-04-02,429.41,0,1,0.5547223,-0.0040986469807411385
SPDR Gold Shares,2026-04-06,427.65,1,1,0.6678845,0.00972758096574311
SPDR Gold Shares,2026-04-07,431.81,1,1,0.62551165,0.006299066719158919
SPDR Gold Shares,2026-04-08,434.53,1,0,0.45952848,0.0077785193197248415
SPDR Gold Shares,2026-04-09,437.91,0,1,0.58360803,-0.001781187915325111
SPDR Gold Shares,2026-04-10,437.13,0,1,0.6504864,-0.004049138700157773
SPDR Gold Shares,2026-04-13,435.36,1,1,0.6995553,0.022349320102903247
SPDR Gold Shares,2026-04-14,445.09,0,1,0.6915409,-0.010402390527758376
SPDR Gold Shares,2026-04-15,440.46,0,1,0.66845983,-0.0008627344140217375
SPDR Gold Shares,2026-04-16,440.08,1,1,0.73877084,0.013293037629521942
SPDR Gold Shares,2026-04-17,445.93,0,1,0.7646924,-0.008611217007153615
SPDR Gold Shares,2026-04-20,442.09,0,1,0.79066896,-0.028320025334207966
SPDR Gold Shares,2026-04-21,429.57,1,1,0.80640996,0.013245803943478407
SPDR Gold Shares,2026-04-22,435.26,0,1,0.7785803,-0.009695354500758091
SPDR Gold Shares,2026-04-23,431.04,1,1,0.7588917,0.005127134372679976
SPDR Gold Shares,2026-04-24,433.25,0,1,0.6813294,-0.007755337564916309
SPDR Gold Shares,2026-04-27,429.89,0,1,0.63550675,-0.01856288818069729
SPDR Gold Shares,2026-04-28,421.91,0,1,0.6864302,-0.010665781801806107
SPDR Gold Shares,2026-04-29,417.41,1,1,0.6716821,0.014973287654823864
SPDR Gold Shares,2026-04-30,423.66,0,0,0.3062689,0.0
SPDR Gold Shares,2026-04-30,423.66,0,1,0.68449056,-0.0011329839966011113
SPDR Gold Shares,2026-05-01,423.18,0,1,0.85805297,0.0
SPDR Gold Shares,2026-05-01,423.18,0,1,0.6075204,0.0
SPDR Gold Shares,2026-05-01,423.18,0,0,0.48259217,-0.020015123588071337
SPDR Gold Shares,2026-05-04,414.71,1,1,0.77081287,0.008584311928817812
SPDR Gold Shares,2026-05-05,418.27,1,0,0.36072424,0.030339254548497285
SPDR Gold Shares,2026-05-06,430.96,1,0,0.27832335,0.001670688695006639
SPDR Gold Shares,2026-05-07,431.68,1,1,0.5363055,0.0048415492957745165
SPDR Gold Shares,2026-05-08,433.77,0,1,0.54102904,0.0
SPDR Gold Shares,2026-05-08,433.77,0,1,0.6423196,0.0
SPDR Gold Shares,2026-05-08,433.77,1,1,0.7712481,0.002028724900292822
SPDR Gold Shares,2026-05-11,434.65,0,1,0.54934,-0.003957206948119074
SPDR Gold Shares,2026-05-12,432.93,0,1,0.80335414,-0.005612916637793619
SPDR Gold Shares,2026-05-13,430.5,0,1,0.6148312,0.0
SPDR Gold Shares,2026-05-13,430.5,0,0,0.2356292,-0.0076422764227642714
SPDR Gold Shares,2026-05-14,427.21,0,1,0.50664663,-0.02322043023337461
SPDR Gold Shares,2026-05-15,417.29,1,1,0.74607134,0.002731913058065194
SPDR Gold Shares,2026-05-15,417.29,0,1,0.82269967,0.0
SPDR Gold Shares,2026-05-15,417.29,0,1,0.7421368,0.0
SPDR Gold Shares,2026-05-15,417.29,0,1,0.66733783,0.0
SPDR Gold Shares,2026-05-15,417.29,0,1,0.56559294,0.0
SPDR Gold Shares,2026-05-15,417.29,0,1,0.54172486,0.0
SPDR Gold Shares,2026-05-18,418.43,0,0,0.36076972,-0.01656190999689311
SPDR Gold Shares,2026-05-19,411.5,1,0,0.33570036,0.014337788578371757
SPDR Gold Shares,2026-05-20,417.4,0,0,0.4885471,-0.000982271202683238
SPDR Gold Shares,2026-05-21,416.99,0,0,0.40495408,-0.007602100769802722
SPDR Gold Shares,2026-05-22,413.82,0,1,0.87773114,0.0
SPDR Gold Shares,2026-05-22,413.82,0,1,0.83707976,0.0
iShares 7-10 Year Treasury Bond ETF,2025-06-05,91.0305,0,1,0.5228026,-0.007956673862057229
iShares 7-10 Year Treasury Bond ETF,2025-06-06,90.3062,1,1,0.58263487,0.001818258325563482
iShares 7-10 Year Treasury Bond ETF,2025-06-09,90.4704,1,1,0.5414185,0.0017077408743633171
iShares 7-10 Year Treasury Bond ETF,2025-06-10,90.6249,1,1,0.5476046,0.0041555907923760405
iShares 7-10 Year Treasury Bond ETF,2025-06-11,91.0015,1,1,0.51973367,0.004351576622363407
iShares 7-10 Year Treasury Bond ETF,2025-06-12,91.3975,0,0,0.45927283,-0.0036981317869744235
iShares 7-10 Year Treasury Bond ETF,2025-06-13,91.0595,0,1,0.5097155,-0.0028640614103965234
iShares 7-10 Year Treasury Bond ETF,2025-06-16,90.7987,1,1,0.5127919,0.004893241863594966
iShares 7-10 Year Treasury Bond ETF,2025-06-17,91.243,1,1,0.51090086,0.0006345692272284875
iShares 7-10 Year Treasury Bond ETF,2025-06-18,91.3009,1,0,0.48103136,0.0006341668044893556
iShares 7-10 Year Treasury Bond ETF,2025-06-20,91.3588,1,1,0.536457,0.0034884433683453064
iShares 7-10 Year Treasury Bond ETF,2025-06-23,91.6775,1,0,0.4701343,0.0034763164353304177
iShares 7-10 Year Treasury Bond ETF,2025-06-24,91.9962,1,1,0.50148654,0.00042066954939423695
iShares 7-10 Year Treasury Bond ETF,2025-06-25,92.0349,1,0,0.48353118,0.0035671250797253418
iShares 7-10 Year Treasury Bond ETF,2025-06-26,92.3632,0,0,0.47868794,-0.0026135950248584727
iShares 7-10 Year Treasury Bond ETF,2025-06-27,92.1218,1,1,0.54288095,0.003982770636266286
iShares 7-10 Year Treasury Bond ETF,2025-06-30,92.4887,0,1,0.5316118,-0.0018531993638141175
iShares 7-10 Year Treasury Bond ETF,2025-07-01,92.3173,0,1,0.54239506,-0.0020992814997838893
iShares 7-10 Year Treasury Bond ETF,2025-07-02,92.1235,0,1,0.54297817,-0.0034703414438228553
iShares 7-10 Year Treasury Bond ETF,2025-07-03,91.8038,0,1,0.54430646,-0.0031654463105013075
iShares 7-10 Year Treasury Bond ETF,2025-07-07,91.5132,0,1,0.5565272,-0.0014828461904948798
iShares 7-10 Year Treasury Bond ETF,2025-07-08,91.3775,1,1,0.55357957,0.005194933107165234
iShares 7-10 Year Treasury Bond ETF,2025-07-09,91.8522,0,1,0.53403646,-0.0005269334866231379
iShares 7-10 Year Treasury Bond ETF,2025-07-10,91.8038,0,1,0.50670475,-0.004643598630993506
iShares 7-10 Year Treasury Bond ETF,2025-07-11,91.3775,0,1,0.5477089,-0.00042351782440963603
iShares 7-10 Year Treasury Bond ETF,2025-07-14,91.3388,0,1,0.5542882,-0.003924947557883418
iShares 7-10 Year Treasury Bond ETF,2025-07-15,90.9803,1,1,0.52604324,0.002768731252809742
iShares 7-10 Year Treasury Bond ETF,2025-07-16,91.2322,0,1,0.5370984,-0.00031896632987038487
iShares 7-10 Year Treasury Bond ETF,2025-07-17,91.2031,1,1,0.50378245,0.0027619675208407912
iShares 7-10 Year Treasury Bond ETF,2025-07-18,91.455,1,1,0.5074706,0.0034957082718276578
iShares 7-10 Year Treasury Bond ETF,2025-07-21,91.7747,1,0,0.48487782,0.0028504587865718634
iShares 7-10 Year Treasury Bond ETF,2025-07-22,92.0363,0,0,0.47670832,-0.003579022624768613
iShares 7-10 Year Treasury Bond ETF,2025-07-23,91.7069,0,1,0.5096447,-0.0014786237458687124
iShares 7-10 Year Treasury Bond ETF,2025-07-24,91.5713,1,1,0.5101187,0.002327148353250541
iShares 7-10 Year Treasury Bond ETF,2025-07-25,91.7844,0,1,0.5258694,-0.002216062860355361
iShares 7-10 Year Treasury Bond ETF,2025-07-28,91.581,1,1,0.5213517,0.006558128869525337
iShares 7-10 Year Treasury Bond ETF,2025-07-29,92.1816,0,1,0.52287835,-0.0034681541652563652
iShares 7-10 Year Treasury Bond ETF,2025-07-30,91.8619,1,1,0.54277015,0.0008436577079289354
iShares 7-10 Year Treasury Bond ETF,2025-07-31,91.9394,1,1,0.51620835,0.01151301835774432
iShares 7-10 Year Treasury Bond ETF,2025-08-01,92.9979,1,1,0.5683775,0.0013591704758924017
iShares 7-10 Year Treasury Bond ETF,2025-08-04,93.1243,0,0,0.49028692,-0.0007312806646599945
iShares 7-10 Year Treasury Bond ETF,2025-08-05,93.0562,0,0,0.49666178,-0.0007307412080012066
iShares 7-10 Year Treasury Bond ETF,2025-08-06,92.9882,0,1,0.54808223,-0.0007312755812028948
iShares 7-10 Year Treasury Bond ETF,2025-08-07,92.9202,0,0,0.49345127,-0.0023019752432732465
iShares 7-10 Year Treasury Bond ETF,2025-08-08,92.7063,1,1,0.56427133,0.0003149732003111527
iShares 7-10 Year Treasury Bond ETF,2025-08-11,92.7355,0,1,0.59858525,-0.00021027546085383708
iShares 7-10 Year Treasury Bond ETF,2025-08-12,92.716,1,1,0.5387649,0.003564649035765033
iShares 7-10 Year Treasury Bond ETF,2025-08-13,93.0465,0,1,0.5600944,-0.0032381658633048316
iShares 7-10 Year Treasury Bond ETF,2025-08-14,92.7452,0,1,0.53051627,-0.0019914777260708894
iShares 7-10 Year Treasury Bond ETF,2025-08-15,92.5605,0,0,0.49349928,-0.0009442472761058696
iShares 7-10 Year Treasury Bond ETF,2025-08-18,92.4731,1,1,0.53746027,0.002521814451986515
iShares 7-10 Year Treasury Bond ETF,2025-08-19,92.7063,1,1,0.5337639,0.0014680771425459316
iShares 7-10 Year Treasury Bond ETF,2025-08-20,92.8424,0,1,0.5532976,-0.002931850102970146
iShares 7-10 Year Treasury Bond ETF,2025-08-21,92.5702,1,1,0.58105654,0.005565505961961925
iShares 7-10 Year Treasury Bond ETF,2025-08-22,93.0854,0,1,0.5557654,-0.0019841994555538367
iShares 7-10 Year Treasury Bond ETF,2025-08-25,92.9007,1,1,0.55810606,0.002615696114238064
iShares 7-10 Year Treasury Bond ETF,2025-08-26,93.1437,1,1,0.54467285,0.0018788173542603204
iShares 7-10 Year Treasury Bond ETF,2025-08-27,93.3187,1,1,0.5041123,0.002291073493308371
iShares 7-10 Year Treasury Bond ETF,2025-08-28,93.5325,0,0,0.4469301,-0.0008307272873064875
iShares 7-10 Year Treasury Bond ETF,2025-08-29,93.4548,0,0,0.49730396,-0.0029854004288705216
iShares 7-10 Year Treasury Bond ETF,2025-09-02,93.1758,1,1,0.52142173,0.0034536864722385374
iShares 7-10 Year Treasury Bond ETF,2025-09-03,93.4976,1,1,0.5094376,0.004485676637689062
iShares 7-10 Year Treasury Bond ETF,2025-09-04,93.917,1,0,0.4958376,0.004879840710414474
iShares 7-10 Year Treasury Bond ETF,2025-09-05,94.3753,1,1,0.5091981,0.003099327896176174
iShares 7-10 Year Treasury Bond ETF,2025-09-08,94.6678,0,0,0.49964234,-0.002368281506488934
iShares 7-10 Year Treasury Bond ETF,2025-09-09,94.4436,1,1,0.50172085,0.002684141646442928
iShares 7-10 Year Treasury Bond ETF,2025-09-10,94.6971,1,0,0.48649773,0.0015449258741819794
iShares 7-10 Year Treasury Bond ETF,2025-09-11,94.8434,0,0,0.46020782,-0.0028794834432337435
iShares 7-10 Year Treasury Bond ETF,2025-09-12,94.5703,1,0,0.48978746,0.0016495665129536707
iShares 7-10 Year Treasury Bond ETF,2025-09-15,94.7263,1,1,0.50311756,0.0006175687216751768
iShares 7-10 Year Treasury Bond ETF,2025-09-16,94.7848,0,1,0.5176852,-0.002159628970045846
iShares 7-10 Year Treasury Bond ETF,2025-09-17,94.5801,0,0,0.46269757,-0.003299848488212631
iShares 7-10 Year Treasury Bond ETF,2025-09-18,94.268,0,0,0.49184906,-0.00041371409173851514
iShares 7-10 Year Treasury Bond ETF,2025-09-19,94.229,0,1,0.5245842,-0.0016555412877140574
iShares 7-10 Year Treasury Bond ETF,2025-09-22,94.073,1,1,0.54464227,0.0027988902235498436
iShares 7-10 Year Treasury Bond ETF,2025-09-23,94.3363,0,1,0.54936355,-0.002688254680329738
iShares 7-10 Year Treasury Bond ETF,2025-09-24,94.0827,0,1,0.5964829,-0.0021757453814569283
iShares 7-10 Year Treasury Bond ETF,2025-09-25,93.878,0,1,0.5923468,-0.000519823600843683
iShares 7-10 Year Treasury Bond ETF,2025-09-26,93.8292,1,1,0.57907635,0.002909542018902478
iShares 7-10 Year Treasury Bond ETF,2025-09-29,94.1022,0,1,0.5476931,-0.0004144430204607863
iShares 7-10 Year Treasury Bond ETF,2025-09-30,94.0632,1,1,0.58932036,0.0033690114731372844
iShares 7-10 Year Treasury Bond ETF,2025-10-01,94.3801,1,1,0.5501983,0.0010372949382337904
iShares 7-10 Year Treasury Bond ETF,2025-10-02,94.478,0,1,0.57055795,-0.0019676538453395898
iShares 7-10 Year Treasury Bond ETF,2025-10-03,94.2921,0,1,0.5230993,-0.0029048032655971667
iShares 7-10 Year Treasury Bond ETF,2025-10-06,94.0182,1,1,0.53097785,0.0024973888034445224
iShares 7-10 Year Treasury Bond ETF,2025-10-07,94.253,1,1,0.52536416,0.00020795094055348073
iShares 7-10 Year Treasury Bond ETF,2025-10-08,94.2726,0,0,0.4920537,-0.0007266162172253621
iShares 7-10 Year Treasury Bond ETF,2025-10-09,94.2041,1,1,0.5495771,0.006230089773162639
iShares 7-10 Year Treasury Bond ETF,2025-10-10,94.791,1,0,0.49818823,0.0005158717599771379
iShares 7-10 Year Treasury Bond ETF,2025-10-13,94.8399,1,0,0.49673003,0.0025780288675969487
iShares 7-10 Year Treasury Bond ETF,2025-10-14,95.0844,0,0,0.48616844,-0.0011316262183912462
iShares 7-10 Year Treasury Bond ETF,2025-10-15,94.9768,1,1,0.5498789,0.004634816081400928
iShares 7-10 Year Treasury Bond ETF,2025-10-16,95.417,0,0,0.49753165,-0.0016401689426412958
iShares 7-10 Year Treasury Bond ETF,2025-10-17,95.2605,1,1,0.5311577,0.0013342361209527365
iShares 7-10 Year Treasury Bond ETF,2025-10-20,95.3876,1,1,0.5496566,0.0018461519107304536
iShares 7-10 Year Treasury Bond ETF,2025-10-21,95.5637,1,0,0.41299707,0.00020509879797447894
iShares 7-10 Year Treasury Bond ETF,2025-10-22,95.5833,0,1,0.56248534,-0.0032746306101587574
iShares 7-10 Year Treasury Bond ETF,2025-10-23,95.2703,1,1,0.51909053,0.0009236876550193784
iShares 7-10 Year Treasury Bond ETF,2025-10-24,95.3583,0,1,0.51867676,0.0
iShares 7-10 Year Treasury Bond ETF,2025-10-27,95.3583,1,0,0.49094552,0.0009228352434973441
iShares 7-10 Year Treasury Bond ETF,2025-10-28,95.4463,0,1,0.5333605,-0.006455986245668899
iShares 7-10 Year Treasury Bond ETF,2025-10-29,94.8301,0,0,0.47265774,-0.0014436344578355742
iShares 7-10 Year Treasury Bond ETF,2025-10-30,94.6932,1,1,0.5043126,0.0004129124372183046
iShares 7-10 Year Treasury Bond ETF,2025-10-31,94.7323,0,1,0.5366325,-0.0004760783808689384
iShares 7-10 Year Treasury Bond ETF,2025-11-03,94.6872,1,1,0.5222666,0.0012430402419756348
iShares 7-10 Year Treasury Bond ETF,2025-11-04,94.8049,0,1,0.6063524,-0.004761357271617861
iShares 7-10 Year Treasury Bond ETF,2025-11-05,94.3535,1,1,0.62285954,0.005095730418055444
iShares 7-10 Year Treasury Bond ETF,2025-11-06,94.8343,1,1,0.7111884,0.0004144070236191677
iShares 7-10 Year Treasury Bond ETF,2025-11-07,94.8736,0,1,0.61292565,-0.0013449473826228076
iShares 7-10 Year Treasury Bond ETF,2025-11-10,94.746,1,1,0.6692792,0.00310725518755417
iShares 7-10 Year Treasury Bond ETF,2025-11-11,95.0404,1,1,0.5876365,0.0002062280882655365
iShares 7-10 Year Treasury Bond ETF,2025-11-12,95.06,0,0,0.49806514,-0.0028897538396801536
iShares 7-10 Year Treasury Bond ETF,2025-11-13,94.7853,0,1,0.593632,-0.0016563749864167976
iShares 7-10 Year Treasury Bond ETF,2025-11-14,94.6283,1,1,0.700393,0.0011402508551880963
iShares 7-10 Year Treasury Bond ETF,2025-11-17,94.7362,1,1,0.62759274,0.001657233454582352
iShares 7-10 Year Treasury Bond ETF,2025-11-18,94.8932,0,1,0.56041384,-0.0007239717914454546
iShares 7-10 Year Treasury Bond ETF,2025-11-19,94.8245,1,1,0.5903996,0.002380186555162478
iShares 7-10 Year Treasury Bond ETF,2025-11-20,95.0502,1,1,0.50685847,0.003303517509694709
iShares 7-10 Year Treasury Bond ETF,2025-11-21,95.3642,1,1,0.54484063,0.001543556177265648
iShares 7-10 Year Treasury Bond ETF,2025-11-24,95.5114,1,1,0.5063934,0.0025682798074366797
iShares 7-10 Year Treasury Bond ETF,2025-11-25,95.7567,1,1,0.53493434,0.0008197859784224715
iShares 7-10 Year Treasury Bond ETF,2025-11-26,95.8352,0,1,0.55089885,-0.0017404878374542854
iShares 7-10 Year Treasury Bond ETF,2025-11-28,95.6684,0,0,0.47119737,-0.005370634399655461
iShares 7-10 Year Treasury Bond ETF,2025-12-01,95.1546,1,1,0.52297777,0.0008281260180800221
iShares 7-10 Year Treasury Bond ETF,2025-12-02,95.2334,1,0,0.48784155,0.002066501878542626
iShares 7-10 Year Treasury Bond ETF,2025-12-03,95.4302,0,0,0.48314512,-0.003093360382771859
iShares 7-10 Year Treasury Bond ETF,2025-12-04,95.135,0,1,0.57042956,-0.0020696904399012395
iShares 7-10 Year Treasury Bond ETF,2025-12-05,94.9381,0,1,0.6243986,-0.002072929624671316
iShares 7-10 Year Treasury Bond ETF,2025-12-08,94.7413,0,1,0.5804093,-0.0014544871138563176
iShares 7-10 Year Treasury Bond ETF,2025-12-09,94.6035,1,1,0.6313572,0.0032250392427342067
iShares 7-10 Year Treasury Bond ETF,2025-12-10,94.9086,1,1,0.62282294,0.00010325723907000928
iShares 7-10 Year Treasury Bond ETF,2025-12-11,94.9184,0,1,0.6081635,-0.002694946396062381
iShares 7-10 Year Treasury Bond ETF,2025-12-12,94.6626,1,1,0.5453534,0.0008313737421115075
iShares 7-10 Year Treasury Bond ETF,2025-12-15,94.7413,1,1,0.58292603,0.0028044791447869866
iShares 7-10 Year Treasury Bond ETF,2025-12-16,95.007,0,1,0.62988085,-0.00020735314240005742
iShares 7-10 Year Treasury Bond ETF,2025-12-17,94.9873,1,1,0.63079536,0.0025908726745575983
iShares 7-10 Year Treasury Bond ETF,2025-12-18,95.2334,0,1,0.627648,-0.00225026093786429
iShares 7-10 Year Treasury Bond ETF,2025-12-19,95.0191,0,1,0.5301182,-0.0010387385273065153
iShares 7-10 Year Treasury Bond ETF,2025-12-22,94.9204,0,1,0.5444964,-0.0004161381536530451
iShares 7-10 Year Treasury Bond ETF,2025-12-23,94.8809,1,0,0.4820237,0.0026011557647536154
iShares 7-10 Year Treasury Bond ETF,2025-12-24,95.1277,1,1,0.5167039,0.000934533264233206
iShares 7-10 Year Treasury Bond ETF,2025-12-26,95.2166,1,1,0.63837945,0.0014514275872063997
iShares 7-10 Year Treasury Bond ETF,2025-12-29,95.3548,0,1,0.58044326,-0.0010350816109938599
iShares 7-10 Year Treasury Bond ETF,2025-12-30,95.2561,0,1,0.52660716,-0.0033163230491275453
iShares 7-10 Year Treasury Bond ETF,2025-12-31,94.9402,0,0,0.49990988,-0.0008321027341422482
iShares 7-10 Year Treasury Bond ETF,2026-01-02,94.8612,1,1,0.6135746,0.003018093804421529
iShares 7-10 Year Treasury Bond ETF,2026-01-05,95.1475,0,1,0.57920545,-0.0007262408365956707
iShares 7-10 Year Treasury Bond ETF,2026-01-06,95.0784,1,1,0.5743728,0.0018689839122241203
iShares 7-10 Year Treasury Bond ETF,2026-01-07,95.2561,0,1,0.56104976,-0.003005581794761625
iShares 7-10 Year Treasury Bond ETF,2026-01-08,94.9698,1,1,0.59404707,0.00114352141417573
iShares 7-10 Year Treasury Bond ETF,2026-01-09,95.0784,0,1,0.55420035,-0.0012463398626817446
iShares 7-10 Year Treasury Bond ETF,2026-01-12,94.9599,1,1,0.5471187,0.0012478951641692326
iShares 7-10 Year Treasury Bond ETF,2026-01-13,95.0784,1,1,0.5728768,0.002076181340872285
iShares 7-10 Year Treasury Bond ETF,2026-01-14,95.2758,0,1,0.59859425,-0.002071879742809868
iShares 7-10 Year Treasury Bond ETF,2026-01-15,95.0784,0,1,0.60017145,-0.003842092420570875
iShares 7-10 Year Treasury Bond ETF,2026-01-16,94.7131,0,1,0.61046535,-0.003961437224628828
iShares 7-10 Year Treasury Bond ETF,2026-01-20,94.3379,1,1,0.6207042,0.0026161277704930264
iShares 7-10 Year Treasury Bond ETF,2026-01-21,94.5847,0,1,0.59133905,-0.00010466809113951481
iShares 7-10 Year Treasury Bond ETF,2026-01-22,94.5748,1,1,0.52649003,0.001670635306656676
iShares 7-10 Year Treasury Bond ETF,2026-01-23,94.7328,1,1,0.50607455,0.001458840021618668
iShares 7-10 Year Treasury Bond ETF,2026-01-26,94.871,0,1,0.5350895,-0.0011447122935354104
iShares 7-10 Year Treasury Bond ETF,2026-01-27,94.7624,0,1,0.6219354,-0.0008336639848716132
iShares 7-10 Year Treasury Bond ETF,2026-01-28,94.6834,1,1,0.67555475,0.001043477526155634
iShares 7-10 Year Treasury Bond ETF,2026-01-29,94.7822,0,1,0.6264749,-0.0006256448995698438
iShares 7-10 Year Treasury Bond ETF,2026-01-30,94.7229,0,1,0.5743799,-0.001965733734925812
iShares 7-10 Year Treasury Bond ETF,2026-02-02,94.5367,1,1,0.6226552,0.0009435489074614001
iShares 7-10 Year Treasury Bond ETF,2026-02-03,94.6259,0,1,0.64608765,-0.00020924503756369894
iShares 7-10 Year Treasury Bond ETF,2026-02-04,94.6061,1,1,0.5981224,0.005863258288841822
iShares 7-10 Year Treasury Bond ETF,2026-02-05,95.1608,0,1,0.61932594,0.0
iShares 7-10 Year Treasury Bond ETF,2026-02-06,95.1608,1,1,0.6142606,0.00020806886869384478
iShares 7-10 Year Treasury Bond ETF,2026-02-09,95.1806,1,1,0.6060852,0.004370638554495265
iShares 7-10 Year Treasury Bond ETF,2026-02-10,95.5966,0,1,0.581187,-0.00279821667297786
iShares 7-10 Year Treasury Bond ETF,2026-02-11,95.3291,1,1,0.5163204,0.006131391149187371
iShares 7-10 Year Treasury Bond ETF,2026-02-12,95.9136,1,1,0.52042174,0.003924365262069296
iShares 7-10 Year Treasury Bond ETF,2026-02-13,96.29,0,1,0.5176008,-0.0001028144147886545
iShares 7-10 Year Treasury Bond ETF,2026-02-17,96.2801,0,1,0.5315943,-0.002058577006047946
iShares 7-10 Year Treasury Bond ETF,2026-02-18,96.0819,1,1,0.5677421,0.0009283746470458709
iShares 7-10 Year Treasury Bond ETF,2026-02-19,96.1711,0,1,0.5770456,0.0
iShares 7-10 Year Treasury Bond ETF,2026-02-20,96.1711,1,1,0.5266339,0.0036050331128583135
iShares 7-10 Year Treasury Bond ETF,2026-02-23,96.5178,0,1,0.5651003,-0.00020514350720790553
iShares 7-10 Year Treasury Bond ETF,2026-02-24,96.498,0,1,0.5986781,-0.0008217786897137813
iShares 7-10 Year Treasury Bond ETF,2026-02-25,96.4187,1,1,0.63586026,0.0026716809083715543
iShares 7-10 Year Treasury Bond ETF,2026-02-26,96.6763,1,1,0.60234314,0.003995808693547431
iShares 7-10 Year Treasury Bond ETF,2026-02-27,97.0626,0,1,0.5931832,-0.006007463224764198
iShares 7-10 Year Treasury Bond ETF,2026-03-02,96.4795,0,1,0.5998362,-0.0011328831513430782
iShares 7-10 Year Treasury Bond ETF,2026-03-03,96.3702,0,1,0.710952,-0.002061840693492356
iShares 7-10 Year Treasury Bond ETF,2026-03-04,96.1715,0,1,0.7070546,-0.0030986310913314608
iShares 7-10 Year Treasury Bond ETF,2026-03-05,95.8735,0,1,0.6277417,-0.0006216524899999021
iShares 7-10 Year Treasury Bond ETF,2026-03-06,95.8139,1,1,0.5711391,0.003110195911031788
iShares 7-10 Year Treasury Bond ETF,2026-03-09,96.1119,0,1,0.596778,-0.0032045979738202224
iShares 7-10 Year Treasury Bond ETF,2026-03-10,95.8039,0,1,0.6323094,-0.004562444743898775
iShares 7-10 Year Treasury Bond ETF,2026-03-11,95.3668,0,1,0.6087614,-0.0032285868876800183
iShares 7-10 Year Treasury Bond ETF,2026-03-12,95.0589,0,1,0.6468613,-0.001045667475638723
iShares 7-10 Year Treasury Bond ETF,2026-03-13,94.9595,1,1,0.7003804,0.004498759997683122
iShares 7-10 Year Treasury Bond ETF,2026-03-16,95.3867,1,1,0.5856495,0.0017706871083704723
iShares 7-10 Year Treasury Bond ETF,2026-03-17,95.5556,0,1,0.73529905,-0.00457430019799987
iShares 7-10 Year Treasury Bond ETF,2026-03-18,95.1185,0,1,0.6898621,-0.0001051320195334382
iShares 7-10 Year Treasury Bond ETF,2026-03-19,95.1085,0,1,0.60724837,-0.008982372763738367
iShares 7-10 Year Treasury Bond ETF,2026-03-20,94.2542,1,1,0.6754598,0.003161662822452449
iShares 7-10 Year Treasury Bond ETF,2026-03-23,94.5522,0,1,0.67969376,-0.0033611063518352857
iShares 7-10 Year Treasury Bond ETF,2026-03-24,94.2344,1,1,0.6786166,0.005270898949852665
iShares 7-10 Year Treasury Bond ETF,2026-03-25,94.7311,0,1,0.68913424,-0.008075489464389185
iShares 7-10 Year Treasury Bond ETF,2026-03-26,93.9661,1,1,0.6490305,0.00010642135834104671
iShares 7-10 Year Treasury Bond ETF,2026-03-27,93.9761,1,1,0.6700726,0.007081587765399799
iShares 7-10 Year Treasury Bond ETF,2026-03-30,94.6416,1,1,0.7201252,0.0017846274788253513
iShares 7-10 Year Treasury Bond ETF,2026-03-31,94.8105,0,1,0.74381393,-0.0008722662574293105
iShares 7-10 Year Treasury Bond ETF,2026-04-01,94.7278,1,1,0.6068687,0.002315054292404195
iShares 7-10 Year Treasury Bond ETF,2026-04-02,94.9471,0,1,0.6490298,-0.002624619393325367
iShares 7-10 Year Treasury Bond ETF,2026-04-06,94.6979,1,1,0.6668925,0.002525927185291321
iShares 7-10 Year Treasury Bond ETF,2026-04-07,94.9371,1,1,0.6630671,0.002204617583642321
iShares 7-10 Year Treasury Bond ETF,2026-04-08,95.1464,0,1,0.6056755,-0.0003142525623670567
iShares 7-10 Year Treasury Bond ETF,2026-04-09,95.1165,0,1,0.6635206,-0.001676890970546685
iShares 7-10 Year Treasury Bond ETF,2026-04-10,94.957,1,1,0.7495377,0.0022052086733994614
iShares 7-10 Year Treasury Bond ETF,2026-04-13,95.1664,1,1,0.74323034,0.0032458935086334684
iShares 7-10 Year Treasury Bond ETF,2026-04-14,95.4753,0,1,0.72511905,-0.002192190021921836
iShares 7-10 Year Treasury Bond ETF,2026-04-15,95.266,0,1,0.6991885,-0.0017781789935550352
iShares 7-10 Year Treasury Bond ETF,2026-04-16,95.0966,1,1,0.78219736,0.0054502474326108
iShares 7-10 Year Treasury Bond ETF,2026-04-17,95.6149,0,1,0.74221814,-0.0009381383027122769
iShares 7-10 Year Treasury Bond ETF,2026-04-20,95.5252,0,1,0.74263185,-0.004382089752232865
iShares 7-10 Year Treasury Bond ETF,2026-04-21,95.1066,1,1,0.7585003,0.0010472459324588623
iShares 7-10 Year Treasury Bond ETF,2026-04-22,95.2062,0,1,0.7449215,-0.0015702758853939347
iShares 7-10 Year Treasury Bond ETF,2026-04-23,95.0567,1,1,0.7415587,0.0019924950056122714
iShares 7-10 Year Treasury Bond ETF,2026-04-24,95.2461,0,1,0.6700895,-0.0023024564785329993
iShares 7-10 Year Treasury Bond ETF,2026-04-27,95.0268,0,1,0.6171418,-0.0009439442346790283
iShares 7-10 Year Treasury Bond ETF,2026-04-28,94.9371,0,1,0.6669657,-0.0047241805363761324
iShares 7-10 Year Treasury Bond ETF,2026-04-29,94.4886,1,1,0.66786355,0.001898641740908369
iShares 7-10 Year Treasury Bond ETF,2026-04-30,94.668,0,0,0.36333182,0.0
iShares 7-10 Year Treasury Bond ETF,2026-04-30,94.668,1,1,0.563486,0.0007605526682721298
iShares 7-10 Year Treasury Bond ETF,2026-05-01,94.74,0,1,0.77431357,0.0
iShares 7-10 Year Treasury Bond ETF,2026-05-01,94.74,0,1,0.69931716,0.0
iShares 7-10 Year Treasury Bond ETF,2026-05-01,94.74,0,0,0.4316557,-0.003694321300401038
iShares 7-10 Year Treasury Bond ETF,2026-05-04,94.39,1,1,0.75644726,0.0014832079669455656
iShares 7-10 Year Treasury Bond ETF,2026-05-05,94.53,1,0,0.39380774,0.004971966571458708
iShares 7-10 Year Treasury Bond ETF,2026-05-06,95.0,0,0,0.2922213,-0.003052631578947418
iShares 7-10 Year Treasury Bond ETF,2026-05-07,94.71,1,1,0.50267136,0.0026396367859782277
iShares 7-10 Year Treasury Bond ETF,2026-05-08,94.96,0,1,0.77991986,0.0
iShares 7-10 Year Treasury Bond ETF,2026-05-08,94.96,0,0,0.41424012,0.0
iShares Russell 2000 ETF,2025-06-05,206.3068,1,0,0.36853138,0.016160398009178678
iShares Russell 2000 ETF,2025-06-06,209.6408,1,0,0.38354662,0.006890357220540988
iShares Russell 2000 ETF,2025-06-09,211.0853,1,1,0.5518691,0.005389764232753391
iShares Russell 2000 ETF,2025-06-10,212.223,0,1,0.5659441,-0.004102288630355888
iShares Russell 2000 ETF,2025-06-11,211.3524,0,1,0.66933656,-0.003979136267201033
iShares Russell 2000 ETF,2025-06-12,210.5114,0,1,0.51757693,-0.018281670256337645
iShares Russell 2000 ETF,2025-06-13,206.6629,1,0,0.34592503,0.0117902148861746
iShares Russell 2000 ETF,2025-06-16,209.0995,0,0,0.36093363,-0.010533262872460258
iShares Russell 2000 ETF,2025-06-17,206.897,1,1,0.60003775,0.005274605238355434
iShares Russell 2000 ETF,2025-06-18,207.9883,0,1,0.6337129,-0.002098675742818301
iShares Russell 2000 ETF,2025-06-20,207.5518,1,1,0.5924836,0.01223646337926243
iShares Russell 2000 ETF,2025-06-23,210.0915,1,1,0.52581793,0.012749682876270763
iShares Russell 2000 ETF,2025-06-24,212.7701,0,1,0.5987992,-0.011656713043797118
iShares Russell 2000 ETF,2025-06-25,210.2899,1,1,0.5756124,0.01622902478911259
iShares Russell 2000 ETF,2025-06-26,213.7027,1,1,0.67947996,0.00032475022542999277
iShares Russell 2000 ETF,2025-06-27,213.7721,1,1,0.7259259,0.0014384477675057905
iShares Russell 2000 ETF,2025-06-30,214.0796,1,1,0.5133948,0.010287762122126676
iShares Russell 2000 ETF,2025-07-01,216.282,1,0,0.47947285,0.01385274780148138
iShares Russell 2000 ETF,2025-07-02,219.2781,1,1,0.75806993,0.00927498003676619
iShares Russell 2000 ETF,2025-07-03,221.3119,0,1,0.7700509,-0.015017267485390562
iShares Russell 2000 ETF,2025-07-07,217.9884,1,1,0.81664604,0.006917799295742322
iShares Russell 2000 ETF,2025-07-08,219.4964,1,1,0.59663934,0.010847102731525338
iShares Russell 2000 ETF,2025-07-09,221.8773,1,0,0.42946327,0.005142031203732911
iShares Russell 2000 ETF,2025-07-10,223.0182,0,0,0.31764838,-0.013789905935928104
iShares Russell 2000 ETF,2025-07-11,219.9428,1,0,0.42157933,0.006720838327055834
iShares Russell 2000 ETF,2025-07-14,221.421,0,0,0.46453726,-0.01957944368420339
iShares Russell 2000 ETF,2025-07-15,217.0857,1,0,0.4690525,0.010053633196474898
iShares Russell 2000 ETF,2025-07-16,219.2682,1,1,0.7129085,0.013120917670688126
iShares Russell 2000 ETF,2025-07-17,222.1452,0,1,0.747882,-0.007100761123805421
iShares Russell 2000 ETF,2025-07-18,220.5678,0,1,0.70469123,-0.004048188357502758
iShares Russell 2000 ETF,2025-07-21,219.6749,1,1,0.7096812,0.008310007196998814
iShares Russell 2000 ETF,2025-07-22,221.5004,1,0,0.3268844,0.015272658649826187
iShares Russell 2000 ETF,2025-07-23,224.8833,0,0,0.30867422,-0.013807605989417548
iShares Russell 2000 ETF,2025-07-24,221.7782,1,0,0.3484498,0.003712718382600233
iShares Russell 2000 ETF,2025-07-25,222.6016,0,0,0.2189035,-0.0011590213188044096
iShares Russell 2000 ETF,2025-07-28,222.3436,0,0,0.49020705,-0.00638021512649789
iShares Russell 2000 ETF,2025-07-29,220.925,0,1,0.81592035,-0.005074572818829948
iShares Russell 2000 ETF,2025-07-30,219.8039,0,1,0.8193948,-0.009794184725566701
iShares Russell 2000 ETF,2025-07-31,217.6511,0,0,0.38314265,-0.020374351427583037
iShares Russell 2000 ETF,2025-08-01,213.2166,1,0,0.13554122,0.022380058588308938
iShares Russell 2000 ETF,2025-08-04,217.9884,1,0,0.16675347,0.005097060210543347
iShares Russell 2000 ETF,2025-08-05,219.0995,0,1,0.675482,-0.001313102038115077
iShares Russell 2000 ETF,2025-08-06,218.8118,0,1,0.85847193,-0.003264449175044537
iShares Russell 2000 ETF,2025-08-07,218.0975,1,1,0.81896436,0.002183427136945637
iShares Russell 2000 ETF,2025-08-08,218.5737,0,1,0.79811245,-0.00022646823474181677
iShares Russell 2000 ETF,2025-08-11,218.5242,1,1,0.7924623,0.029690533130884322
iShares Russell 2000 ETF,2025-08-12,225.0123,1,1,0.5064187,0.019443825959736483
iShares Russell 2000 ETF,2025-08-13,229.3874,0,1,0.6042157,-0.01288824059211624
iShares Russell 2000 ETF,2025-08-14,226.431,0,1,0.55292916,-0.004863291687092319
iShares Russell 2000 ETF,2025-08-15,225.3298,1,0,0.13383257,0.003654199311409201
iShares Russell 2000 ETF,2025-08-18,226.1532,0,0,0.1671768,-0.007676654586360021
iShares Russell 2000 ETF,2025-08-19,224.4171,0,0,0.3275973,-0.003536718013021245
iShares Russell 2000 ETF,2025-08-20,223.6234,1,1,0.5662643,0.0024845342660919645
iShares Russell 2000 ETF,2025-08-21,224.179,1,1,0.78049505,0.039208846502125416
iShares Russell 2000 ETF,2025-08-22,232.9688,0,1,0.6544575,-0.010518575877971559
iShares Russell 2000 ETF,2025-08-25,230.5183,1,1,0.6873693,0.00826311837281457
iShares Russell 2000 ETF,2025-08-26,232.4231,1,1,0.642152,0.00708578450248698
iShares Russell 2000 ETF,2025-08-27,234.07,1,1,0.60649467,0.0011863972315975246
iShares Russell 2000 ETF,2025-08-28,234.3477,0,1,0.50132227,-0.004444677716060386
iShares Russell 2000 ETF,2025-08-29,233.3061,0,1,0.68592495,-0.0054006303307113646
iShares Russell 2000 ETF,2025-09-02,232.0461,0,1,0.8791542,-0.0009834252762704887
iShares Russell 2000 ETF,2025-09-03,231.8179,1,1,0.90410614,0.012496446564307595
iShares Russell 2000 ETF,2025-09-04,234.7148,1,1,0.7562139,0.004987755352453327
iShares Russell 2000 ETF,2025-09-05,235.8855,1,1,0.609343,0.0020183521242298497
iShares Russell 2000 ETF,2025-09-08,236.3616,0,0,0.43573287,-0.0058761660100457025
iShares Russell 2000 ETF,2025-09-09,234.9727,0,0,0.47488448,-0.0017729719239725217
iShares Russell 2000 ETF,2025-09-10,234.5561,1,1,0.5577619,0.018482998310425547
iShares Russell 2000 ETF,2025-09-11,238.8914,0,1,0.50374377,-0.010215939125477136
iShares Russell 2000 ETF,2025-09-12,236.4509,1,1,0.6901633,0.004237666255446637
iShares Russell 2000 ETF,2025-09-15,237.4529,0,1,0.73247737,-0.0016466423446501732
iShares Russell 2000 ETF,2025-09-16,237.0619,1,1,0.8421138,0.0025600908454710414
iShares Russell 2000 ETF,2025-09-17,237.6688,1,1,0.5007705,0.024906929306665493
iShares Russell 2000 ETF,2025-09-18,243.5884,0,0,0.42172325,-0.007596831376206814
iShares Russell 2000 ETF,2025-09-19,241.7379,1,1,0.562412,0.0058029791770344286
iShares Russell 2000 ETF,2025-09-22,243.1407,0,1,0.5894526,-0.002250548756337345
iShares Russell 2000 ETF,2025-09-23,242.5935,0,1,0.6170359,-0.00918614884570279
iShares Russell 2000 ETF,2025-09-24,240.365,0,1,0.8415081,-0.009561292201443639
iShares Russell 2000 ETF,2025-09-25,238.0668,1,1,0.8444661,0.008566923233310986
iShares Russell 2000 ETF,2025-09-26,240.1063,1,0,0.43527728,0.0011599029263289484
iShares Russell 2000 ETF,2025-09-29,240.3848,1,1,0.7079757,0.00140732691917278
iShares Russell 2000 ETF,2025-09-30,240.7231,1,1,0.77077216,0.0021904835888206797
iShares Russell 2000 ETF,2025-10-01,241.2504,1,1,0.78235126,0.006309626844142047
iShares Russell 2000 ETF,2025-10-02,242.7726,1,1,0.8335559,0.007417229127174796
iShares Russell 2000 ETF,2025-10-03,244.5733,1,1,0.5840725,0.003986534916117224
iShares Russell 2000 ETF,2025-10-06,245.5483,0,1,0.6878335,-0.01073678783359533
iShares Russell 2000 ETF,2025-10-07,242.9119,1,1,0.5650269,0.010484871264026197
iShares Russell 2000 ETF,2025-10-08,245.4588,0,0,0.18599002,-0.00644466607023253
iShares Russell 2000 ETF,2025-10-09,243.8769,0,0,0.42471585,-0.029943385371882347
iShares Russell 2000 ETF,2025-10-10,236.5744,1,1,0.639868,0.027839867711806576
iShares Russell 2000 ETF,2025-10-13,243.1606,1,0,0.20002858,0.014279040272149324
iShares Russell 2000 ETF,2025-10-14,246.6327,1,1,0.63986015,0.009802430902309256
iShares Russell 2000 ETF,2025-10-15,249.0503,0,1,0.9246175,-0.0210519722321153
iShares Russell 2000 ETF,2025-10-16,243.8073,0,1,0.9439087,-0.006733186414024539
iShares Russell 2000 ETF,2025-10-17,242.1657,1,1,0.8001578,0.01951432428291877
iShares Russell 2000 ETF,2025-10-20,246.8914,0,1,0.66671085,-0.004714623514630367
iShares Russell 2000 ETF,2025-10-21,245.7274,0,0,0.080791466,-0.014777757791764268
iShares Russell 2000 ETF,2025-10-22,242.0961,1,1,0.5180399,0.012656957299188143
iShares Russell 2000 ETF,2025-10-23,245.1603,1,1,0.83463216,0.012214865131099817
iShares Russell 2000 ETF,2025-10-24,248.1549,1,1,0.8579265,0.003488143897218965
iShares Russell 2000 ETF,2025-10-27,249.0205,0,1,0.50437236,-0.005353776094739193
iShares Russell 2000 ETF,2025-10-28,247.6873,0,0,0.45816672,-0.00851517215456743
iShares Russell 2000 ETF,2025-10-29,245.5782,0,0,0.13622418,-0.008062197703216367
iShares Russell 2000 ETF,2025-10-30,243.5983,1,0,0.3312744,0.005636328332340623
iShares Russell 2000 ETF,2025-10-31,244.9713,0,1,0.50225616,-0.0032085391227462123
iShares Russell 2000 ETF,2025-11-03,244.1853,0,1,0.73070085,-0.017274995669272486
iShares Russell 2000 ETF,2025-11-04,239.967,1,1,0.8718334,0.014427817158192635
iShares Russell 2000 ETF,2025-11-05,243.4292,0,1,0.67758346,-0.01769631580763531
iShares Russell 2000 ETF,2025-11-06,239.1214,1,1,0.8533941,0.005242107147248154
iShares Russell 2000 ETF,2025-11-07,240.3749,1,1,0.6836616,0.010016020807496862
iShares Russell 2000 ETF,2025-11-10,242.7825,1,1,0.7147606,0.0008608528209406163
iShares Russell 2000 ETF,2025-11-11,242.9915,0,0,0.49353746,-0.002456876063566038
iShares Russell 2000 ETF,2025-11-12,242.3945,0,0,0.40632233,-0.028115324398862218
iShares Russell 2000 ETF,2025-11-13,235.5795,1,1,0.8255808,0.002914090572396999
iShares Russell 2000 ETF,2025-11-14,236.266,0,1,0.9138079,-0.019875479332616575
iShares Russell 2000 ETF,2025-11-17,231.5701,1,1,0.68816215,0.0030504801785722346
iShares Russell 2000 ETF,2025-11-18,232.2765,0,0,0.24336892,-0.0001713475104023754
iShares Russell 2000 ETF,2025-11-19,232.2367,0,0,0.27575928,-0.01850654956774711
iShares Russell 2000 ETF,2025-11-20,227.9388,1,1,0.5289094,0.028326901782408376
iShares Russell 2000 ETF,2025-11-21,234.3956,1,1,0.6077533,0.018251195841560097
iShares Russell 2000 ETF,2025-11-24,238.6736,1,0,0.39708063,0.021800902990527726
iShares Russell 2000 ETF,2025-11-25,243.8769,1,1,0.7338981,0.008852416936577345
iShares Russell 2000 ETF,2025-11-26,246.0358,1,1,0.7834218,0.005863374354463824
iShares Russell 2000 ETF,2025-11-28,247.4784,0,0,0.48384365,-0.012582916327243177
iShares Russell 2000 ETF,2025-12-01,244.3644,0,1,0.7610024,-0.0018320999294496598
iShares Russell 2000 ETF,2025-12-02,243.9167,1,1,0.7626949,0.01819145634554764
iShares Russell 2000 ETF,2025-12-03,248.3539,1,1,0.6125566,0.008772964708828823
iShares Russell 2000 ETF,2025-12-04,250.5327,0,1,0.7747864,-0.004169515596167739
iShares Russell 2000 ETF,2025-12-05,249.4881,1,1,0.7965721,0.00039881661690488457
iShares Russell 2000 ETF,2025-12-08,249.5876,1,1,0.5846235,0.002072618992289499
iShares Russell 2000 ETF,2025-12-09,250.1049,1,1,0.6902633,0.013604291639228272
iShares Russell 2000 ETF,2025-12-10,253.5074,1,1,0.55990887,0.011734174229233618
iShares Russell 2000 ETF,2025-12-11,256.4821,0,0,0.16055368,-0.015321926949288134
iShares Russell 2000 ETF,2025-12-12,252.5523,0,0,0.31573302,-0.00756358187987205
iShares Russell 2000 ETF,2025-12-15,250.6421,0,1,0.60094744,-0.004731048774328062
iShares Russell 2000 ETF,2025-12-16,249.4563,0,1,0.77478504,-0.010644349330924952
iShares Russell 2000 ETF,2025-12-17,246.801,1,1,0.9063272,0.005945680933221675
iShares Russell 2000 ETF,2025-12-18,248.2684,1,1,0.9297943,0.008363126358408746
iShares Russell 2000 ETF,2025-12-19,250.3447,1,1,0.69628227,0.011124661316976203
iShares Russell 2000 ETF,2025-12-22,253.1297,0,1,0.713542,-0.0059151494273490535
iShares Russell 2000 ETF,2025-12-23,251.6324,1,0,0.22118858,0.002499280696762529
iShares Russell 2000 ETF,2025-12-24,252.2613,0,1,0.6667274,-0.005104627622231406
iShares Russell 2000 ETF,2025-12-26,250.9736,0,1,0.89719546,-0.006125345454661479
iShares Russell 2000 ETF,2025-12-29,249.4363,0,1,0.7951579,-0.007403493396911376
iShares Russell 2000 ETF,2025-12-30,247.5896,0,1,0.8403994,-0.007539492773525169
iShares Russell 2000 ETF,2025-12-31,245.7229,1,0,0.49840286,0.010643289656763644
iShares Russell 2000 ETF,2026-01-02,248.3382,1,1,0.6235665,0.015877541191810174
iShares Russell 2000 ETF,2026-01-05,252.2812,1,1,0.51928586,0.013255446699952156
iShares Russell 2000 ETF,2026-01-06,255.6253,0,1,0.711768,-0.0023428823359816775
iShares Russell 2000 ETF,2026-01-07,255.0264,1,1,0.8571711,0.010920438040924463
iShares Russell 2000 ETF,2026-01-08,257.8114,1,1,0.8868746,0.0075888808640736105
iShares Russell 2000 ETF,2026-01-09,259.7679,1,1,0.7356471,0.0048801256814254845
iShares Russell 2000 ETF,2026-01-12,261.0356,0,1,0.55374,-0.0005734849959162513
iShares Russell 2000 ETF,2026-01-13,260.8859,1,1,0.6175568,0.007040625806147283
iShares Russell 2000 ETF,2026-01-14,262.7227,1,1,0.859216,0.008814617084857979
iShares Russell 2000 ETF,2026-01-15,265.0385,1,1,0.9215638,0.0009417499721737776
iShares Russell 2000 ETF,2026-01-16,265.2881,0,1,0.784121,-0.011965859003852719
iShares Russell 2000 ETF,2026-01-20,262.1137,1,1,0.72540915,0.01984177095664985
iShares Russell 2000 ETF,2026-01-21,267.3145,1,1,0.5423831,0.007468356561278977
iShares Russell 2000 ETF,2026-01-22,269.3109,0,1,0.53908515,-0.01845859190994492
iShares Russell 2000 ETF,2026-01-23,264.3398,0,1,0.52779996,-0.0031342234502712563
iShares Russell 2000 ETF,2026-01-26,263.5113,1,1,0.7992734,0.002840864888906225
iShares Russell 2000 ETF,2026-01-27,264.2599,0,1,0.811165,-0.005401500568190776
iShares Russell 2000 ETF,2026-01-28,262.8325,1,1,0.8885809,0.0002655683752961213
iShares Russell 2000 ETF,2026-01-29,262.9023,0,1,0.7212418,-0.014124638696580538
iShares Russell 2000 ETF,2026-01-30,259.1889,1,0,0.39487466,0.00974385862974847
iShares Russell 2000 ETF,2026-02-02,261.7144,1,0,0.2768304,0.0022887544590590725
iShares Russell 2000 ETF,2026-02-03,262.3134,0,1,0.8098376,-0.008600399369609102
iShares Russell 2000 ETF,2026-02-04,260.0574,0,1,0.8373752,-0.018002564049321323
iShares Russell 2000 ETF,2026-02-05,255.3757,1,1,0.8487446,0.035922368494731405
iShares Russell 2000 ETF,2026-02-06,264.5494,1,0,0.43476063,0.007018348935964314
iShares Russell 2000 ETF,2026-02-09,266.4061,0,0,0.45892352,-0.0026977610497656013
iShares Russell 2000 ETF,2026-02-10,265.6874,0,1,0.6432233,-0.004545943842274913
iShares Russell 2000 ETF,2026-02-11,264.4796,0,0,0.29210326,-0.020418966150886453
iShares Russell 2000 ETF,2026-02-12,259.0792,1,1,0.57512,0.01317705165061489
iShares Russell 2000 ETF,2026-02-13,262.4931,1,1,0.7565515,0.00030400799106700127
iShares Russell 2000 ETF,2026-02-17,262.5729,1,1,0.87195915,0.0036115684444206764
iShares Russell 2000 ETF,2026-02-18,263.5212,1,1,0.5253921,0.0023110095127070185
iShares Russell 2000 ETF,2026-02-19,264.1302,1,0,0.45209238,3.7481514798543e-05
iShares Russell 2000 ETF,2026-02-20,264.1401,0,0,0.28369233,-0.015570146297362752
iShares Russell 2000 ETF,2026-02-23,260.0274,1,1,0.7720186,0.010902697177297416
iShares Russell 2000 ETF,2026-02-24,262.8624,1,1,0.8795619,0.0047469702779858736
iShares Russell 2000 ETF,2026-02-25,264.1102,1,1,0.87155694,0.005329214850467556
iShares Russell 2000 ETF,2026-02-26,265.5177,0,1,0.7017482,-0.017218814414255545
iShares Russell 2000 ETF,2026-02-27,260.9458,1,1,0.5557051,0.009181216942368842
iShares Russell 2000 ETF,2026-03-02,263.3416,0,1,0.55440485,-0.017323127071454114
iShares Russell 2000 ETF,2026-03-03,258.7797,1,1,0.8292244,0.00972062337192603
iShares Russell 2000 ETF,2026-03-04,261.2952,0,1,0.8923964,-0.01910138418156937
iShares Russell 2000 ETF,2026-03-05,256.3041,0,1,0.5917388,-0.02286190505731278
iShares Russell 2000 ETF,2026-03-06,250.4445,1,0,0.2785939,0.010881053486900383
iShares Russell 2000 ETF,2026-03-09,253.1696,0,1,0.5804739,-0.001025004581908684
iShares Russell 2000 ETF,2026-03-10,252.9101,0,1,0.68584734,-0.0020129682444472996
iShares Russell 2000 ETF,2026-03-11,252.401,0,1,0.6480693,-0.021514574031006317
iShares Russell 2000 ETF,2026-03-12,246.9707,0,0,0.37171653,-0.003314563225516265
iShares Russell 2000 ETF,2026-03-13,246.1521,1,1,0.6469673,0.009449035779097725
iShares Russell 2000 ETF,2026-03-16,248.478,1,1,0.87869275,0.006326515828363188
iShares Russell 2000 ETF,2026-03-17,250.05,0,1,0.70616865,-0.016116776644671038
iShares Russell 2000 ETF,2026-03-18,246.02,1,1,0.6002117,0.006544183399723513
iShares Russell 2000 ETF,2026-03-19,247.63,0,0,0.11499679,-0.021847110608569253
iShares Russell 2000 ETF,2026-03-20,242.22,1,0,0.23923194,0.0215919412104697
iShares Russell 2000 ETF,2026-03-23,247.45,1,1,0.5462854,0.005374823196605316
iShares Russell 2000 ETF,2026-03-24,248.78,1,1,0.70285296,0.012219631803199515
iShares Russell 2000 ETF,2026-03-25,251.82,0,0,0.090651885,-0.017393376221110257
iShares Russell 2000 ETF,2026-03-26,247.44,0,0,0.44911826,-0.017539605560944027
iShares Russell 2000 ETF,2026-03-27,243.1,0,1,0.9149989,-0.014356232003290725
iShares Russell 2000 ETF,2026-03-30,239.61,1,1,0.7809408,0.03501523308709986
iShares Russell 2000 ETF,2026-03-31,248.0,1,1,0.56437117,0.0062903225806452134
iShares Russell 2000 ETF,2026-04-01,249.56,1,1,0.58415633,0.006932200673184674
iShares Russell 2000 ETF,2026-04-02,251.29,1,0,0.24912491,0.004258028572565742
iShares Russell 2000 ETF,2026-04-06,252.36,1,0,0.4205865,0.0021794262165160116
iShares Russell 2000 ETF,2026-04-07,252.91,1,1,0.61035925,0.029892056462773375
iShares Russell 2000 ETF,2026-04-08,260.47,1,0,0.073142104,0.00572042845625198
iShares Russell 2000 ETF,2026-04-09,261.96,0,0,0.21265596,-0.0025194686211633677
iShares Russell 2000 ETF,2026-04-10,261.3,1,1,0.5761044,0.014427860696517358
iShares Russell 2000 ETF,2026-04-13,265.07,1,1,0.7560213,0.01376994756102179
iShares Russell 2000 ETF,2026-04-14,268.72,1,1,0.6957258,0.0024933015778503265
iShares Russell 2000 ETF,2026-04-15,269.39,1,1,0.75635177,0.002078770555699938
iShares Russell 2000 ETF,2026-04-16,269.95,1,1,0.86306673,0.021596591961474232
iShares Russell 2000 ETF,2026-04-17,275.78,1,1,0.8613214,0.0056929436507362485
iShares Russell 2000 ETF,2026-04-20,277.35,0,1,0.8667375,-0.010239769244636876
iShares Russell 2000 ETF,2026-04-21,274.51,1,1,0.81957626,0.007176423445411917
iShares Russell 2000 ETF,2026-04-22,276.48,0,1,0.78581643,-0.003472222222222321
iShares Russell 2000 ETF,2026-04-23,275.52,1,1,0.7535935,0.004101335656213623
iShares Russell 2000 ETF,2026-04-24,276.65,1,1,0.6486636,0.0017711910356046356
iShares Russell 2000 ETF,2026-04-27,277.14,0,1,0.6197698,-0.011654759327415554
iShares Russell 2000 ETF,2026-04-28,273.91,0,1,0.59411734,-0.006681026614581587
iShares Russell 2000 ETF,2026-04-29,272.08,1,1,0.627194,0.021648044692737622
iShares Russell 2000 ETF,2026-04-30,277.97,0,0,0.25290963,0.0
iShares Russell 2000 ETF,2026-04-30,277.97,1,1,0.84004986,0.0047127387847607505
iShares Russell 2000 ETF,2026-05-01,279.28,0,1,0.52634513,0.0
iShares Russell 2000 ETF,2026-05-01,279.28,0,1,0.5818297,0.0
iShares Russell 2000 ETF,2026-05-01,279.28,0,1,0.8716841,-0.005012890289315286
iShares Russell 2000 ETF,2026-05-04,277.88,1,1,0.9369706,0.01684180221678422
iShares Russell 2000 ETF,2026-05-05,282.56,1,0,0.38174608,0.01500566251415636
iShares Russell 2000 ETF,2026-05-06,286.8,0,0,0.39890194,-0.015829846582984697
iShares Russell 2000 ETF,2026-05-07,282.26,1,1,0.746365,0.006766810741869245
iShares Russell 2000 ETF,2026-05-08,284.17,0,1,0.928844,0.0
iShares Russell 2000 ETF,2026-05-08,284.17,0,1,0.8524737,0.0
Invesco QQQ Trust,2025-06-05,522.262,1,1,0.6450664,0.009775170316814297
Invesco QQQ Trust,2025-06-06,527.3672,1,1,0.59667546,0.0014722189775928651
Invesco QQQ Trust,2025-06-09,528.1436,1,1,0.59892386,0.006613920910903737
Invesco QQQ Trust,2025-06-10,531.6367,0,1,0.6279584,-0.0033695943113033477
Invesco QQQ Trust,2025-06-11,529.8453,1,1,0.7323799,0.002347666384886482
Invesco QQQ Trust,2025-06-12,531.0892,0,1,0.5601147,-0.012554576519349325
Invesco QQQ Trust,2025-06-13,524.4216,1,0,0.38410106,0.013909800816747309
Invesco QQQ Trust,2025-06-16,531.7162,0,0,0.3605392,-0.009751066452366897
Invesco QQQ Trust,2025-06-17,526.5314,0,1,0.642155,-0.00017017028803978373
Invesco QQQ Trust,2025-06-18,526.4418,0,1,0.6968917,-0.0040832623853196415
Invesco QQQ Trust,2025-06-20,524.2922,1,1,0.7268247,0.010282434108308536
Invesco QQQ Trust,2025-06-23,529.6832,1,1,0.6107761,0.015291970747797867
Invesco QQQ Trust,2025-06-24,537.7831,1,1,0.5644326,0.0025566069294480354
Invesco QQQ Trust,2025-06-25,539.158,1,1,0.5780323,0.009350320314267746
Invesco QQQ Trust,2025-06-26,544.1993,1,1,0.75865996,0.003423561919319029
Invesco QQQ Trust,2025-06-27,546.0624,1,1,0.77745044,0.006476915458746069
Invesco QQQ Trust,2025-06-30,549.5992,0,1,0.68459404,-0.008429415472220425
Invesco QQQ Trust,2025-07-01,544.9664,1,1,0.6123396,0.0069653835539218445
Invesco QQQ Trust,2025-07-02,548.7623,1,1,0.7792109,0.00984014390201371
Invesco QQQ Trust,2025-07-03,554.1622,0,1,0.8036763,-0.007532632142719264
Invesco QQQ Trust,2025-07-07,549.9879,1,1,0.85802215,0.0005614668977262927
Invesco QQQ Trust,2025-07-08,550.2967,1,1,0.69186896,0.00707890852334736
Invesco QQQ Trust,2025-07-09,554.1922,0,1,0.50139713,-0.0014383096694612352
Invesco QQQ Trust,2025-07-10,553.3951,0,0,0.33609655,-0.0022502909765552692
Invesco QQQ Trust,2025-07-11,552.1498,1,0,0.41345665,0.0036269142902884965
Invesco QQQ Trust,2025-07-14,554.1524,1,1,0.52169573,0.000916715329573714
Invesco QQQ Trust,2025-07-15,554.6604,1,1,0.54416233,0.0010238697408360142
Invesco QQQ Trust,2025-07-16,555.2283,1,1,0.7748869,0.008092707090038509
Invesco QQQ Trust,2025-07-17,559.7216,0,1,0.80124754,-0.0009610134752704447
Invesco QQQ Trust,2025-07-18,559.1837,1,1,0.74905324,0.005184700483937377
Invesco QQQ Trust,2025-07-21,562.0829,0,1,0.70686495,-0.005175748986492867
Invesco QQQ Trust,2025-07-22,559.1737,1,0,0.42044735,0.004561194491085496
Invesco QQQ Trust,2025-07-23,561.7242,1,0,0.4329184,0.0021282686414436647
Invesco QQQ Trust,2025-07-24,562.9197,1,0,0.40582567,0.002407092876657302
Invesco QQQ Trust,2025-07-25,564.2747,1,0,0.31072024,0.00312525087514981
Invesco QQQ Trust,2025-07-28,566.0382,0,1,0.53485256,-0.0015488353966215396
Invesco QQQ Trust,2025-07-29,565.1615,1,1,0.8092732,0.0013396170829045317
Invesco QQQ Trust,2025-07-30,565.9186,0,1,0.8572383,-0.005299172001061558
Invesco QQQ Trust,2025-07-31,562.9197,0,1,0.57169586,-0.01969854670213178
Invesco QQQ Trust,2025-08-01,551.831,1,0,0.24394761,0.018451482428497146
Invesco QQQ Trust,2025-08-04,562.0131,0,0,0.28766733,-0.006789521454215186
Invesco QQQ Trust,2025-08-05,558.1973,1,1,0.70559585,0.012583364340888137
Invesco QQQ Trust,2025-08-06,565.2213,1,1,0.79377455,0.0033841612126082055
Invesco QQQ Trust,2025-08-07,567.1341,1,1,0.78170604,0.009328305245619894
Invesco QQQ Trust,2025-08-08,572.4245,0,1,0.8126412,-0.002958818149817022
Invesco QQQ Trust,2025-08-11,570.7308,1,1,0.8315992,0.012568622544989472
Invesco QQQ Trust,2025-08-12,577.9041,1,1,0.6599489,0.0005000829722439093
Invesco QQQ Trust,2025-08-13,578.1931,0,1,0.77313876,-0.0007753465062102505
Invesco QQQ Trust,2025-08-14,577.7448,0,1,0.6715743,-0.004397443300225401
Invesco QQQ Trust,2025-08-15,575.2042,0,0,0.20640294,-0.00039846718782654555
Invesco QQQ Trust,2025-08-18,574.975,0,0,0.22134766,-0.013567546415061638
Invesco QQQ Trust,2025-08-19,567.174,0,0,0.30876178,-0.005937331400945656
Invesco QQQ Trust,2025-08-20,563.8065,0,1,0.5889915,-0.004629779897890596
Invesco QQQ Trust,2025-08-21,561.1962,1,1,0.7984032,0.015427403107861615
Invesco QQQ Trust,2025-08-22,569.854,0,1,0.7922128,-0.0028847739947425177
Invesco QQQ Trust,2025-08-25,568.2101,1,1,0.70820224,0.004015240137406728
Invesco QQQ Trust,2025-08-26,570.4916,1,1,0.7108536,0.001537095375287123
Invesco QQQ Trust,2025-08-27,571.3685,1,1,0.62353134,0.006259883070207639
Invesco QQQ Trust,2025-08-28,574.9452,0,0,0.49436772,-0.011575537981706852
Invesco QQQ Trust,2025-08-29,568.2899,0,1,0.6878766,-0.00838005391262453
Invesco QQQ Trust,2025-09-02,563.5276,1,1,0.84701234,0.007867405252200532
Invesco QQQ Trust,2025-09-03,567.9611,1,1,0.8449339,0.009051500181966654
Invesco QQQ Trust,2025-09-04,573.102,1,1,0.72279507,0.0014428496149028192
Invesco QQQ Trust,2025-09-05,573.9289,1,1,0.545265,0.004877956137075534
Invesco QQQ Trust,2025-09-08,576.7285,1,0,0.37141237,0.0028332222180800226
Invesco QQQ Trust,2025-09-09,578.3625,1,0,0.48078734,0.0003273033780717416
Invesco QQQ Trust,2025-09-10,578.5518,1,1,0.64915735,0.005820394993153677
Invesco QQQ Trust,2025-09-11,581.9192,1,1,0.64008945,0.0044171080796096
Invesco QQQ Trust,2025-09-12,584.4896,1,1,0.72189265,0.0085570384828062
Invesco QQQ Trust,2025-09-15,589.4911,0,1,0.7921419,-0.000844966107206524
Invesco QQQ Trust,2025-09-16,588.993,0,1,0.8453367,-0.0019961187993745577
Invesco QQQ Trust,2025-09-17,587.8173,1,1,0.58821356,0.009017087452172667
Invesco QQQ Trust,2025-09-18,593.1177,1,1,0.6046424,0.006769314083865607
Invesco QQQ Trust,2025-09-19,597.1327,1,1,0.6504467,0.005919957155251954
Invesco QQQ Trust,2025-09-22,600.6677,0,1,0.6466188,-0.006642274921724534
Invesco QQQ Trust,2025-09-23,596.6779,0,1,0.7683249,-0.0035104367029514805
Invesco QQQ Trust,2025-09-24,594.5833,0,1,0.86852264,-0.0043114228065268545
Invesco QQQ Trust,2025-09-25,592.0198,1,1,0.8476318,0.004111011151991972
Invesco QQQ Trust,2025-09-26,594.4536,1,1,0.7158863,0.004630975403294713
Invesco QQQ Trust,2025-09-29,597.2065,1,1,0.7301326,0.0027392535077899183
Invesco QQQ Trust,2025-09-30,598.8424,1,1,0.757175,0.00479692152726674
Invesco QQQ Trust,2025-10-01,601.715,1,1,0.8199914,0.004111082489218321
Invesco QQQ Trust,2025-10-02,604.1887,0,1,0.8218344,-0.004209611997046614
Invesco QQQ Trust,2025-10-03,601.6453,1,1,0.72025067,0.007510072795382738
Invesco QQQ Trust,2025-10-06,606.1637,0,1,0.7074069,-0.005265574299483711
Invesco QQQ Trust,2025-10-07,602.9719,1,1,0.6051004,0.011463884137884461
Invesco QQQ Trust,2025-10-08,609.8843,0,0,0.2741081,-0.0012103935123431997
Invesco QQQ Trust,2025-10-09,609.1461,0,1,0.5528603,-0.03471416791472537
Invesco QQQ Trust,2025-10-10,588.0001,1,1,0.6736023,0.021221254894344455
Invesco QQQ Trust,2025-10-13,600.4782,0,0,0.21598673,-0.006661024496809498
Invesco QQQ Trust,2025-10-14,596.4784,1,1,0.7032162,0.007056751761673308
Invesco QQQ Trust,2025-10-15,600.6876,0,1,0.93069136,-0.003702923116774781
Invesco QQQ Trust,2025-10-16,598.4633,1,1,0.92863286,0.006566818717204548
Invesco QQQ Trust,2025-10-17,602.3933,1,1,0.7320158,0.01260073775720949
Invesco QQQ Trust,2025-10-20,609.9839,0,1,0.6956225,-0.0002614823112544462
Invesco QQQ Trust,2025-10-21,609.8244,0,0,0.115190566,-0.009634084828353817
Invesco QQQ Trust,2025-10-22,603.9493,1,1,0.66172457,0.008406500346966217
Invesco QQQ Trust,2025-10-23,609.0264,1,1,0.86129487,0.010678354829938508
Invesco QQQ Trust,2025-10-24,615.5298,1,1,0.81260276,0.017809210861927438
Invesco QQQ Trust,2025-10-27,626.4919,1,0,0.44842204,0.0076899637489329375
Invesco QQQ Trust,2025-10-28,631.3096,1,0,0.49715915,0.004502861987208728
Invesco QQQ Trust,2025-10-29,634.1523,0,0,0.19868687,-0.015288598653667274
Invesco QQQ Trust,2025-10-30,624.457,1,0,0.41863957,0.004824031118235483
Invesco QQQ Trust,2025-10-31,627.4694,1,1,0.5553,0.00478477516194431
Invesco QQQ Trust,2025-11-03,630.4717,0,1,0.7070173,-0.020297976895711667
Invesco QQQ Trust,2025-11-04,617.6744,1,1,0.74827665,0.006507959533372354
Invesco QQQ Trust,2025-11-05,621.6942,0,1,0.731729,-0.018627485989092363
Invesco QQQ Trust,2025-11-06,610.1136,0,1,0.8303429,-0.0031553140267649438
Invesco QQQ Trust,2025-11-07,608.1885,1,1,0.65346473,0.022124226288395832
Invesco QQQ Trust,2025-11-10,621.6442,0,1,0.714539,-0.0026634206512341496
Invesco QQQ Trust,2025-11-11,619.9885,0,1,0.5202687,-0.0007884017203546589
Invesco QQQ Trust,2025-11-12,619.4997,0,0,0.49883378,-0.02041599051621812
Invesco QQQ Trust,2025-11-13,606.852,1,1,0.84055966,0.0007560327724058791
Invesco QQQ Trust,2025-11-14,607.3108,0,1,0.9262291,-0.008540602274815345
Invesco QQQ Trust,2025-11-17,602.124,0,1,0.70602137,-0.01217573124472704
Invesco QQQ Trust,2025-11-18,594.7927,1,0,0.34513348,0.0059701472462592164
Invesco QQQ Trust,2025-11-19,598.3437,0,0,0.32002255,-0.02367184613124529
Invesco QQQ Trust,2025-11-20,584.1798,1,1,0.5579285,0.007512755490689527
Invesco QQQ Trust,2025-11-21,588.5686,1,1,0.6808422,0.025573229696589372
Invesco QQQ Trust,2025-11-24,603.6202,1,0,0.39650384,0.006163643960225285
Invesco QQQ Trust,2025-11-25,607.3407,1,1,0.7703772,0.008835732563287735
Invesco QQQ Trust,2025-11-26,612.707,1,1,0.7742754,0.008107300879539592
Invesco QQQ Trust,2025-11-28,617.6744,0,0,0.47974637,-0.003359051305995453
Invesco QQQ Trust,2025-12-01,615.5996,1,1,0.78904855,0.00782619092020198
Invesco QQQ Trust,2025-12-02,620.4174,1,1,0.713318,0.0024436774339338108
Invesco QQQ Trust,2025-12-03,621.9335,0,1,0.618632,-0.0009301637554496311
Invesco QQQ Trust,2025-12-04,621.355,1,1,0.83336866,0.00407737927593721
Invesco QQQ Trust,2025-12-05,623.8885,0,1,0.8377239,-0.0019184517746360097
Invesco QQQ Trust,2025-12-08,622.6916,1,1,0.57219374,0.001233355323887464
Invesco QQQ Trust,2025-12-09,623.4596,1,1,0.7592869,0.004095694412276307
Invesco QQQ Trust,2025-12-10,626.0131,0,1,0.5619752,-0.003234437106827359
Invesco QQQ Trust,2025-12-11,623.9883,0,0,0.1903273,-0.019118307186208328
Invesco QQQ Trust,2025-12-12,612.0587,0,0,0.36856246,-0.005019453199505364
Invesco QQQ Trust,2025-12-15,608.9865,1,1,0.6640667,0.001981817330926061
Invesco QQQ Trust,2025-12-16,610.1934,0,1,0.77278,-0.018536909773196553
Invesco QQQ Trust,2025-12-17,598.8823,1,1,0.90554583,0.014490159418637072
Invesco QQQ Trust,2025-12-18,607.5602,1,1,0.8903821,0.013035251486190225
Invesco QQQ Trust,2025-12-19,615.4799,1,1,0.6021031,0.004793495287173322
Invesco QQQ Trust,2025-12-22,618.4302,1,1,0.6959792,0.00468330945028228
Invesco QQQ Trust,2025-12-23,621.3265,1,0,0.2481641,0.0029256759529812104
Invesco QQQ Trust,2025-12-24,623.1443,0,1,0.66468835,-6.419058956341761e-05
Invesco QQQ Trust,2025-12-26,623.1043,0,1,0.8913763,-0.004840602127123672
Invesco QQQ Trust,2025-12-29,620.0881,0,1,0.8118723,-0.0023193478475075358
Invesco QQQ Trust,2025-12-30,618.6499,0,1,0.8403393,-0.00826557961134411
Invesco QQQ Trust,2025-12-31,613.5364,0,1,0.57976145,-0.0019371303805283402
Invesco QQQ Trust,2026-01-02,612.3479,1,1,0.7141485,0.007942870384629375
Invesco QQQ Trust,2026-01-05,617.2117,1,1,0.63353264,0.008786612437839514
Invesco QQQ Trust,2026-01-06,622.6349,1,1,0.72423655,0.0009625223385325565
Invesco QQQ Trust,2026-01-07,623.2342,0,1,0.82813114,-0.005689033111469177
Invesco QQQ Trust,2026-01-08,619.6886,1,1,0.8982792,0.009960163862946736
Invesco QQQ Trust,2026-01-09,625.8608,1,1,0.7752047,0.0008298969994604555
Invesco QQQ Trust,2026-01-12,626.3802,0,1,0.59686315,-0.001482805490978012
Invesco QQQ Trust,2026-01-13,625.4514,0,1,0.6808949,-0.010682844422444382
Invesco QQQ Trust,2026-01-14,618.7698,1,1,0.8961483,0.0035993999707160107
Invesco QQQ Trust,2026-01-15,620.997,0,1,0.9359835,-0.0008362359238449635
Invesco QQQ Trust,2026-01-16,620.4777,0,1,0.72597677,-0.021247177779314286
Invesco QQQ Trust,2026-01-20,607.2943,1,1,0.7064223,0.013518322170980479
Invesco QQQ Trust,2026-01-21,615.5039,1,1,0.53056693,0.007269490900057463
Invesco QQQ Trust,2026-01-22,619.9783,1,1,0.5341779,0.0031573685724162193
Invesco QQQ Trust,2026-01-23,621.9358,1,0,0.44596037,0.004400132618189945
Invesco QQQ Trust,2026-01-26,624.6724,1,1,0.78776664,0.009065231631812054
Invesco QQQ Trust,2026-01-27,630.3352,1,1,0.83504,0.0033114127213584865
Invesco QQQ Trust,2026-01-28,632.4225,0,1,0.8939138,-0.005985239298095912
Invesco QQQ Trust,2026-01-29,628.6373,0,1,0.765652,-0.012010741328903007
Invesco QQQ Trust,2026-01-30,621.0869,1,0,0.49298817,0.006866349942334926
Invesco QQQ Trust,2026-02-02,625.3515,0,0,0.3835545,-0.0153639992868011
Invesco QQQ Trust,2026-02-03,615.7436,0,1,0.88476104,-0.017468959482485835
Invesco QQQ Trust,2026-02-04,604.9872,0,1,0.8474337,-0.014395345885003907
Invesco QQQ Trust,2026-02-05,596.2782,1,1,0.8835157,0.021137952049898878
Invesco QQQ Trust,2026-02-06,608.8823,1,1,0.5612463,0.007660101139415509
Invesco QQQ Trust,2026-02-09,613.5464,0,1,0.52050287,-0.004639257927354645
Invesco QQQ Trust,2026-02-10,610.7,1,1,0.63545144,0.002682004257409387
Invesco QQQ Trust,2026-02-11,612.3379,0,0,0.33518824,-0.020338933781495427
Invesco QQQ Trust,2026-02-12,599.8836,1,1,0.70951694,0.002131080096205329
Invesco QQQ Trust,2026-02-13,601.162,0,1,0.87430733,-0.0010301715677305534
Invesco QQQ Trust,2026-02-17,600.5427,1,1,0.7663976,0.007467245876105144
Invesco QQQ Trust,2026-02-18,605.0271,0,1,0.5332187,-0.003829745808080265
Invesco QQQ Trust,2026-02-19,602.71,1,1,0.578307,0.00884886595543466
Invesco QQQ Trust,2026-02-20,608.0433,0,0,0.33823878,-0.012154890942799645
Invesco QQQ Trust,2026-02-23,600.6526,1,1,0.8180837,0.010741483513099004
Invesco QQQ Trust,2026-02-24,607.1045,1,1,0.89887434,0.014493221512935639
Invesco QQQ Trust,2026-02-25,615.9034,0,1,0.8772821,-0.012064554279128892
Invesco QQQ Trust,2026-02-26,608.4728,0,1,0.76247233,-0.0032008004301917747
Invesco QQQ Trust,2026-02-27,606.5252,1,1,0.65552664,0.0013173401533852491
Invesco QQQ Trust,2026-03-02,607.3242,0,1,0.6463691,-0.01070564947024999
Invesco QQQ Trust,2026-03-03,600.8224,1,1,0.8161687,0.015243273220172826
Invesco QQQ Trust,2026-03-04,609.9809,0,1,0.8796701,-0.0030128812230022506
Invesco QQQ Trust,2026-03-05,608.1431,0,1,0.64350253,-0.015043169938128154
Invesco QQQ Trust,2026-03-06,598.9947,1,0,0.35220516,0.01335554388043847
Invesco QQQ Trust,2026-03-09,606.9946,1,1,0.5147462,1.6474611141514828e-05
Invesco QQQ Trust,2026-03-10,607.0046,0,1,0.6352494,-0.00013162997446802827
Invesco QQQ Trust,2026-03-11,606.9247,0,1,0.7461351,-0.017163249411335624
Invesco QQQ Trust,2026-03-12,596.5079,0,1,0.59971935,-0.005927163747537878
Invesco QQQ Trust,2026-03-13,592.9723,1,1,0.6901759,0.011217387388921862
Invesco QQQ Trust,2026-03-16,599.6239,1,1,0.8816023,0.004880225754843925
Invesco QQQ Trust,2026-03-17,602.5502,0,1,0.5685926,-0.01393958544864815
Invesco QQQ Trust,2026-03-18,594.1509,0,1,0.63442284,-0.003160308265122591
Invesco QQQ Trust,2026-03-19,592.2732,0,0,0.14940728,-0.018481673660060927
Invesco QQQ Trust,2026-03-20,581.327,1,0,0.3204348,0.011478909460596265
Invesco QQQ Trust,2026-03-23,588.0,0,1,0.67427546,-0.0068367346938774665
Invesco QQQ Trust,2026-03-24,583.98,1,1,0.74183214,0.006575567656426751
Invesco QQQ Trust,2026-03-25,587.82,0,0,0.08250506,-0.023867850702596227
Invesco QQQ Trust,2026-03-26,573.79,0,1,0.5254184,-0.01953676432144147
Invesco QQQ Trust,2026-03-27,562.58,0,1,0.9250536,-0.007643357389171435
Invesco QQQ Trust,2026-03-30,558.28,1,1,0.7189072,0.0338539800816795
Invesco QQQ Trust,2026-03-31,577.18,1,1,0.654298,0.012353165390346144
Invesco QQQ Trust,2026-04-01,584.31,1,1,0.663724,0.0011466516061680032
Invesco QQQ Trust,2026-04-02,584.98,1,0,0.2761547,0.0060172997367431424
Invesco QQQ Trust,2026-04-06,588.5,1,0,0.21807203,0.00015293118096870728
Invesco QQQ Trust,2026-04-07,588.59,1,0,0.39077538,0.029732071560848894
Invesco QQQ Trust,2026-04-08,606.09,1,0,0.08849204,0.006764671913412235
Invesco QQQ Trust,2026-04-09,610.19,1,0,0.34663963,0.0014421737491601139
Invesco QQQ Trust,2026-04-10,611.07,1,1,0.6975946,0.010342513950938326
Invesco QQQ Trust,2026-04-13,617.39,1,1,0.6831923,0.018157080613550702
Invesco QQQ Trust,2026-04-14,628.6,1,1,0.7457914,0.013999363665287978
Invesco QQQ Trust,2026-04-15,637.4,1,1,0.7637161,0.0048164417947913485
Invesco QQQ Trust,2026-04-16,640.47,1,1,0.8815928,0.013084141333707944
Invesco QQQ Trust,2026-04-17,648.85,0,1,0.8836839,-0.003174847807659753
Invesco QQQ Trust,2026-04-20,646.79,0,1,0.88651466,-0.003803398320938678
Invesco QQQ Trust,2026-04-21,644.33,1,1,0.8483316,0.016730557323110684
Invesco QQQ Trust,2026-04-22,655.11,0,1,0.81238157,-0.005632641846407549
Invesco QQQ Trust,2026-04-23,651.42,1,1,0.7833138,0.01912744465935967
Invesco QQQ Trust,2026-04-24,663.88,1,1,0.6470193,0.000527203711514268
Invesco QQQ Trust,2026-04-27,664.23,0,1,0.61901975,-0.01005675744847423
Invesco QQQ Trust,2026-04-28,657.55,1,1,0.60553753,0.006113603528248968
Invesco QQQ Trust,2026-04-29,661.57,1,1,0.6134329,0.009326299560137086
Invesco QQQ Trust,2026-04-30,667.74,0,0,0.44272113,0.0
Invesco QQQ Trust,2026-04-30,667.74,1,0,0.25669637,0.009599544732979748
Invesco QQQ Trust,2026-05-01,674.15,0,0,0.211899,0.0
Invesco QQQ Trust,2026-05-01,674.15,0,1,0.7198829,0.0
Invesco QQQ Trust,2026-05-01,674.15,0,1,0.9327345,-0.00188385374174882
Invesco QQQ Trust,2026-05-04,672.88,1,1,0.92776734,0.012974081559862016
Invesco QQQ Trust,2026-05-05,681.61,1,1,0.5184472,0.020774343099426273
Invesco QQQ Trust,2026-05-06,695.77,0,0,0.4555419,-0.0011929229486754567
Invesco QQQ Trust,2026-05-07,694.94,1,1,0.7325038,0.023440872593317286
Invesco QQQ Trust,2026-05-08,711.23,0,1,0.928233,0.0
Invesco QQQ Trust,2026-05-08,711.23,0,1,0.9372777,0.0
iShares Silver Trust,2025-06-05,32.45,1,0,0.43576133,0.007395993836671666
iShares Silver Trust,2025-06-06,32.69,1,1,0.5141509,0.021413276231263545
iShares Silver Trust,2025-06-09,33.39,0,0,0.45690438,-0.004791853848457706
iShares Silver Trust,2025-06-10,33.23,0,0,0.46612456,-0.008426120975022378
iShares Silver Trust,2025-06-11,32.95,1,0,0.48246285,0.0033383915022762167
iShares Silver Trust,2025-06-12,33.06,0,0,0.46045262,-0.0027223230490018846
iShares Silver Trust,2025-06-13,32.97,1,1,0.52304286,0.0018198362147407998
iShares Silver Trust,2025-06-16,33.03,1,1,0.5223654,0.021495610051468494
iShares Silver Trust,2025-06-17,33.74,0,0,0.49040815,-0.013930053349140437
iShares Silver Trust,2025-06-18,33.27,0,0,0.47036526,-0.016531409678389064
iShares Silver Trust,2025-06-20,32.72,1,1,0.58653796,0.007334963325183352
iShares Silver Trust,2025-06-23,32.96,0,1,0.5227277,-0.010618932038835016
iShares Silver Trust,2025-06-24,32.61,1,1,0.56891227,0.012266176019625874
iShares Silver Trust,2025-06-25,33.01,1,1,0.5212462,0.009996970614965406
iShares Silver Trust,2025-06-26,33.34,0,1,0.5345323,-0.02159568086382746
iShares Silver Trust,2025-06-27,32.62,1,1,0.6006107,0.0058246474555487815
iShares Silver Trust,2025-06-30,32.81,0,1,0.5701854,-0.0024382810118868115
iShares Silver Trust,2025-07-01,32.73,1,1,0.6131291,0.015582034830430969
iShares Silver Trust,2025-07-02,33.24,1,1,0.5569945,0.008122743682310363
iShares Silver Trust,2025-07-03,33.51,0,1,0.54247874,-0.0023873470605788594
iShares Silver Trust,2025-07-07,33.43,0,1,0.5534764,-0.004187855219862424
iShares Silver Trust,2025-07-08,33.29,0,1,0.53641623,-0.008711324722138758
iShares Silver Trust,2025-07-09,33.0,1,1,0.53252274,0.022727272727272707
iShares Silver Trust,2025-07-10,33.75,1,0,0.4472563,0.03792592592592592
iShares Silver Trust,2025-07-11,35.03,0,0,0.43132174,-0.011418783899514673
iShares Silver Trust,2025-07-14,34.63,0,0,0.4529526,-0.01068437770719044
iShares Silver Trust,2025-07-15,34.26,1,0,0.43265295,0.004378283712784592
iShares Silver Trust,2025-07-16,34.41,1,1,0.5011212,0.006974716652136115
iShares Silver Trust,2025-07-17,34.65,0,0,0.4763153,-0.0011544011544011301
iShares Silver Trust,2025-07-18,34.61,1,0,0.49235776,0.021381103727246442
iShares Silver Trust,2025-07-21,35.35,1,0,0.47928715,0.010466760961810317
iShares Silver Trust,2025-07-22,35.72,0,0,0.4516921,-0.0008398656215006239
iShares Silver Trust,2025-07-23,35.69,0,1,0.50849104,-0.005603810591201852
iShares Silver Trust,2025-07-24,35.49,0,0,0.49556786,-0.023386869540715893
iShares Silver Trust,2025-07-25,34.66,0,1,0.5024574,-0.0005770340450085287
iShares Silver Trust,2025-07-28,34.64,1,0,0.49393845,0.0005773672055426893
iShares Silver Trust,2025-07-29,34.66,0,1,0.54873246,-0.033179457587997674
iShares Silver Trust,2025-07-30,33.51,0,1,0.59557813,-0.005669949268874874
iShares Silver Trust,2025-07-31,33.32,1,1,0.5321092,0.008103241296518737
iShares Silver Trust,2025-08-01,33.59,1,0,0.43523002,0.011610598392378435
iShares Silver Trust,2025-08-04,33.98,1,0,0.43529877,0.010888758092995943
iShares Silver Trust,2025-08-05,34.35,0,1,0.5248376,0.0
iShares Silver Trust,2025-08-06,34.35,1,1,0.60696846,0.011935953420669554
iShares Silver Trust,2025-08-07,34.76,1,1,0.53190356,0.0034522439585731313
iShares Silver Trust,2025-08-08,34.88,0,1,0.638193,-0.0200688073394496
iShares Silver Trust,2025-08-11,34.18,1,1,0.65120196,0.006729081334113429
iShares Silver Trust,2025-08-12,34.41,1,1,0.5375082,0.017146178436501014
iShares Silver Trust,2025-08-13,35.0,0,1,0.6022913,-0.014285714285714235
iShares Silver Trust,2025-08-14,34.5,0,1,0.5358737,0.0
iShares Silver Trust,2025-08-15,34.5,1,0,0.4219362,0.0014492753623187582
iShares Silver Trust,2025-08-18,34.55,0,0,0.45954087,-0.0196816208393632
iShares Silver Trust,2025-08-19,33.87,1,0,0.47429854,0.016533805727782847
iShares Silver Trust,2025-08-20,34.43,1,1,0.5088696,0.005227998838222447
iShares Silver Trust,2025-08-21,34.61,1,1,0.53142846,0.021092169893094592
iShares Silver Trust,2025-08-22,35.34,0,1,0.5721729,-0.009054895302773036
iShares Silver Trust,2025-08-25,35.02,0,1,0.550777,0.0
iShares Silver Trust,2025-08-26,35.02,0,1,0.5583634,-0.0008566533409480881
iShares Silver Trust,2025-08-27,34.99,1,1,0.53502524,0.015147184909974243
iShares Silver Trust,2025-08-28,35.52,1,0,0.45972422,0.01886261261261235
iShares Silver Trust,2025-08-29,36.19,1,0,0.49483106,0.02652666482453725
iShares Silver Trust,2025-09-02,37.15,1,0,0.4937123,0.005114401076716124
iShares Silver Trust,2025-09-03,37.34,0,1,0.5023191,-0.010980182110337577
iShares Silver Trust,2025-09-04,36.93,1,1,0.5325657,0.007581911724884982
iShares Silver Trust,2025-09-05,37.21,1,1,0.5533398,0.008062348830959243
iShares Silver Trust,2025-09-08,37.51,0,1,0.5531918,-0.008797653958944274
iShares Silver Trust,2025-09-09,37.18,1,1,0.55717087,0.0061861215707368356
iShares Silver Trust,2025-09-10,37.41,1,1,0.53594524,0.010157711841753514
iShares Silver Trust,2025-09-11,37.79,1,1,0.50222147,0.014554114845197308
iShares Silver Trust,2025-09-12,38.34,1,1,0.5289,0.010954616588419341
iShares Silver Trust,2025-09-15,38.76,0,1,0.5384769,-0.0041279669762640525
iShares Silver Trust,2025-09-16,38.6,0,1,0.56313795,-0.020984455958549253
iShares Silver Trust,2025-09-17,37.79,1,0,0.49029335,0.005292405398253486
iShares Silver Trust,2025-09-18,37.99,1,1,0.5351496,0.027638852329560315
iShares Silver Trust,2025-09-19,39.04,1,1,0.5403916,0.02561475409836067
iShares Silver Trust,2025-09-22,40.04,0,1,0.5208114,-0.0019980019980019303
iShares Silver Trust,2025-09-23,39.96,0,1,0.5434236,-0.00350350350350348
iShares Silver Trust,2025-09-24,39.82,1,1,0.5881523,0.03038674033149169
iShares Silver Trust,2025-09-25,41.03,1,1,0.56182736,0.020229100658055055
iShares Silver Trust,2025-09-26,41.86,1,1,0.55106837,0.015289058767319563
iShares Silver Trust,2025-09-29,42.5,0,1,0.508633,-0.0030588235294117805
iShares Silver Trust,2025-09-30,42.37,1,1,0.5489728,0.012744866650932218
iShares Silver Trust,2025-10-01,42.91,0,1,0.5400763,-0.008855744581682479
iShares Silver Trust,2025-10-02,42.53,1,1,0.5738487,0.023277686339054915
iShares Silver Trust,2025-10-03,43.52,1,1,0.5207227,0.012408088235294157
iShares Silver Trust,2025-10-06,44.06,0,1,0.51241535,-0.015206536541080395
iShares Silver Trust,2025-10-07,43.39,1,1,0.5420419,0.026964738418990608
iShares Silver Trust,2025-10-08,44.56,1,0,0.4488043,0.003366247755834717
iShares Silver Trust,2025-10-09,44.71,1,1,0.5266763,0.016103779915007888
iShares Silver Trust,2025-10-10,45.43,1,1,0.5223732,0.04028175214615892
iShares Silver Trust,2025-10-13,47.26,0,0,0.46866176,-0.009733389758781241
iShares Silver Trust,2025-10-14,46.8,1,1,0.5366823,0.0326923076923078
iShares Silver Trust,2025-10-15,48.33,1,1,0.6141798,0.017380509000620714
iShares Silver Trust,2025-10-16,49.17,0,1,0.5698947,-0.044335977221883205
iShares Silver Trust,2025-10-17,46.99,1,1,0.6283929,0.015535220259629723
iShares Silver Trust,2025-10-20,47.72,0,1,0.64230084,-0.08235540653813911
iShares Silver Trust,2025-10-21,43.79,1,1,0.50736177,0.002055263758849124
iShares Silver Trust,2025-10-22,43.88,1,1,0.6330361,0.0068368277119414955
iShares Silver Trust,2025-10-23,44.18,0,1,0.56157583,-0.004300588501584324
iShares Silver Trust,2025-10-24,43.99,0,1,0.61228424,-0.03614457831325313
iShares Silver Trust,2025-10-27,42.4,1,1,0.52434796,0.0070754716981134
iShares Silver Trust,2025-10-28,42.7,1,1,0.5788652,0.012412177985948292
iShares Silver Trust,2025-10-29,43.23,1,0,0.47845188,0.0256766134628732
iShares Silver Trust,2025-10-30,44.34,0,1,0.53087753,-0.007442489851150369
iShares Silver Trust,2025-10-31,44.01,0,1,0.5298165,-0.005680527152919779
iShares Silver Trust,2025-11-03,43.76,0,1,0.5348127,-0.0233089579524679
iShares Silver Trust,2025-11-04,42.74,1,1,0.6360709,0.02129153018249874
iShares Silver Trust,2025-11-05,43.65,0,1,0.6136563,-0.002290950744558984
iShares Silver Trust,2025-11-06,43.55,1,1,0.6917999,0.008495981630310068
iShares Silver Trust,2025-11-07,43.92,1,1,0.6087966,0.04257741347905286
iShares Silver Trust,2025-11-10,45.79,1,1,0.63898844,0.014413627429569864
iShares Silver Trust,2025-11-11,46.45,1,1,0.5571278,0.040258342303552075
iShares Silver Trust,2025-11-12,48.32,0,0,0.4512104,-0.018625827814569562
iShares Silver Trust,2025-11-13,47.42,0,1,0.54299146,-0.030788696752425126
iShares Silver Trust,2025-11-14,45.96,0,1,0.69299453,-0.010661444734551773
iShares Silver Trust,2025-11-17,45.47,1,1,0.62596595,0.01385528920167145
iShares Silver Trust,2025-11-18,46.1,1,1,0.5512733,0.00759219088937102
iShares Silver Trust,2025-11-19,46.45,0,1,0.53599477,-0.014424111948331597
iShares Silver Trust,2025-11-20,45.78,0,0,0.46984237,-0.010484927916120657
iShares Silver Trust,2025-11-21,45.3,1,1,0.5652152,0.02935982339955867
iShares Silver Trust,2025-11-24,46.63,1,0,0.44876018,0.0008578168561013122
iShares Silver Trust,2025-11-25,46.67,1,1,0.51312816,0.037068780801371215
iShares Silver Trust,2025-11-26,48.4,1,1,0.52594316,0.058057851239669445
iShares Silver Trust,2025-11-28,51.21,1,0,0.424509,0.025580941222417497
iShares Silver Trust,2025-12-01,52.52,1,0,0.446631,0.011614623000761659
iShares Silver Trust,2025-12-02,53.13,0,0,0.43334296,-0.0011293054771316369
iShares Silver Trust,2025-12-03,53.07,0,0,0.45842382,-0.024684379121914457
iShares Silver Trust,2025-12-04,51.76,1,1,0.54098856,0.02299072642967559
iShares Silver Trust,2025-12-05,52.95,0,1,0.6114412,-0.004532577903682777
iShares Silver Trust,2025-12-08,52.71,1,1,0.5559915,0.04667046101309058
iShares Silver Trust,2025-12-09,55.17,1,1,0.5878496,0.01631321370309946
iShares Silver Trust,2025-12-10,56.07,1,1,0.5582919,0.027644016408061356
iShares Silver Trust,2025-12-11,57.62,0,0,0.4811373,-0.026379729260673335
iShares Silver Trust,2025-12-12,56.1,1,0,0.48014662,0.03582887700534765
iShares Silver Trust,2025-12-15,58.11,0,0,0.48314586,-0.006539321975563617
iShares Silver Trust,2025-12-16,57.73,1,1,0.5243668,0.043824701195219085
iShares Silver Trust,2025-12-17,60.26,0,1,0.5687257,-0.015599070693660733
iShares Silver Trust,2025-12-18,59.32,1,1,0.5999773,0.027140930546190045
iShares Silver Trust,2025-12-19,60.93,1,0,0.49567065,0.025274905629410815
iShares Silver Trust,2025-12-22,62.47,1,0,0.47035992,0.037938210340963785
iShares Silver Trust,2025-12-23,64.84,1,0,0.39212638,0.0058605798889572736
iShares Silver Trust,2025-12-24,65.22,1,0,0.45518997,0.09046304814474104
iShares Silver Trust,2025-12-26,71.12,0,1,0.5198025,-0.07185039370078738
iShares Silver Trust,2025-12-29,66.01,1,1,0.54317605,0.044993182851083224
iShares Silver Trust,2025-12-30,68.98,0,1,0.50101197,-0.06610611771527986
iShares Silver Trust,2025-12-31,64.42,1,0,0.4948215,0.020645762185656613
iShares Silver Trust,2026-01-02,65.75,1,1,0.6110089,0.0506463878326997
iShares Silver Trust,2026-01-05,69.08,1,1,0.5852929,0.06702374059061955
iShares Silver Trust,2026-01-06,73.71,0,1,0.5405977,-0.037308370641704
iShares Silver Trust,2026-01-07,70.96,0,1,0.57834834,-0.017615558060879333
iShares Silver Trust,2026-01-08,69.71,1,1,0.63591695,0.038301534930426095
iShares Silver Trust,2026-01-09,72.38,1,1,0.577971,0.06700746062448193
iShares Silver Trust,2026-01-12,77.23,1,0,0.49764124,0.0177392205101643
iShares Silver Trust,2026-01-13,78.6,1,1,0.5279081,0.0758269720101783
iShares Silver Trust,2026-01-14,84.56,0,1,0.5474849,-0.01466414380321679
iShares Silver Trust,2026-01-15,83.32,0,1,0.59731406,-0.02760441670667302
iShares Silver Trust,2026-01-16,81.02,1,1,0.61003304,0.053937299432238905
iShares Silver Trust,2026-01-20,85.39,0,1,0.57367903,-0.01674669165007625
iShares Silver Trust,2026-01-21,83.96,1,1,0.5567671,0.03775607432110539
iShares Silver Trust,2026-01-22,87.13,1,1,0.5042682,0.0663376563755309
iShares Silver Trust,2026-01-23,92.91,1,0,0.48049968,0.05844365515014527
iShares Silver Trust,2026-01-26,98.34,1,1,0.51484203,0.033048606874110265
iShares Silver Trust,2026-01-27,101.59,1,1,0.58931845,0.03947238901466665
iShares Silver Trust,2026-01-28,105.6,0,1,0.62725514,-0.00028409090909087276
iShares Silver Trust,2026-01-29,105.57,0,1,0.6052083,-0.2854030501089324
iShares Silver Trust,2026-01-30,75.44,0,1,0.60518897,-0.03976670201484622
iShares Silver Trust,2026-02-02,72.44,1,1,0.6137378,0.062396466040861354
iShares Silver Trust,2026-02-03,76.96,1,1,0.6527341,0.028846153846153966
iShares Silver Trust,2026-02-04,79.18,0,1,0.59169424,-0.15774185400353635
iShares Silver Trust,2026-02-05,66.69,1,1,0.74554944,0.05248163142899975
iShares Silver Trust,2026-02-06,70.19,1,1,0.67709655,0.08334520586978211
iShares Silver Trust,2026-02-09,76.04,0,1,0.63761616,-0.034587059442398815
iShares Silver Trust,2026-02-10,73.41,1,1,0.60558534,0.04290968532897432
iShares Silver Trust,2026-02-11,76.56,0,1,0.51633656,-0.11533437826541271
iShares Silver Trust,2026-02-12,67.73,1,1,0.6068213,0.029381367193267227
iShares Silver Trust,2026-02-13,69.72,0,1,0.61943346,-0.04804934021801488
iShares Silver Trust,2026-02-17,66.37,1,1,0.7043329,0.05604941991863788
iShares Silver Trust,2026-02-18,70.09,1,1,0.60825306,0.013125980881723454
iShares Silver Trust,2026-02-19,71.01,1,1,0.60405886,0.07900295732995355
iShares Silver Trust,2026-02-20,76.62,1,0,0.49987492,0.0515531192900025
iShares Silver Trust,2026-02-23,80.57,0,1,0.5527756,-0.018493235695668298
iShares Silver Trust,2026-02-24,79.08,1,1,0.638324,0.012139605462822667
iShares Silver Trust,2026-02-25,80.04,1,1,0.68882084,0.005122438780609695
iShares Silver Trust,2026-02-26,80.45,1,1,0.6928698,0.05643256681168407
iShares Silver Trust,2026-02-27,84.99,0,1,0.67124665,-0.04024002823861628
iShares Silver Trust,2026-03-02,81.57,0,1,0.6175159,-0.0844673286747577
iShares Silver Trust,2026-03-03,74.68,1,1,0.69760513,0.008837707552222795
iShares Silver Trust,2026-03-04,75.34,0,1,0.7343028,-0.01420228298380688
iShares Silver Trust,2026-03-05,74.27,1,1,0.6703736,0.02248552578430063
iShares Silver Trust,2026-03-06,75.94,1,1,0.57898957,0.030550434553594963
iShares Silver Trust,2026-03-09,78.26,1,1,0.6270049,0.023383593151034887
iShares Silver Trust,2026-03-10,80.09,0,1,0.6364857,-0.02721937819952558
iShares Silver Trust,2026-03-11,77.91,0,1,0.6125669,-0.018354511615967017
iShares Silver Trust,2026-03-12,76.48,0,1,0.6395407,-0.04955543933054396
iShares Silver Trust,2026-03-13,72.69,1,1,0.73768014,0.007291236758838915
iShares Silver Trust,2026-03-16,73.22,0,1,0.59167707,-0.02130565419284347
iShares Silver Trust,2026-03-17,71.66,0,1,0.6923568,-0.04130616801562925
iShares Silver Trust,2026-03-18,68.7,0,1,0.70124394,-0.04395924308588062
iShares Silver Trust,2026-03-19,65.68,0,1,0.54207486,-0.06333739342265532
iShares Silver Trust,2026-03-20,61.52,1,1,0.63846767,0.015442132639791772
iShares Silver Trust,2026-03-23,62.47,1,1,0.662137,0.007683688170321723
iShares Silver Trust,2026-03-24,62.95,1,1,0.70252067,0.0359015091342334
iShares Silver Trust,2026-03-25,65.21,0,1,0.5392473,-0.06808771660788204
iShares Silver Trust,2026-03-26,60.77,1,1,0.6372122,0.043936152706927745
iShares Silver Trust,2026-03-27,63.44,1,1,0.65561783,0.0012610340479193294
iShares Silver Trust,2026-03-30,63.52,1,1,0.7267373,0.07273299748110817
iShares Silver Trust,2026-03-31,68.14,0,1,0.7695536,0.0
iShares Silver Trust,2026-04-01,68.14,0,1,0.5444566,-0.03448781919577337
iShares Silver Trust,2026-04-02,65.79,1,1,0.5553619,0.004559963520291754
iShares Silver Trust,2026-04-06,66.09,0,1,0.5987387,-0.002269632319564341
iShares Silver Trust,2026-04-07,65.94,1,1,0.5666936,0.023202911737943532
iShares Silver Trust,2026-04-08,67.47,1,0,0.4062953,0.013635689936267958
iShares Silver Trust,2026-04-09,68.39,1,1,0.54512125,0.010089194326655893
iShares Silver Trust,2026-04-10,69.08,0,1,0.61748004,-0.01158077591198603
iShares Silver Trust,2026-04-13,68.28,1,1,0.6737943,0.05506736965436443
iShares Silver Trust,2026-04-14,72.04,0,1,0.63744557,-0.0027762354247640175
iShares Silver Trust,2026-04-15,71.84,0,1,0.6243769,-0.008351893095768448
iShares Silver Trust,2026-04-16,71.24,1,1,0.7506993,0.033548568220101105
iShares Silver Trust,2026-04-17,73.63,0,1,0.7608062,-0.02010050251256268
iShares Silver Trust,2026-04-20,72.15,0,1,0.7625631,-0.05072765072765084
iShares Silver Trust,2026-04-21,68.49,1,1,0.7809129,0.02744926266608272
iShares Silver Trust,2026-04-22,70.37,0,1,0.74483067,-0.028279096205769627
iShares Silver Trust,2026-04-23,68.38,1,1,0.7320263,0.005995905235449017
iShares Silver Trust,2026-04-24,68.79,0,1,0.6482816,-0.0066870184619858275
iShares Silver Trust,2026-04-27,68.33,0,1,0.592168,-0.031172252304990433
iShares Silver Trust,2026-04-28,66.2,0,1,0.65353554,-0.020543806646525664
iShares Silver Trust,2026-04-29,64.84,1,1,0.63901275,0.028069093152375046
iShares Silver Trust,2026-04-30,66.66,0,0,0.2664983,0.0
iShares Silver Trust,2026-04-30,66.66,1,1,0.6687067,0.0244524452445245
iShares Silver Trust,2026-05-01,68.29,0,0,0.36862102,0.0
iShares Silver Trust,2026-05-01,68.29,0,0,0.4006442,0.0
iShares Silver Trust,2026-05-01,68.29,0,1,0.6270654,-0.034412066188314716
iShares Silver Trust,2026-05-04,65.94,0,1,0.84463453,-0.00045495905368519995
iShares Silver Trust,2026-05-05,65.91,1,0,0.41206095,0.0640267030799575
iShares Silver Trust,2026-05-06,70.13,1,0,0.31006724,0.020961072294310545
iShares Silver Trust,2026-05-07,71.6,1,1,0.5158314,0.01969273743016764
iShares Silver Trust,2026-05-08,73.01,0,1,0.7020015,0.0
iShares Silver Trust,2026-05-08,73.01,0,1,0.59494966,0.0
State Street SPDR S&P 500 ETF Trust,2025-06-05,586.3286,1,1,0.6789725,0.010268815131992515
State Street SPDR S&P 500 ETF Trust,2025-06-06,592.3495,1,1,0.6194314,0.0009013259908212667
State Street SPDR S&P 500 ETF Trust,2025-06-09,592.8834,1,1,0.6575537,0.005669748891603321
State Street SPDR S&P 500 ETF Trust,2025-06-10,596.2449,0,1,0.5983793,-0.0028520160088582047
State Street SPDR S&P 500 ETF Trust,2025-06-11,594.5444,1,1,0.71599275,0.003974303685309266
State Street SPDR S&P 500 ETF Trust,2025-06-12,596.9073,0,1,0.53231925,-0.01117996043941838
State Street SPDR S&P 500 ETF Trust,2025-06-13,590.2339,1,0,0.32226837,0.00951402486370223
State Street SPDR S&P 500 ETF Trust,2025-06-16,595.8494,0,0,0.37796015,-0.008544944410450062
State Street SPDR S&P 500 ETF Trust,2025-06-17,590.7579,0,1,0.69689816,-0.00015082320524184567
State Street SPDR S&P 500 ETF Trust,2025-06-18,590.6688,0,1,0.76696265,-0.0023483549495081357
State Street SPDR S&P 500 ETF Trust,2025-06-20,589.2817,1,1,0.65375763,0.00987727940643679
State Street SPDR S&P 500 ETF Trust,2025-06-23,595.1022,1,1,0.53137857,0.011047346153316262
State Street SPDR S&P 500 ETF Trust,2025-06-24,601.6765,1,1,0.5629263,0.0005601016493081978
State Street SPDR S&P 500 ETF Trust,2025-06-25,602.0135,1,1,0.6559366,0.007824077034817245
State Street SPDR S&P 500 ETF Trust,2025-06-26,606.7237,1,1,0.779978,0.004968324131725987
State Street SPDR S&P 500 ETF Trust,2025-06-27,609.7381,1,1,0.8021442,0.0047810691180358855
State Street SPDR S&P 500 ETF Trust,2025-06-30,612.6533,0,1,0.70137906,-0.0003235108665862185
State Street SPDR S&P 500 ETF Trust,2025-07-01,612.4551,1,0,0.49008232,0.004533230272717015
State Street SPDR S&P 500 ETF Trust,2025-07-02,615.2315,1,1,0.7621948,0.00788142349668397
State Street SPDR S&P 500 ETF Trust,2025-07-03,620.0804,0,1,0.7770465,-0.007452098147272546
State Street SPDR S&P 500 ETF Trust,2025-07-07,615.4595,0,1,0.86887836,-0.0005477208492192798
State Street SPDR S&P 500 ETF Trust,2025-07-08,615.1224,1,1,0.7131015,0.005996692690755534
State Street SPDR S&P 500 ETF Trust,2025-07-09,618.8111,1,0,0.49724126,0.0028202467602793657
State Street SPDR S&P 500 ETF Trust,2025-07-10,620.5563,0,0,0.3103643,-0.0035153941713265136
State Street SPDR S&P 500 ETF Trust,2025-07-11,618.3748,1,0,0.40909562,0.0019082278255839746
State Street SPDR S&P 500 ETF Trust,2025-07-14,619.5548,0,0,0.49096996,-0.004273229744971796
State Street SPDR S&P 500 ETF Trust,2025-07-15,616.9073,1,1,0.5222361,0.0033431278897169125
State Street SPDR S&P 500 ETF Trust,2025-07-16,618.9697,1,1,0.7789466,0.006119685664742525
State Street SPDR S&P 500 ETF Trust,2025-07-17,622.7576,0,1,0.83000064,-0.0007323876898491788
State Street SPDR S&P 500 ETF Trust,2025-07-18,622.3015,1,1,0.7376487,0.001896186976891423
State Street SPDR S&P 500 ETF Trust,2025-07-21,623.4815,1,1,0.73964244,0.0001430675970337525
State Street SPDR S&P 500 ETF Trust,2025-07-22,623.5707,1,0,0.40759072,0.008507455529902286
State Street SPDR S&P 500 ETF Trust,2025-07-23,628.8757,1,0,0.37837082,0.0003312260276551182
State Street SPDR S&P 500 ETF Trust,2025-07-24,629.084,1,0,0.39371437,0.004224237144801135
State Street SPDR S&P 500 ETF Trust,2025-07-25,631.7414,0,0,0.23157541,-0.00025105209188436284
State Street SPDR S&P 500 ETF Trust,2025-07-28,631.5828,0,0,0.48177105,-0.0026376589102805603
State Street SPDR S&P 500 ETF Trust,2025-07-29,629.9169,0,1,0.8111186,-0.0012592137153329963
State Street SPDR S&P 500 ETF Trust,2025-07-30,629.1237,0,1,0.8713209,-0.003751249555532632
State Street SPDR S&P 500 ETF Trust,2025-07-31,626.7637,0,1,0.5325155,-0.01639038763731837
State Street SPDR S&P 500 ETF Trust,2025-08-01,616.4908,1,0,0.23539968,0.015199740206990997
State Street SPDR S&P 500 ETF Trust,2025-08-04,625.8613,0,0,0.2659585,-0.005069973171371922
State Street SPDR S&P 500 ETF Trust,2025-08-05,622.6882,1,1,0.7254682,0.007659692282590225
State Street SPDR S&P 500 ETF Trust,2025-08-06,627.4578,0,1,0.76311356,-0.0008375065223509282
State Street SPDR S&P 500 ETF Trust,2025-08-07,626.9323,1,1,0.76167494,0.00779749264793006
State Street SPDR S&P 500 ETF Trust,2025-08-08,631.8208,0,1,0.8203283,-0.0019774594315349336
State Street SPDR S&P 500 ETF Trust,2025-08-11,630.5714,1,1,0.8477338,0.010645899893334754
State Street SPDR S&P 500 ETF Trust,2025-08-12,637.2844,1,1,0.7156749,0.003423118469556119
State Street SPDR S&P 500 ETF Trust,2025-08-13,639.4659,1,1,0.61728334,9.320278063285059e-05
State Street SPDR S&P 500 ETF Trust,2025-08-14,639.5255,0,1,0.5633574,-0.0023414234459766536
State Street SPDR S&P 500 ETF Trust,2025-08-15,638.0281,0,0,0.45501468,-0.00021754527739448193
State Street SPDR S&P 500 ETF Trust,2025-08-18,637.8893,0,0,0.31479058,-0.0054252360088186125
State Street SPDR S&P 500 ETF Trust,2025-08-19,634.4286,0,0,0.44940144,-0.002657036583785799
State Street SPDR S&P 500 ETF Trust,2025-08-20,632.7429,0,1,0.74502236,-0.004011739997398456
State Street SPDR S&P 500 ETF Trust,2025-08-21,630.2045,1,1,0.8070196,0.015356761178315859
State Street SPDR S&P 500 ETF Trust,2025-08-22,639.8824,0,1,0.7598338,-0.004401121206021541
State Street SPDR S&P 500 ETF Trust,2025-08-25,637.0662,1,1,0.8049045,0.004187005997178916
State Street SPDR S&P 500 ETF Trust,2025-08-26,639.7336,1,1,0.645951,0.002278604719214261
State Street SPDR S&P 500 ETF Trust,2025-08-27,641.1913,1,1,0.6253223,0.0035413768090739595
State Street SPDR S&P 500 ETF Trust,2025-08-28,643.462,0,0,0.4201096,-0.005963677730775108
State Street SPDR S&P 500 ETF Trust,2025-08-29,639.6246,0,1,0.6850945,-0.007410284094764297
State Street SPDR S&P 500 ETF Trust,2025-09-02,634.8848,1,1,0.8127468,0.005419565880298238
State Street SPDR S&P 500 ETF Trust,2025-09-03,638.3256,1,1,0.79757845,0.008357490283955382
State Street SPDR S&P 500 ETF Trust,2025-09-04,643.6604,0,1,0.7869002,-0.0028964031343235996
State Street SPDR S&P 500 ETF Trust,2025-09-05,641.7961,1,1,0.82281816,0.0024568550665857725
State Street SPDR S&P 500 ETF Trust,2025-09-08,643.3729,1,1,0.6767271,0.0023117231080140854
State Street SPDR S&P 500 ETF Trust,2025-09-09,644.8602,1,1,0.76151043,0.002890859135049606
State Street SPDR S&P 500 ETF Trust,2025-09-10,646.7244,1,1,0.66667527,0.008310185915360702
State Street SPDR S&P 500 ETF Trust,2025-09-11,652.0988,0,0,0.4921786,-0.00033461187169803175
State Street SPDR S&P 500 ETF Trust,2025-09-12,651.8806,1,1,0.7029021,0.005323981109424114
State Street SPDR S&P 500 ETF Trust,2025-09-15,655.3512,0,1,0.7256692,-0.0013768190246694623
State Street SPDR S&P 500 ETF Trust,2025-09-16,654.4489,0,1,0.7656321,-0.001242572185544133
State Street SPDR S&P 500 ETF Trust,2025-09-17,653.6357,1,1,0.5571045,0.004672480404604551
State Street SPDR S&P 500 ETF Trust,2025-09-18,656.6898,1,1,0.5958337,0.0049528712034205835
State Street SPDR S&P 500 ETF Trust,2025-09-19,659.9423,1,1,0.79495037,0.004731019666416092
State Street SPDR S&P 500 ETF Trust,2025-09-22,663.0645,0,1,0.8300363,-0.005443512659778826
State Street SPDR S&P 500 ETF Trust,2025-09-23,659.4551,0,1,0.76505417,-0.003181566114205614
State Street SPDR S&P 500 ETF Trust,2025-09-24,657.357,0,1,0.817361,-0.004613474869819556
State Street SPDR S&P 500 ETF Trust,2025-09-25,654.3243,1,1,0.7567826,0.005729116280718927
State Street SPDR S&P 500 ETF Trust,2025-09-26,658.073,1,1,0.7350596,0.0028103265139278744
State Street SPDR S&P 500 ETF Trust,2025-09-29,659.9224,1,1,0.7219642,0.003766958054462144
State Street SPDR S&P 500 ETF Trust,2025-09-30,662.4083,1,1,0.8125046,0.0034075659981915862
State Street SPDR S&P 500 ETF Trust,2025-10-01,664.6655,1,1,0.781664,0.0011517071368982723
State Street SPDR S&P 500 ETF Trust,2025-10-02,665.431,0,1,0.7822754,-1.4877575586380587e-05
State Street SPDR S&P 500 ETF Trust,2025-10-03,665.4211,1,0,0.42685238,0.0035863004644727248
State Street SPDR S&P 500 ETF Trust,2025-10-06,667.8075,0,1,0.5855457,-0.003707505531159838
State Street SPDR S&P 500 ETF Trust,2025-10-07,665.3316,1,1,0.65262806,0.005963041587082385
State Street SPDR S&P 500 ETF Trust,2025-10-08,669.299,0,0,0.30331644,-0.0028970609548197856
State Street SPDR S&P 500 ETF Trust,2025-10-09,667.36,0,1,0.6297627,-0.027027691201150783
State Street SPDR S&P 500 ETF Trust,2025-10-10,649.3228,1,1,0.6451311,0.015343986072874571
State Street SPDR S&P 500 ETF Trust,2025-10-13,659.286,0,0,0.1454069,-0.0012216246060131608
State Street SPDR S&P 500 ETF Trust,2025-10-14,658.4806,1,0,0.4877458,0.004439614470039155
State Street SPDR S&P 500 ETF Trust,2025-10-15,661.404,0,1,0.89644885,-0.006810209796130562
State Street SPDR S&P 500 ETF Trust,2025-10-16,656.8997,1,1,0.93828523,0.005676209016383993
State Street SPDR S&P 500 ETF Trust,2025-10-17,660.6284,1,0,0.41463318,0.010400551959316218
State Street SPDR S&P 500 ETF Trust,2025-10-20,667.4993,0,1,0.5870042,-1.4981289118920493e-05
State Street SPDR S&P 500 ETF Trust,2025-10-21,667.4893,0,0,0.14849639,-0.005198884836056461
State Street SPDR S&P 500 ETF Trust,2025-10-22,664.0191,1,1,0.681,0.0059299499065614825
State Street SPDR S&P 500 ETF Trust,2025-10-23,667.9567,1,1,0.6884654,0.00817253573472665
State Street SPDR S&P 500 ETF Trust,2025-10-24,673.4156,1,0,0.46538323,0.01179776649070785
State Street SPDR S&P 500 ETF Trust,2025-10-27,681.3604,1,0,0.20173712,0.0026558631819517675
State Street SPDR S&P 500 ETF Trust,2025-10-28,683.17,1,1,0.5087594,0.0004804075120394824
State Street SPDR S&P 500 ETF Trust,2025-10-29,683.4982,0,1,0.5450969,-0.01099812698848368
State Street SPDR S&P 500 ETF Trust,2025-10-30,675.981,1,1,0.8202758,0.003280269711722683
State Street SPDR S&P 500 ETF Trust,2025-10-31,678.1984,1,1,0.73688656,0.0018765895053718396
State Street SPDR S&P 500 ETF Trust,2025-11-03,679.4711,0,1,0.689928,-0.0118534842762259
State Street SPDR S&P 500 ETF Trust,2025-11-04,671.417,1,1,0.85057515,0.0034653575944605386
State Street SPDR S&P 500 ETF Trust,2025-11-05,673.7437,0,1,0.8048637,-0.010729302552290987
State Street SPDR S&P 500 ETF Trust,2025-11-06,666.5149,1,1,0.84389687,0.0009845241269175187
State Street SPDR S&P 500 ETF Trust,2025-11-07,667.1711,1,1,0.539429,0.015604392936084954
State Street SPDR S&P 500 ETF Trust,2025-11-10,677.5819,1,1,0.66684836,0.0022891697667839495
State Street SPDR S&P 500 ETF Trust,2025-11-11,679.133,1,0,0.37966165,0.0005564447611881018
State Street SPDR S&P 500 ETF Trust,2025-11-12,679.5109,0,0,0.4504513,-0.016594141462631384
State Street SPDR S&P 500 ETF Trust,2025-11-13,668.235,0,1,0.74125135,-0.00016356521283678038
State Street SPDR S&P 500 ETF Trust,2025-11-14,668.1257,0,1,0.853609,-0.00931651035127079
State Street SPDR S&P 500 ETF Trust,2025-11-17,661.9011,0,1,0.63256156,-0.008397478112666779
State Street SPDR S&P 500 ETF Trust,2025-11-18,656.3428,1,0,0.27974847,0.003863225131745196
State Street SPDR S&P 500 ETF Trust,2025-11-19,658.8784,0,0,0.30921626,-0.015242266251253689
State Street SPDR S&P 500 ETF Trust,2025-11-20,648.8356,1,1,0.50411016,0.009961229007779515
State Street SPDR S&P 500 ETF Trust,2025-11-21,655.2988,1,0,0.4216324,0.014718476517887602
State Street SPDR S&P 500 ETF Trust,2025-11-24,664.9438,1,0,0.32197618,0.009405907687236148
State Street SPDR S&P 500 ETF Trust,2025-11-25,671.1982,1,1,0.76383096,0.006903475009319093
State Street SPDR S&P 500 ETF Trust,2025-11-26,675.8318,1,1,0.76726854,0.005458458746688155
State Street SPDR S&P 500 ETF Trust,2025-11-28,679.5208,0,1,0.616051,-0.0045654231629113085
State Street SPDR S&P 500 ETF Trust,2025-12-01,676.4185,1,1,0.85298806,0.0018522556671645152
State Street SPDR S&P 500 ETF Trust,2025-12-02,677.6714,1,1,0.61300606,0.00346274020122439
State Street SPDR S&P 500 ETF Trust,2025-12-03,680.018,1,1,0.64359456,0.0007310100614983384
State Street SPDR S&P 500 ETF Trust,2025-12-04,680.5151,1,1,0.91491145,0.0018995904719822931
State Street SPDR S&P 500 ETF Trust,2025-12-05,681.8078,0,1,0.7888004,-0.003004219077575865
State Street SPDR S&P 500 ETF Trust,2025-12-08,679.7595,0,1,0.5214891,-0.0008632464864412048
State Street SPDR S&P 500 ETF Trust,2025-12-09,679.1727,1,1,0.7211981,0.0066323337201275034
State Street SPDR S&P 500 ETF Trust,2025-12-10,683.6772,1,1,0.5541792,0.002326975362056949
State Street SPDR S&P 500 ETF Trust,2025-12-11,685.2681,0,0,0.16482325,-0.010752142117807617
State Street SPDR S&P 500 ETF Trust,2025-12-12,677.9,0,0,0.25991988,-0.0015106947927422398
State Street SPDR S&P 500 ETF Trust,2025-12-15,676.8759,0,0,0.4602114,-0.0027324063391827025
State Street SPDR S&P 500 ETF Trust,2025-12-16,675.0264,0,1,0.77431154,-0.011003569638165178
State Street SPDR S&P 500 ETF Trust,2025-12-17,667.5987,1,1,0.93347055,0.007551392775330346
State Street SPDR S&P 500 ETF Trust,2025-12-18,672.64,1,1,0.915879,0.009063392007611748
State Street SPDR S&P 500 ETF Trust,2025-12-19,678.7364,1,1,0.6312152,0.006229811750187553
State Street SPDR S&P 500 ETF Trust,2025-12-22,682.9648,1,1,0.5523173,0.00457051373657924
State Street SPDR S&P 500 ETF Trust,2025-12-23,686.0863,1,0,0.24885215,0.003517633277329457
State Street SPDR S&P 500 ETF Trust,2025-12-24,688.4997,0,1,0.63604194,-0.00010137985535796368
State Street SPDR S&P 500 ETF Trust,2025-12-26,688.4299,0,1,0.90269333,-0.0035636162810476213
State Street SPDR S&P 500 ETF Trust,2025-12-29,685.9766,0,1,0.8640688,-0.0012211786816050951
State Street SPDR S&P 500 ETF Trust,2025-12-30,685.1389,0,1,0.8676757,-0.007409008596651057
State Street SPDR S&P 500 ETF Trust,2025-12-31,680.0627,1,1,0.5609883,0.0018330662746244286
State Street SPDR S&P 500 ETF Trust,2026-01-02,681.3093,1,1,0.6770264,0.0066601175119729294
State Street SPDR S&P 500 ETF Trust,2026-01-05,685.8469,1,1,0.5938836,0.005947245660802736
State Street SPDR S&P 500 ETF Trust,2026-01-06,689.9258,0,1,0.78219545,-0.003223390109487023
State Street SPDR S&P 500 ETF Trust,2026-01-07,687.7019,0,1,0.80954754,-0.00010149746568965945
State Street SPDR S&P 500 ETF Trust,2026-01-08,687.6321,1,1,0.82373434,0.006613274743863862
State Street SPDR S&P 500 ETF Trust,2026-01-09,692.1796,1,1,0.7654457,0.001570546141492768
State Street SPDR S&P 500 ETF Trust,2026-01-12,693.2667,0,1,0.6287497,-0.001999519088397017
State Street SPDR S&P 500 ETF Trust,2026-01-13,691.8805,0,1,0.77626157,-0.004915299679641216
State Street SPDR S&P 500 ETF Trust,2026-01-14,688.4797,1,1,0.9207816,0.0027232465968132225
State Street SPDR S&P 500 ETF Trust,2026-01-15,690.3546,0,1,0.9314824,-0.0008378302976470575
State Street SPDR S&P 500 ETF Trust,2026-01-16,689.7762,0,1,0.7933101,-0.020356747594364677
State Street SPDR S&P 500 ETF Trust,2026-01-20,675.7346,1,1,0.684307,0.011541069526408876
State Street SPDR S&P 500 ETF Trust,2026-01-21,683.5333,1,1,0.5217465,0.005223154453484646
State Street SPDR S&P 500 ETF Trust,2026-01-22,687.1035,1,1,0.6157987,0.00036282743429483233
State Street SPDR S&P 500 ETF Trust,2026-01-23,687.3528,1,1,0.5266295,0.005078178193207217
State Street SPDR S&P 500 ETF Trust,2026-01-26,690.8433,1,1,0.71010655,0.0039842609749563
State Street SPDR S&P 500 ETF Trust,2026-01-27,693.5958,0,1,0.8106725,-0.0001007791569672678
State Street SPDR S&P 500 ETF Trust,2026-01-28,693.5259,0,1,0.92729414,-0.001984352711268511
State Street SPDR S&P 500 ETF Trust,2026-01-29,692.1497,0,1,0.7684765,-0.002982591771693466
State Street SPDR S&P 500 ETF Trust,2026-01-30,690.0853,1,0,0.278866,0.00497141440340787
State Street SPDR S&P 500 ETF Trust,2026-02-02,693.516,0,0,0.1850338,-0.008455464617975528
State Street SPDR S&P 500 ETF Trust,2026-02-03,687.652,0,1,0.767395,-0.004843874517924784
State Street SPDR S&P 500 ETF Trust,2026-02-04,684.3211,0,1,0.83749014,-0.012489166270044927
State Street SPDR S&P 500 ETF Trust,2026-02-05,675.7745,1,1,0.86953306,0.01918465405249825
State Street SPDR S&P 500 ETF Trust,2026-02-06,688.739,1,1,0.78092796,0.004821855594063784
State Street SPDR S&P 500 ETF Trust,2026-02-09,692.06,0,0,0.4144534,-0.002637199086784281
State Street SPDR S&P 500 ETF Trust,2026-02-10,690.2349,0,0,0.40683708,-0.00023108075236433212
State Street SPDR S&P 500 ETF Trust,2026-02-11,690.0754,0,0,0.30378586,-0.015448746615224884
State Street SPDR S&P 500 ETF Trust,2026-02-12,679.4146,1,1,0.7218056,0.0007044299607339433
State Street SPDR S&P 500 ETF Trust,2026-02-13,679.8932,1,1,0.90720236,0.0016134887067555947
State Street SPDR S&P 500 ETF Trust,2026-02-17,680.9902,1,1,0.791794,0.005037664271820619
State Street SPDR S&P 500 ETF Trust,2026-02-18,684.4208,0,1,0.8142011,-0.002637412539186479
State Street SPDR S&P 500 ETF Trust,2026-02-19,682.6157,1,1,0.5771211,0.007231887575981588
State Street SPDR S&P 500 ETF Trust,2026-02-20,687.5523,0,0,0.37294397,-0.01021129592614245
State Street SPDR S&P 500 ETF Trust,2026-02-23,680.5315,1,1,0.7404867,0.007268436508816922
State Street SPDR S&P 500 ETF Trust,2026-02-24,685.4779,1,1,0.8256658,0.008438346444137768
State Street SPDR S&P 500 ETF Trust,2026-02-25,691.2622,0,1,0.8504348,-0.0055544770132086585
State Street SPDR S&P 500 ETF Trust,2026-02-26,687.4226,0,0,0.35912713,-0.004801995162800887
State Street SPDR S&P 500 ETF Trust,2026-02-27,684.1216,1,1,0.5211391,0.0005686123636499119
State Street SPDR S&P 500 ETF Trust,2026-03-02,684.5106,0,1,0.6504052,-0.008814326615248946
State Street SPDR S&P 500 ETF Trust,2026-03-03,678.4771,1,1,0.92793155,0.007055359716636067
State Street SPDR S&P 500 ETF Trust,2026-03-04,683.264,0,1,0.9235662,-0.0055755901086550486
State Street SPDR S&P 500 ETF Trust,2026-03-05,679.4544,0,1,0.5466021,-0.013107134194730197
State Street SPDR S&P 500 ETF Trust,2026-03-06,670.5487,1,0,0.39971727,0.008759990139418417
State Street SPDR S&P 500 ETF Trust,2026-03-09,676.4227,0,1,0.5620663,-0.0016071311622155582
State Street SPDR S&P 500 ETF Trust,2026-03-10,675.3356,0,1,0.59742194,-0.0012550796966721567
State Street SPDR S&P 500 ETF Trust,2026-03-11,674.488,0,1,0.62480116,-0.015184999584870407
State Street SPDR S&P 500 ETF Trust,2026-03-12,664.2459,0,0,0.24039593,-0.00566010268185313
State Street SPDR S&P 500 ETF Trust,2026-03-13,660.4862,1,1,0.580199,0.010176896958634218
State Street SPDR S&P 500 ETF Trust,2026-03-16,667.2079,1,1,0.8367784,0.0026305144168705663
State Street SPDR S&P 500 ETF Trust,2026-03-17,668.963,0,1,0.8948874,-0.013953686526758435
State Street SPDR S&P 500 ETF Trust,2026-03-18,659.6285,0,1,0.5878074,-0.0024642658708651233
State Street SPDR S&P 500 ETF Trust,2026-03-19,658.003,0,0,0.07538739,-0.014335800900603823
State Street SPDR S&P 500 ETF Trust,2026-03-20,648.57,1,0,0.15742686,0.01050002312780407
State Street SPDR S&P 500 ETF Trust,2026-03-23,655.38,0,0,0.38750556,-0.0033568311513931803
State Street SPDR S&P 500 ETF Trust,2026-03-24,653.18,1,1,0.5214775,0.005572736458556715
State Street SPDR S&P 500 ETF Trust,2026-03-25,656.82,0,0,0.38387096,-0.017858774093358898
State Street SPDR S&P 500 ETF Trust,2026-03-26,645.09,0,0,0.19219458,-0.017051884233207804
State Street SPDR S&P 500 ETF Trust,2026-03-27,634.09,0,1,0.74496484,-0.003343373968994978
State Street SPDR S&P 500 ETF Trust,2026-03-30,631.97,1,0,0.46253708,0.029067835498520544
State Street SPDR S&P 500 ETF Trust,2026-03-31,650.34,1,1,0.7032263,0.0075345204047112535
State Street SPDR S&P 500 ETF Trust,2026-04-01,655.24,1,1,0.72328293,0.0009004334289726135
State Street SPDR S&P 500 ETF Trust,2026-04-02,655.83,1,0,0.24016126,0.004726834698016047
State Street SPDR S&P 500 ETF Trust,2026-04-06,658.93,1,0,0.380657,0.0004401074469215782
State Street SPDR S&P 500 ETF Trust,2026-04-07,659.22,1,1,0.58289903,0.025469494250781155
State Street SPDR S&P 500 ETF Trust,2026-04-08,676.01,1,1,0.5635928,0.005769145426842703
State Street SPDR S&P 500 ETF Trust,2026-04-09,679.91,0,1,0.8365237,-0.0006618523039813029
State Street SPDR S&P 500 ETF Trust,2026-04-10,679.46,1,1,0.9054469,0.009772466370352895
State Street SPDR S&P 500 ETF Trust,2026-04-13,686.1,1,1,0.7492795,0.012184812709517656
State Street SPDR S&P 500 ETF Trust,2026-04-14,694.46,1,1,0.6537298,0.007891023241079376
State Street SPDR S&P 500 ETF Trust,2026-04-15,699.94,1,1,0.65807164,0.0024573534874416936
State Street SPDR S&P 500 ETF Trust,2026-04-16,701.66,1,1,0.67086726,0.012085625516631948
State Street SPDR S&P 500 ETF Trust,2026-04-17,710.14,0,1,0.56439966,-0.001999605711549779
State Street SPDR S&P 500 ETF Trust,2026-04-20,708.72,0,1,0.56718236,-0.006547014335703816
State Street SPDR S&P 500 ETF Trust,2026-04-21,704.08,1,0,0.46740866,0.010126690148846818
State Street SPDR S&P 500 ETF Trust,2026-04-22,711.21,0,0,0.44268632,-0.003880710338718507
State Street SPDR S&P 500 ETF Trust,2026-04-23,708.45,1,0,0.37707978,0.007749311878043619
State Street SPDR S&P 500 ETF Trust,2026-04-24,713.94,1,0,0.35753593,0.0017228338515840047
State Street SPDR S&P 500 ETF Trust,2026-04-27,715.17,0,0,0.365434,-0.004865975921808707
State Street SPDR S&P 500 ETF Trust,2026-04-28,711.69,0,0,0.39115667,-0.00015456167713467917
State Street SPDR S&P 500 ETF Trust,2026-04-29,711.58,1,0,0.45557916,0.009949689423536245
State Street SPDR S&P 500 ETF Trust,2026-04-30,718.66,0,0,0.28867188,0.0
State Street SPDR S&P 500 ETF Trust,2026-04-30,718.66,1,1,0.7200105,0.0027690423844377587
State Street SPDR S&P 500 ETF Trust,2026-05-01,720.65,0,1,0.90367,0.0
State Street SPDR S&P 500 ETF Trust,2026-05-01,720.65,0,1,0.8568041,0.0
State Street SPDR S&P 500 ETF Trust,2026-05-01,720.65,0,1,0.52768886,-0.0036633594671476866
State Street SPDR S&P 500 ETF Trust,2026-05-04,718.01,1,1,0.8178964,0.00802217239314218
State Street SPDR S&P 500 ETF Trust,2026-05-05,723.77,1,0,0.47056672,0.013899443193279737
State Street SPDR S&P 500 ETF Trust,2026-05-06,733.83,0,0,0.23291089,-0.0030661052287314083
State Street SPDR S&P 500 ETF Trust,2026-05-07,731.58,1,1,0.6846317,0.008256103228628353
State Street SPDR S&P 500 ETF Trust,2026-05-08,737.62,0,1,0.9675734,0.0
State Street SPDR S&P 500 ETF Trust,2026-05-08,737.62,0,0,0.37122723,0.0
iShares 20+ Year Treasury Bond ETF,2025-06-05,83.0042,0,1,0.5360377,-0.0127234525481843
iShares 20+ Year Treasury Bond ETF,2025-06-06,81.9481,1,1,0.5860876,0.0010543258477011541
iShares 20+ Year Treasury Bond ETF,2025-06-09,82.0345,1,1,0.54773116,0.005150272141599022
iShares 20+ Year Treasury Bond ETF,2025-06-10,82.457,1,1,0.5489357,0.0030270322713656928
iShares 20+ Year Treasury Bond ETF,2025-06-11,82.7066,1,1,0.53042,0.011957933224192585
iShares 20+ Year Treasury Bond ETF,2025-06-12,83.6956,0,0,0.47131863,-0.009637304708969174
iShares 20+ Year Treasury Bond ETF,2025-06-13,82.889,0,1,0.5239103,-0.010077332336015488
iShares 20+ Year Treasury Bond ETF,2025-06-16,82.0537,1,1,0.5361366,0.012170078862988376
iShares 20+ Year Treasury Bond ETF,2025-06-17,83.0523,1,1,0.523749,0.0017338472263861426
iShares 20+ Year Treasury Bond ETF,2025-06-18,83.1963,0,0,0.4885609,-0.0018462359503967907
iShares 20+ Year Treasury Bond ETF,2025-06-20,83.0427,1,1,0.5513923,0.003236888973985552
iShares 20+ Year Treasury Bond ETF,2025-06-23,83.3115,1,0,0.48994002,0.007260702304003663
iShares 20+ Year Treasury Bond ETF,2025-06-24,83.9164,1,1,0.5152047,0.0012583952600446757
iShares 20+ Year Treasury Bond ETF,2025-06-25,84.022,1,0,0.49808818,0.00502844493108956
iShares 20+ Year Treasury Bond ETF,2025-06-26,84.4445,0,0,0.49103007,-0.006367495810858048
iShares 20+ Year Treasury Bond ETF,2025-06-27,83.9068,1,1,0.5476233,0.009840680373938593
iShares 20+ Year Treasury Bond ETF,2025-06-30,84.7325,1,1,0.5290661,0.0024795680524001273
iShares 20+ Year Treasury Bond ETF,2025-07-01,84.9426,0,1,0.5466587,-0.006353702382550064
iShares 20+ Year Treasury Bond ETF,2025-07-02,84.4029,0,1,0.5464773,-0.0069642156845322045
iShares 20+ Year Treasury Bond ETF,2025-07-03,83.8151,0,1,0.5519782,-0.0095436263871308
iShares 20+ Year Treasury Bond ETF,2025-07-07,83.0152,0,1,0.5697485,-0.0012780791951353399
iShares 20+ Year Treasury Bond ETF,2025-07-08,82.9091,1,1,0.56514096,0.01046206025635299
iShares 20+ Year Treasury Bond ETF,2025-07-09,83.7765,1,1,0.5473527,0.0006899309472225834
iShares 20+ Year Treasury Bond ETF,2025-07-10,83.8343,0,1,0.51613826,-0.013795069559834006
iShares 20+ Year Treasury Bond ETF,2025-07-11,82.6778,0,1,0.569306,-0.0020972981864538776
iShares 20+ Year Treasury Bond ETF,2025-07-14,82.5044,0,1,0.57532215,-0.0070081110825606086
iShares 20+ Year Treasury Bond ETF,2025-07-15,81.9262,1,1,0.5402728,0.0014110260209798664
iShares 20+ Year Treasury Bond ETF,2025-07-16,82.0418,0,1,0.5627245,-0.0002352459356084191
iShares 20+ Year Treasury Bond ETF,2025-07-17,82.0225,1,1,0.5168127,0.0015276296138255763
iShares 20+ Year Treasury Bond ETF,2025-07-18,82.1478,1,1,0.5299441,0.008915637424252276
iShares 20+ Year Treasury Bond ETF,2025-07-21,82.8802,1,0,0.49930498,0.006047282704433554
iShares 20+ Year Treasury Bond ETF,2025-07-22,83.3814,0,0,0.48520428,-0.005547999913649737
iShares 20+ Year Treasury Bond ETF,2025-07-23,82.9188,0,1,0.51842666,-0.0017438747304593383
iShares 20+ Year Treasury Bond ETF,2025-07-24,82.7742,1,1,0.5149881,0.006286983142090197
iShares 20+ Year Treasury Bond ETF,2025-07-25,83.2946,0,1,0.52972907,-0.006478211072506568
iShares 20+ Year Treasury Bond ETF,2025-07-28,82.755,1,1,0.5364429,0.016885988762008308
iShares 20+ Year Treasury Bond ETF,2025-07-29,84.1524,0,1,0.53486603,-0.005153744872398169
iShares 20+ Year Treasury Bond ETF,2025-07-30,83.7187,1,1,0.5545898,0.0005757375592312375
iShares 20+ Year Treasury Bond ETF,2025-07-31,83.7669,1,1,0.5325504,0.014215638874065961
iShares 20+ Year Treasury Bond ETF,2025-08-01,84.9577,1,1,0.5963323,0.002733124837418943
iShares 20+ Year Treasury Bond ETF,2025-08-04,85.1899,1,1,0.51698345,0.0030660911680844283
iShares 20+ Year Treasury Bond ETF,2025-08-05,85.4511,0,1,0.5157093,-0.0057740625925235545
iShares 20+ Year Treasury Bond ETF,2025-08-06,84.9577,0,1,0.56543875,-0.0017079087593001585
iShares 20+ Year Treasury Bond ETF,2025-08-07,84.8126,0,1,0.51275444,-0.004334261654518445
iShares 20+ Year Treasury Bond ETF,2025-08-08,84.445,1,1,0.58180285,0.0011463082479721276
iShares 20+ Year Treasury Bond ETF,2025-08-11,84.5418,0,1,0.6107052,-0.005035378948638369
iShares 20+ Year Treasury Bond ETF,2025-08-12,84.1161,1,1,0.555186,0.008280222216674238
iShares 20+ Year Treasury Bond ETF,2025-08-13,84.8126,0,1,0.5750403,-0.007413992732211994
iShares 20+ Year Treasury Bond ETF,2025-08-14,84.1838,0,1,0.54277253,-0.007124886260777008
iShares 20+ Year Treasury Bond ETF,2025-08-15,83.584,0,1,0.5104908,-0.0028928981623277394
iShares 20+ Year Treasury Bond ETF,2025-08-18,83.3422,1,1,0.5538488,0.005803782477544317
iShares 20+ Year Treasury Bond ETF,2025-08-19,83.8259,1,1,0.5393625,0.002192639744995173
iShares 20+ Year Treasury Bond ETF,2025-08-20,84.0097,0,1,0.57390463,-0.004951809136325869
iShares 20+ Year Treasury Bond ETF,2025-08-21,83.5937,1,1,0.60394573,0.007406060504559608
iShares 20+ Year Treasury Bond ETF,2025-08-22,84.2128,0,1,0.5805548,-0.0028712974749681708
iShares 20+ Year Treasury Bond ETF,2025-08-25,83.971,0,1,0.58600616,-0.0005763894677924819
iShares 20+ Year Treasury Bond ETF,2025-08-26,83.9226,0,1,0.57627106,-0.0011522521942837205
iShares 20+ Year Treasury Bond ETF,2025-08-27,83.8259,1,1,0.5510023,0.006577919234985963
iShares 20+ Year Treasury Bond ETF,2025-08-28,84.3773,0,1,0.5044428,-0.007108546967016016
iShares 20+ Year Treasury Bond ETF,2025-08-29,83.7775,0,1,0.5681993,-0.007441138730566177
iShares 20+ Year Treasury Bond ETF,2025-09-02,83.1541,1,1,0.5892999,0.010977209782800923
iShares 20+ Year Treasury Bond ETF,2025-09-03,84.0669,1,1,0.5750702,0.007623690180082798
iShares 20+ Year Treasury Bond ETF,2025-09-04,84.7078,1,1,0.53648627,0.015246529835505118
iShares 20+ Year Treasury Bond ETF,2025-09-05,85.9993,1,1,0.52954036,0.013324527060103897
iShares 20+ Year Treasury Bond ETF,2025-09-08,87.1452,0,1,0.50125784,-0.005682470176211596
iShares 20+ Year Treasury Bond ETF,2025-09-09,86.65,1,1,0.51416445,0.00571494518176574
iShares 20+ Year Treasury Bond ETF,2025-09-10,87.1452,1,1,0.50296634,0.00668654154216175
iShares 20+ Year Treasury Bond ETF,2025-09-11,87.7279,0,0,0.47233358,-0.00431789658706061
iShares 20+ Year Treasury Bond ETF,2025-09-12,87.3491,1,1,0.51045424,0.0023354562325197392
iShares 20+ Year Treasury Bond ETF,2025-09-15,87.5531,1,1,0.5124318,0.0021072926030032413
iShares 20+ Year Treasury Bond ETF,2025-09-16,87.7376,0,1,0.5387415,-0.002546228754832569
iShares 20+ Year Treasury Bond ETF,2025-09-17,87.5142,0,0,0.47540462,-0.010319468154882383
iShares 20+ Year Treasury Bond ETF,2025-09-18,86.6111,0,1,0.5033085,-0.0019050675952619889
iShares 20+ Year Treasury Bond ETF,2025-09-19,86.4461,0,1,0.5377731,-0.003595303894565527
iShares 20+ Year Treasury Bond ETF,2025-09-22,86.1353,1,1,0.5637663,0.006990165472227972
iShares 20+ Year Treasury Bond ETF,2025-09-23,86.7374,0,1,0.56525844,-0.003806892989644539
iShares 20+ Year Treasury Bond ETF,2025-09-24,86.4072,0,1,0.60803545,0.0
iShares 20+ Year Treasury Bond ETF,2025-09-25,86.4072,0,1,0.59501445,-0.0008992306196706767
iShares 20+ Year Treasury Bond ETF,2025-09-26,86.3295,1,1,0.5755448,0.008211561517210253
iShares 20+ Year Treasury Bond ETF,2025-09-29,87.0384,0,1,0.5404345,-0.002901018401073485
iShares 20+ Year Treasury Bond ETF,2025-09-30,86.7859,1,1,0.58243096,0.0025833689573997454
iShares 20+ Year Treasury Bond ETF,2025-10-01,87.0101,1,1,0.55359834,0.00291115629105132
iShares 20+ Year Treasury Bond ETF,2025-10-02,87.2634,0,1,0.57150805,-0.0018988487727958914
iShares 20+ Year Treasury Bond ETF,2025-10-03,87.0977,0,1,0.51673245,-0.00794280445981932
iShares 20+ Year Treasury Bond ETF,2025-10-06,86.4059,1,1,0.53683406,0.0057519220331019305
iShares 20+ Year Treasury Bond ETF,2025-10-07,86.9029,1,1,0.5275807,0.0007847839370147547
iShares 20+ Year Treasury Bond ETF,2025-10-08,86.9711,0,0,0.4926273,-0.0007841685341453131
iShares 20+ Year Treasury Bond ETF,2025-10-09,86.9029,1,1,0.5454788,0.016146756897641
iShares 20+ Year Treasury Bond ETF,2025-10-10,88.3061,0,0,0.48550785,-0.0005514907803650937
iShares 20+ Year Treasury Bond ETF,2025-10-13,88.2574,1,0,0.49416485,0.0032019977928197108
iShares 20+ Year Treasury Bond ETF,2025-10-14,88.54,0,0,0.4962395,-0.002201264964987626
iShares 20+ Year Treasury Bond ETF,2025-10-15,88.3451,1,1,0.565132,0.007500133001151044
iShares 20+ Year Treasury Bond ETF,2025-10-16,89.0077,0,0,0.4962414,-0.0015324516867640803
iShares 20+ Year Treasury Bond ETF,2025-10-17,88.8713,1,1,0.5323733,0.003837009248204959
iShares 20+ Year Treasury Bond ETF,2025-10-20,89.2123,1,1,0.56256384,0.004915241508177681
iShares 20+ Year Treasury Bond ETF,2025-10-21,89.6508,1,0,0.4199644,0.0006525318234751332
iShares 20+ Year Treasury Bond ETF,2025-10-22,89.7093,0,1,0.5585967,-0.006843214694574606
iShares 20+ Year Treasury Bond ETF,2025-10-23,89.0954,1,1,0.52627826,0.0004377330367224541
iShares 20+ Year Treasury Bond ETF,2025-10-24,89.1344,1,1,0.5257425,0.0033892638532373454
iShares 20+ Year Treasury Bond ETF,2025-10-27,89.4365,1,0,0.49394104,0.002614145231532916
iShares 20+ Year Treasury Bond ETF,2025-10-28,89.6703,0,1,0.53673744,-0.010105910206612445
iShares 20+ Year Treasury Bond ETF,2025-10-29,88.7641,0,0,0.47427168,-0.00581879385922901
iShares 20+ Year Treasury Bond ETF,2025-10-30,88.2476,0,1,0.50917107,-0.0029813841962842424
iShares 20+ Year Treasury Bond ETF,2025-10-31,87.9845,0,1,0.543551,-0.002500440418482741
iShares 20+ Year Treasury Bond ETF,2025-11-03,87.7645,1,1,0.5315424,0.0022286915552416353
iShares 20+ Year Treasury Bond ETF,2025-11-04,87.9601,0,1,0.6289908,-0.01089698624717339
iShares 20+ Year Treasury Bond ETF,2025-11-05,87.0016,1,1,0.6480752,0.008992938060909283
iShares 20+ Year Treasury Bond ETF,2025-11-06,87.784,0,1,0.7201623,-0.002116558826209758
iShares 20+ Year Treasury Bond ETF,2025-11-07,87.5982,0,1,0.6227655,-0.00022260731384904364
iShares 20+ Year Treasury Bond ETF,2025-11-10,87.5787,1,1,0.68252647,0.004577597064126415
iShares 20+ Year Treasury Bond ETF,2025-11-11,87.9796,1,1,0.6086974,0.0017788214540643832
iShares 20+ Year Treasury Bond ETF,2025-11-12,88.1361,0,1,0.51842725,-0.008211164324266607
iShares 20+ Year Treasury Bond ETF,2025-11-13,87.4124,0,1,0.6261648,-0.00570628423427344
iShares 20+ Year Treasury Bond ETF,2025-11-14,86.9136,1,1,0.7308194,0.002476022164540348
iShares 20+ Year Treasury Bond ETF,2025-11-17,87.1288,0,1,0.6445573,-0.00033743148075027207
iShares 20+ Year Treasury Bond ETF,2025-11-18,87.0994,0,1,0.5816497,-0.002020679820986193
iShares 20+ Year Treasury Bond ETF,2025-11-19,86.9234,1,1,0.6057642,0.0039379499651417404
iShares 20+ Year Treasury Bond ETF,2025-11-20,87.2657,1,1,0.52109855,0.0030263895207394143
iShares 20+ Year Treasury Bond ETF,2025-11-21,87.5298,1,1,0.58148015,0.005697488169743359
iShares 20+ Year Treasury Bond ETF,2025-11-24,88.0285,1,1,0.54146904,0.0025559903894762925
iShares 20+ Year Treasury Bond ETF,2025-11-25,88.2535,1,1,0.57062614,0.0044326853892480145
iShares 20+ Year Treasury Bond ETF,2025-11-26,88.6447,0,1,0.58008415,-0.004744784516163891
iShares 20+ Year Treasury Bond ETF,2025-11-28,88.2241,0,0,0.49971431,-0.012448979360514922
iShares 20+ Year Treasury Bond ETF,2025-12-01,87.1258,1,1,0.55461735,0.00045107189833548667
iShares 20+ Year Treasury Bond ETF,2025-12-02,87.1651,1,1,0.5126137,0.002815346967995236
iShares 20+ Year Treasury Bond ETF,2025-12-03,87.4105,0,1,0.5179559,-0.005389512701563182
iShares 20+ Year Treasury Bond ETF,2025-12-04,86.9394,0,1,0.59962994,-0.004628511353885534
iShares 20+ Year Treasury Bond ETF,2025-12-05,86.537,0,1,0.6602379,-0.003289922229797626
iShares 20+ Year Treasury Bond ETF,2025-12-08,86.2523,1,1,0.6261387,0.0010249002055595646
iShares 20+ Year Treasury Bond ETF,2025-12-09,86.3407,1,1,0.6690747,0.003864921178540426
iShares 20+ Year Treasury Bond ETF,2025-12-10,86.6744,0,1,0.650003,-0.0013591094948450788
iShares 20+ Year Treasury Bond ETF,2025-12-11,86.5566,0,1,0.6358971,-0.009638779711772405
iShares 20+ Year Treasury Bond ETF,2025-12-12,85.7223,1,1,0.58084553,0.000687102422590069
iShares 20+ Year Treasury Bond ETF,2025-12-15,85.7812,1,1,0.6168432,0.005491879339529104
iShares 20+ Year Treasury Bond ETF,2025-12-16,86.2523,0,1,0.65558875,-0.0009101206576520582
iShares 20+ Year Treasury Bond ETF,2025-12-17,86.1738,1,1,0.6478881,0.004783356426199203
iShares 20+ Year Treasury Bond ETF,2025-12-18,86.586,0,1,0.6390889,-0.0037315501351257163
iShares 20+ Year Treasury Bond ETF,2025-12-19,86.2629,0,1,0.5512969,-0.0021701102096034486
iShares 20+ Year Treasury Bond ETF,2025-12-22,86.0757,1,1,0.5659949,0.0016020781707264398
iShares 20+ Year Treasury Bond ETF,2025-12-23,86.2136,1,0,0.49424866,0.006057049003869386
iShares 20+ Year Treasury Bond ETF,2025-12-24,86.7358,0,1,0.53016055,-0.0032939109341240114
iShares 20+ Year Treasury Bond ETF,2025-12-26,86.4501,1,1,0.66334236,0.0037605508842672997
iShares 20+ Year Treasury Bond ETF,2025-12-29,86.7752,0,1,0.60362244,-0.00238432178779191
iShares 20+ Year Treasury Bond ETF,2025-12-30,86.5683,0,1,0.5491707,-0.007967119603827122
iShares 20+ Year Treasury Bond ETF,2025-12-31,85.8786,0,1,0.51703185,-0.0014916405251134135
iShares 20+ Year Treasury Bond ETF,2026-01-02,85.7505,1,1,0.6376546,0.004941079060763354
iShares 20+ Year Treasury Bond ETF,2026-01-05,86.1742,0,1,0.60303235,-0.0020586207936946765
iShares 20+ Year Treasury Bond ETF,2026-01-06,85.9968,1,1,0.6051979,0.005843240678722994
iShares 20+ Year Treasury Bond ETF,2026-01-07,86.4993,0,1,0.58194834,-0.005011601249952369
iShares 20+ Year Treasury Bond ETF,2026-01-08,86.0658,1,1,0.61930054,0.0066402682598663
iShares 20+ Year Treasury Bond ETF,2026-01-09,86.6373,0,1,0.5673525,-0.002957155867045591
iShares 20+ Year Treasury Bond ETF,2026-01-12,86.3811,1,1,0.56104505,0.0017110224343055425
iShares 20+ Year Treasury Bond ETF,2026-01-13,86.5289,1,1,0.5826135,0.005807308309709436
iShares 20+ Year Treasury Bond ETF,2026-01-14,87.0314,0,1,0.5921411,-0.00022635508563573215
iShares 20+ Year Treasury Bond ETF,2026-01-15,87.0117,0,1,0.56731117,-0.005775085419546966
iShares 20+ Year Treasury Bond ETF,2026-01-16,86.5092,0,1,0.5660769,-0.013098028880165535
iShares 20+ Year Treasury Bond ETF,2026-01-20,85.3761,1,1,0.6004991,0.00761688575608388
iShares 20+ Year Treasury Bond ETF,2026-01-21,86.0264,1,1,0.57746845,0.004352152362530726
iShares 20+ Year Treasury Bond ETF,2026-01-22,86.4008,1,1,0.5137668,0.0027372431736742975
iShares 20+ Year Treasury Bond ETF,2026-01-23,86.6373,1,0,0.4751428,0.004776233793066131
iShares 20+ Year Treasury Bond ETF,2026-01-26,87.0511,0,0,0.4666496,-0.006225079292507485
iShares 20+ Year Treasury Bond ETF,2026-01-27,86.5092,0,1,0.57525855,-0.002278370392975626
iShares 20+ Year Treasury Bond ETF,2026-01-28,86.3121,1,1,0.66199934,0.0002282414632479579
iShares 20+ Year Treasury Bond ETF,2026-01-29,86.3318,0,1,0.60003173,-0.005592377316353869
iShares 20+ Year Treasury Bond ETF,2026-01-30,85.849,0,1,0.5742655,-0.0028561777073699
iShares 20+ Year Treasury Bond ETF,2026-02-02,85.6038,1,1,0.62131256,0.002426294159838527
iShares 20+ Year Treasury Bond ETF,2026-02-03,85.8115,0,1,0.6431837,-0.00253579065742926
iShares 20+ Year Treasury Bond ETF,2026-02-04,85.5939,1,1,0.59883374,0.010861755335368484
iShares 20+ Year Treasury Bond ETF,2026-02-05,86.5236,1,1,0.639345,0.0006853621439699698
iShares 20+ Year Treasury Bond ETF,2026-02-06,86.5829,0,1,0.63603413,-0.00022868256895980377
iShares 20+ Year Treasury Bond ETF,2026-02-09,86.5631,1,1,0.6305225,0.011540714230428462
iShares 20+ Year Treasury Bond ETF,2026-02-10,87.5621,0,1,0.5796844,-0.005309374718057258
iShares 20+ Year Treasury Bond ETF,2026-02-11,87.0972,1,1,0.51431125,0.013286305415099564
iShares 20+ Year Treasury Bond ETF,2026-02-12,88.2544,1,1,0.5215508,0.005492077448829624
iShares 20+ Year Treasury Bond ETF,2026-02-13,88.7391,1,1,0.52036,0.0016723180649793612
iShares 20+ Year Treasury Bond ETF,2026-02-17,88.8875,0,1,0.53757924,-0.003783434116158113
iShares 20+ Year Treasury Bond ETF,2026-02-18,88.5512,1,1,0.5900179,0.001005068254298136
iShares 20+ Year Treasury Bond ETF,2026-02-19,88.6402,0,1,0.59422064,-0.002343180633617603
iShares 20+ Year Treasury Bond ETF,2026-02-20,88.4325,1,1,0.5365648,0.0036909507251292606
iShares 20+ Year Treasury Bond ETF,2026-02-23,88.7589,1,1,0.58810246,0.0017823564735481856
iShares 20+ Year Treasury Bond ETF,2026-02-24,88.9171,1,1,0.60966873,0.00011133966357435021
iShares 20+ Year Treasury Bond ETF,2026-02-25,88.927,1,1,0.64471513,0.0040044081100227835
iShares 20+ Year Treasury Bond ETF,2026-02-26,89.2831,1,1,0.6027596,0.006092978402407523
iShares 20+ Year Treasury Bond ETF,2026-02-27,89.8271,0,1,0.6008065,-0.010042626334369031
iShares 20+ Year Treasury Bond ETF,2026-03-02,88.925,0,1,0.6133236,-0.0020084340736575834
iShares 20+ Year Treasury Bond ETF,2026-03-03,88.7464,0,1,0.7291188,-0.003131394625584649
iShares 20+ Year Treasury Bond ETF,2026-03-04,88.4685,0,1,0.7200975,-0.004037595302282759
iShares 20+ Year Treasury Bond ETF,2026-03-05,88.1113,0,1,0.63654584,-0.003716889888130126
iShares 20+ Year Treasury Bond ETF,2026-03-06,87.7838,1,1,0.57621473,0.008704339525060334
iShares 20+ Year Treasury Bond ETF,2026-03-09,88.5479,0,1,0.59616774,-0.010646215212331445
iShares 20+ Year Treasury Bond ETF,2026-03-10,87.6052,0,1,0.6423362,-0.01291361699990412
iShares 20+ Year Treasury Bond ETF,2026-03-11,86.4739,0,1,0.62961847,-0.0019508776636649738
iShares 20+ Year Treasury Bond ETF,2026-03-12,86.3052,0,1,0.65183455,-0.004944082164226482
iShares 20+ Year Treasury Bond ETF,2026-03-13,85.8785,1,1,0.709037,0.007742333645790245
iShares 20+ Year Treasury Bond ETF,2026-03-16,86.5434,1,1,0.59039086,0.002751220774778851
iShares 20+ Year Treasury Bond ETF,2026-03-17,86.7815,0,1,0.7474741,-0.005602576586023478
iShares 20+ Year Treasury Bond ETF,2026-03-18,86.2953,1,1,0.69994867,0.006094190529496002
iShares 20+ Year Treasury Bond ETF,2026-03-19,86.8212,0,1,0.5916344,-0.01897347652416692
iShares 20+ Year Treasury Bond ETF,2026-03-20,85.1739,1,1,0.6596779,0.006524299110408194
iShares 20+ Year Treasury Bond ETF,2026-03-23,85.7296,0,1,0.6776872,-0.004398714096414791
iShares 20+ Year Treasury Bond ETF,2026-03-24,85.3525,1,1,0.6978851,0.009650566767229973
iShares 20+ Year Treasury Bond ETF,2026-03-25,86.1762,0,1,0.696249,-0.008406033220308973
iShares 20+ Year Treasury Bond ETF,2026-03-26,85.4518,0,1,0.64429414,-0.005458047694723911
iShares 20+ Year Treasury Bond ETF,2026-03-27,84.9854,1,1,0.6782698,0.013310521571940681
iShares 20+ Year Treasury Bond ETF,2026-03-30,86.1166,0,1,0.7249556,-0.001036966159834507
iShares 20+ Year Treasury Bond ETF,2026-03-31,86.0273,0,1,0.76019657,-0.000984571176824045
iShares 20+ Year Treasury Bond ETF,2026-04-01,85.9426,1,1,0.61829793,0.006144798970475485
iShares 20+ Year Treasury Bond ETF,2026-04-02,86.4707,0,1,0.65249217,-0.0016132632209522324
iShares 20+ Year Treasury Bond ETF,2026-04-06,86.3312,0,1,0.66947037,-0.00011467464833114782
iShares 20+ Year Treasury Bond ETF,2026-04-07,86.3213,1,1,0.66650337,0.0032309522678644065
iShares 20+ Year Treasury Bond ETF,2026-04-08,86.6002,0,1,0.5922379,-0.002531171983436553
iShares 20+ Year Treasury Bond ETF,2026-04-09,86.381,0,1,0.6631084,-0.0024218288744052296
iShares 20+ Year Treasury Bond ETF,2026-04-10,86.1718,1,1,0.7508235,0.0030056236495001887
iShares 20+ Year Treasury Bond ETF,2026-04-13,86.4308,1,1,0.74893326,0.005303664897235771
iShares 20+ Year Treasury Bond ETF,2026-04-14,86.8892,0,1,0.7282444,-0.004357273401067174
iShares 20+ Year Treasury Bond ETF,2026-04-15,86.5106,0,1,0.70480585,-0.006334483866716978
iShares 20+ Year Treasury Bond ETF,2026-04-16,85.9626,1,1,0.79447514,0.009156307510475692
iShares 20+ Year Treasury Bond ETF,2026-04-17,86.7497,0,1,0.75316644,-0.00023054834771774058
iShares 20+ Year Treasury Bond ETF,2026-04-20,86.7297,0,1,0.7466524,-0.005513682164241307
iShares 20+ Year Treasury Bond ETF,2026-04-21,86.2515,1,1,0.76227635,0.001964023814078786
iShares 20+ Year Treasury Bond ETF,2026-04-22,86.4209,0,1,0.7483095,-0.002190442358272149
iShares 20+ Year Treasury Bond ETF,2026-04-23,86.2316,1,1,0.7457543,0.00184851029089117
iShares 20+ Year Treasury Bond ETF,2026-04-24,86.391,0,1,0.6947337,-0.004958849880196015
iShares 20+ Year Treasury Bond ETF,2026-04-27,85.9626,1,1,0.63996845,0.001042313750398538
iShares 20+ Year Treasury Bond ETF,2026-04-28,86.0522,0,1,0.6800481,-0.007756919637150528
iShares 20+ Year Treasury Bond ETF,2026-04-29,85.3847,0,1,0.6858452,-0.000933422498409997
iShares 20+ Year Treasury Bond ETF,2026-04-30,85.305,0,1,0.52043664,0.0
iShares 20+ Year Treasury Bond ETF,2026-04-30,85.305,1,0,0.31091416,0.00357540589648897
iShares 20+ Year Treasury Bond ETF,2026-05-01,85.61,0,0,0.20730641,0.0
iShares 20+ Year Treasury Bond ETF,2026-05-01,85.61,0,0,0.4967362,0.0
iShares 20+ Year Treasury Bond ETF,2026-05-01,85.61,0,1,0.55241704,-0.0075925709613363646
iShares 20+ Year Treasury Bond ETF,2026-05-04,84.96,1,1,0.74328893,0.005532015065913498
iShares 20+ Year Treasury Bond ETF,2026-05-05,85.43,1,0,0.38628727,0.007608568418588257
iShares 20+ Year Treasury Bond ETF,2026-05-06,86.08,0,0,0.28023836,-0.0049953531598512235
iShares 20+ Year Treasury Bond ETF,2026-05-07,85.65,1,1,0.5081295,0.005020431990659491
iShares 20+ Year Treasury Bond ETF,2026-05-08,86.08,0,1,0.6480548,0.0
iShares 20+ Year Treasury Bond ETF,2026-05-08,86.08,0,1,0.7218024,0.0
"United States Natural Gas Fund, LP",2025-06-05,16.7,1,0,0.47373632,0.028742514970059974
"United States Natural Gas Fund, LP",2025-06-06,17.18,0,1,0.52073014,-0.0360884749708964
"United States Natural Gas Fund, LP",2025-06-09,16.56,0,0,0.4885969,-0.03019323671497587
"United States Natural Gas Fund, LP",2025-06-10,16.06,0,1,0.5104677,-0.006849315068493067
"United States Natural Gas Fund, LP",2025-06-11,15.95,1,1,0.51763266,0.007523510971786829
"United States Natural Gas Fund, LP",2025-06-12,16.07,1,0,0.4753733,0.018046048537647685
"United States Natural Gas Fund, LP",2025-06-13,16.36,1,0,0.48378423,0.03789731051344747
"United States Natural Gas Fund, LP",2025-06-16,16.98,1,0,0.44461197,0.0353356890459362
"United States Natural Gas Fund, LP",2025-06-17,17.58,1,0,0.44640097,0.028441410693970326
"United States Natural Gas Fund, LP",2025-06-18,18.08,0,0,0.39274734,-0.023230088495575174
"United States Natural Gas Fund, LP",2025-06-20,17.66,0,0,0.4963283,-0.04643261608154026
"United States Natural Gas Fund, LP",2025-06-23,16.84,0,0,0.47856486,-0.03503562945368166
"United States Natural Gas Fund, LP",2025-06-24,16.25,0,1,0.51618874,-0.024615384615384595
"United States Natural Gas Fund, LP",2025-06-25,15.85,0,0,0.49388194,-0.011987381703470024
"United States Natural Gas Fund, LP",2025-06-26,15.66,1,0,0.49330875,0.05619412515964228
"United States Natural Gas Fund, LP",2025-06-27,16.54,0,1,0.5003306,-0.0761789600967352
"United States Natural Gas Fund, LP",2025-06-30,15.28,0,1,0.509484,-0.011125654450261813
"United States Natural Gas Fund, LP",2025-07-01,15.11,1,1,0.5636199,0.020516214427531487
"United States Natural Gas Fund, LP",2025-07-02,15.42,0,1,0.54492015,-0.011024643320363126
"United States Natural Gas Fund, LP",2025-07-03,15.25,0,1,0.52590847,-0.009180327868852478
"United States Natural Gas Fund, LP",2025-07-07,15.11,0,1,0.5405527,-0.018530774321641297
"United States Natural Gas Fund, LP",2025-07-08,14.83,0,1,0.54221976,-0.04248145650708035
"United States Natural Gas Fund, LP",2025-07-09,14.2,1,1,0.53216183,0.03873239436619724
"United States Natural Gas Fund, LP",2025-07-10,14.75,1,0,0.4665085,0.0115254237288136
"United States Natural Gas Fund, LP",2025-07-11,14.92,1,0,0.4682426,0.02479892761394087
"United States Natural Gas Fund, LP",2025-07-14,15.29,1,0,0.46639904,0.01635055591890122
"United States Natural Gas Fund, LP",2025-07-15,15.54,1,0,0.4300245,0.016731016731016846
"United States Natural Gas Fund, LP",2025-07-16,15.8,0,0,0.49535143,-0.006329113924050778
"United States Natural Gas Fund, LP",2025-07-17,15.7,1,0,0.4636641,0.009554140127388644
"United States Natural Gas Fund, LP",2025-07-18,15.85,0,0,0.4792867,-0.07381703470031542
"United States Natural Gas Fund, LP",2025-07-21,14.68,0,1,0.5049756,-0.014305177111716527
"United States Natural Gas Fund, LP",2025-07-22,14.47,0,0,0.4620444,-0.052522460262612314
"United States Natural Gas Fund, LP",2025-07-23,13.71,1,1,0.5074047,0.01094091903719896
"United States Natural Gas Fund, LP",2025-07-24,13.86,0,0,0.48557627,-0.0021645021645021467
"United States Natural Gas Fund, LP",2025-07-25,13.83,0,0,0.49662375,-0.01156905278380338
"United States Natural Gas Fund, LP",2025-07-28,13.67,1,0,0.48276737,0.017556693489392927
"United States Natural Gas Fund, LP",2025-07-29,13.91,0,1,0.509937,-0.040258806613946874
"United States Natural Gas Fund, LP",2025-07-30,13.35,1,1,0.532237,0.01797752808988773
"United States Natural Gas Fund, LP",2025-07-31,13.59,1,0,0.47850165,0.002207505518763808
"United States Natural Gas Fund, LP",2025-08-01,13.62,0,0,0.43794167,-0.048458149779735615
"United States Natural Gas Fund, LP",2025-08-04,12.96,1,0,0.46616927,0.017746913580246826
"United States Natural Gas Fund, LP",2025-08-05,13.19,1,0,0.4946626,0.02653525398028811
"United States Natural Gas Fund, LP",2025-08-06,13.54,0,1,0.54346097,-0.0007385524372229835
"United States Natural Gas Fund, LP",2025-08-07,13.53,0,1,0.5258564,-0.024390243902439046
"United States Natural Gas Fund, LP",2025-08-08,13.2,0,1,0.6523661,-0.009848484848484773
"United States Natural Gas Fund, LP",2025-08-11,13.07,0,1,0.6627886,-0.06044376434583021
"United States Natural Gas Fund, LP",2025-08-12,12.28,1,1,0.68888044,0.009771986970684043
"United States Natural Gas Fund, LP",2025-08-13,12.4,1,1,0.6846939,0.00887096774193541
"United States Natural Gas Fund, LP",2025-08-14,12.51,1,1,0.5660285,0.025579536370903266
"United States Natural Gas Fund, LP",2025-08-15,12.83,0,1,0.50771755,-0.008573655494933718
"United States Natural Gas Fund, LP",2025-08-18,12.72,0,0,0.48580533,-0.04402515723270439
"United States Natural Gas Fund, LP",2025-08-19,12.16,0,1,0.53328925,-0.002467105263157854
"United States Natural Gas Fund, LP",2025-08-20,12.13,1,1,0.56683046,0.022258862324814555
"United States Natural Gas Fund, LP",2025-08-21,12.4,0,1,0.5741473,-0.039516129032258096
"United States Natural Gas Fund, LP",2025-08-22,11.91,1,1,0.5767524,0.0033585222502099388
"United States Natural Gas Fund, LP",2025-08-25,11.95,1,1,0.5644256,0.0016736401673640433
"United States Natural Gas Fund, LP",2025-08-26,11.97,1,1,0.5576963,0.018379281537176162
"United States Natural Gas Fund, LP",2025-08-27,12.19,1,1,0.5670069,0.031173092698933536
"United States Natural Gas Fund, LP",2025-08-28,12.57,1,1,0.5136297,0.020684168655529023
"United States Natural Gas Fund, LP",2025-08-29,12.83,0,1,0.58767056,-0.0038971161340608518
"United States Natural Gas Fund, LP",2025-09-02,12.78,1,1,0.6411849,0.021909233176838905
"United States Natural Gas Fund, LP",2025-09-03,13.06,1,1,0.5896085,0.003062787136294043
"United States Natural Gas Fund, LP",2025-09-04,13.1,0,1,0.5708269,-0.012213740458015265
"United States Natural Gas Fund, LP",2025-09-05,12.94,1,1,0.6380503,0.01700154559505407
"United States Natural Gas Fund, LP",2025-09-08,13.16,1,1,0.53120047,0.0075987841945288626
"United States Natural Gas Fund, LP",2025-09-09,13.26,0,1,0.565412,-0.02865761689291091
"United States Natural Gas Fund, LP",2025-09-10,12.88,0,1,0.59029454,-0.03571428571428581
"United States Natural Gas Fund, LP",2025-09-11,12.42,1,1,0.5783273,0.007246376811594235
"United States Natural Gas Fund, LP",2025-09-12,12.51,1,1,0.63915217,0.031974420463629194
"United States Natural Gas Fund, LP",2025-09-15,12.91,1,1,0.5862345,0.024012393493415995
"United States Natural Gas Fund, LP",2025-09-16,13.22,0,1,0.587257,-0.00907715582450841
"United States Natural Gas Fund, LP",2025-09-17,13.1,0,1,0.51579225,-0.03282442748091596
"United States Natural Gas Fund, LP",2025-09-18,12.67,0,1,0.53559476,-0.007892659826361448
"United States Natural Gas Fund, LP",2025-09-19,12.57,0,1,0.59054494,-0.03341288782816232
"United States Natural Gas Fund, LP",2025-09-22,12.15,1,1,0.7051519,0.01728395061728394
"United States Natural Gas Fund, LP",2025-09-23,12.36,0,1,0.61039877,0.0
"United States Natural Gas Fund, LP",2025-09-24,12.36,1,1,0.7019111,0.01860841423948223
"United States Natural Gas Fund, LP",2025-09-25,12.59,0,1,0.6652966,-0.009531374106433566
"United States Natural Gas Fund, LP",2025-09-26,12.47,1,1,0.6730884,0.028067361668003166
"United States Natural Gas Fund, LP",2025-09-29,12.82,1,1,0.6116174,0.01950078003120126
"United States Natural Gas Fund, LP",2025-09-30,13.07,1,1,0.72993785,0.0420811017597551
"United States Natural Gas Fund, LP",2025-10-01,13.62,0,1,0.6364882,-0.012481644640234935
"United States Natural Gas Fund, LP",2025-10-02,13.45,0,1,0.59185106,-0.029739776951672736
"United States Natural Gas Fund, LP",2025-10-03,13.05,1,1,0.5498631,0.019157088122605304
"United States Natural Gas Fund, LP",2025-10-06,13.3,1,1,0.5177505,0.03609022556390973
"United States Natural Gas Fund, LP",2025-10-07,13.78,0,0,0.49938986,-0.04934687953555872
"United States Natural Gas Fund, LP",2025-10-08,13.1,0,0,0.44232437,-0.027480916030534264
"United States Natural Gas Fund, LP",2025-10-09,12.74,0,1,0.5252693,-0.032182103610675084
"United States Natural Gas Fund, LP",2025-10-10,12.33,0,1,0.52208376,-0.012165450121654486
"United States Natural Gas Fund, LP",2025-10-13,12.18,0,1,0.5225843,-0.018883415435139606
"United States Natural Gas Fund, LP",2025-10-14,11.95,0,1,0.5355209,-0.0058577405857739295
"United States Natural Gas Fund, LP",2025-10-15,11.88,0,1,0.66589266,-0.025252525252525304
"United States Natural Gas Fund, LP",2025-10-16,11.58,1,1,0.62286854,0.025043177892918767
"United States Natural Gas Fund, LP",2025-10-17,11.87,1,1,0.6349383,0.08930075821398487
"United States Natural Gas Fund, LP",2025-10-20,12.93,1,1,0.59057015,0.017014694508894035
"United States Natural Gas Fund, LP",2025-10-21,13.15,0,0,0.44972715,-0.006844106463878341
"United States Natural Gas Fund, LP",2025-10-22,13.06,0,1,0.5958571,-0.009954058192955695
"United States Natural Gas Fund, LP",2025-10-23,12.93,1,1,0.5031525,0.0030935808197989356
"United States Natural Gas Fund, LP",2025-10-24,12.97,0,1,0.5262315,-0.006168080185042446
"United States Natural Gas Fund, LP",2025-10-27,12.89,0,0,0.43571368,-0.0426687354538402
"United States Natural Gas Fund, LP",2025-10-28,12.34,0,0,0.47437567,-0.010534846029173317
"United States Natural Gas Fund, LP",2025-10-29,12.21,1,0,0.43349165,0.04995904995904987
"United States Natural Gas Fund, LP",2025-10-30,12.82,1,0,0.48041973,0.03354134165366607
"United States Natural Gas Fund, LP",2025-10-31,13.25,1,1,0.5200809,0.03849056603773593
"United States Natural Gas Fund, LP",2025-11-03,13.76,1,0,0.47101477,0.012354651162790775
"United States Natural Gas Fund, LP",2025-11-04,13.93,0,1,0.604178,-0.02153625269203152
"United States Natural Gas Fund, LP",2025-11-05,13.63,1,1,0.583335,0.039618488628026416
"United States Natural Gas Fund, LP",2025-11-06,14.17,0,1,0.52324796,-0.015525758645024701
"United States Natural Gas Fund, LP",2025-11-07,13.95,1,0,0.47680905,0.010752688172043001
"United States Natural Gas Fund, LP",2025-11-10,14.1,1,1,0.50698286,0.03262411347517746
"United States Natural Gas Fund, LP",2025-11-11,14.56,1,0,0.44547206,0.006181318681318659
"United States Natural Gas Fund, LP",2025-11-12,14.65,1,0,0.44931012,0.01092150170648476
"United States Natural Gas Fund, LP",2025-11-13,14.81,0,0,0.49344626,-0.016880486158001307
"United States Natural Gas Fund, LP",2025-11-14,14.56,0,1,0.5893939,-0.030219780219780334
"United States Natural Gas Fund, LP",2025-11-17,14.12,1,1,0.5546092,0.00708215297450443
"United States Natural Gas Fund, LP",2025-11-18,14.22,1,1,0.5229293,0.033755274261603185
"United States Natural Gas Fund, LP",2025-11-19,14.7,0,0,0.44367597,-0.01904761904761898
"United States Natural Gas Fund, LP",2025-11-20,14.42,1,0,0.39637607,0.015950069348127593
"United States Natural Gas Fund, LP",2025-11-21,14.65,0,0,0.47567067,-0.01638225255972703
"United States Natural Gas Fund, LP",2025-11-24,14.41,0,0,0.45715454,-0.04024982650936848
"United States Natural Gas Fund, LP",2025-11-25,13.83,1,1,0.55433935,0.030368763557483636
"United States Natural Gas Fund, LP",2025-11-26,14.25,1,1,0.55864525,0.03368421052631576
"United States Natural Gas Fund, LP",2025-11-28,14.73,1,1,0.5513634,0.03258655804480659
"United States Natural Gas Fund, LP",2025-12-01,15.21,0,1,0.6078567,-0.01643655489809337
"United States Natural Gas Fund, LP",2025-12-02,14.96,1,1,0.5097934,0.03409090909090917
"United States Natural Gas Fund, LP",2025-12-03,15.47,1,0,0.44972995,0.012281835811247532
"United States Natural Gas Fund, LP",2025-12-04,15.66,1,0,0.49291763,0.045338441890166115
"United States Natural Gas Fund, LP",2025-12-05,16.37,0,1,0.5391695,-0.07941356139279176
"United States Natural Gas Fund, LP",2025-12-08,15.07,0,1,0.5687164,-0.06436629064366295
"United States Natural Gas Fund, LP",2025-12-09,14.1,1,1,0.6393232,0.01134751773049647
"United States Natural Gas Fund, LP",2025-12-10,14.26,0,1,0.6094512,-0.08274894810659184
"United States Natural Gas Fund, LP",2025-12-11,13.08,0,1,0.6474672,-0.02675840978593269
"United States Natural Gas Fund, LP",2025-12-12,12.73,0,1,0.58287686,-0.02120974076983495
"United States Natural Gas Fund, LP",2025-12-15,12.46,0,1,0.6346798,-0.02889245585874811
"United States Natural Gas Fund, LP",2025-12-16,12.1,1,1,0.58006406,0.044628099173553704
"United States Natural Gas Fund, LP",2025-12-17,12.64,0,1,0.6099035,-0.04825949367088622
"United States Natural Gas Fund, LP",2025-12-18,12.03,1,1,0.62724274,0.013300083125519446
"United States Natural Gas Fund, LP",2025-12-19,12.19,0,1,0.555047,-0.02789171452009842
"United States Natural Gas Fund, LP",2025-12-22,11.85,1,1,0.64628196,0.08860759493670889
"United States Natural Gas Fund, LP",2025-12-23,12.9,0,1,0.5264008,-0.03953488372093017
"United States Natural Gas Fund, LP",2025-12-24,12.39,1,1,0.591472,0.03389830508474567
"United States Natural Gas Fund, LP",2025-12-26,12.81,1,1,0.6753582,0.0187353629976581
"United States Natural Gas Fund, LP",2025-12-29,13.05,1,1,0.58689344,0.005363984674329414
"United States Natural Gas Fund, LP",2025-12-30,13.12,0,1,0.5333856,-0.06554878048780488
"United States Natural Gas Fund, LP",2025-12-31,12.26,0,1,0.5144473,-0.01631321370309946
"United States Natural Gas Fund, LP",2026-01-02,12.06,0,1,0.6435589,-0.03565505804311775
"United States Natural Gas Fund, LP",2026-01-05,11.63,0,1,0.66878617,-0.03009458297506462
"United States Natural Gas Fund, LP",2026-01-06,11.28,1,1,0.6544567,0.04432624113475181
"United States Natural Gas Fund, LP",2026-01-07,11.78,0,1,0.5606246,-0.04329371816638372
"United States Natural Gas Fund, LP",2026-01-08,11.27,0,1,0.5959049,-0.07719609582963616
"United States Natural Gas Fund, LP",2026-01-09,10.4,1,1,0.5801115,0.07499999999999996
"United States Natural Gas Fund, LP",2026-01-12,11.18,1,1,0.535087,0.012522361359570633
"United States Natural Gas Fund, LP",2026-01-13,11.32,0,1,0.50349677,-0.09540636042402828
"United States Natural Gas Fund, LP",2026-01-14,10.24,1,1,0.6207339,0.005859375
"United States Natural Gas Fund, LP",2026-01-15,10.3,1,1,0.62171453,0.002912621359223211
"United States Natural Gas Fund, LP",2026-01-16,10.33,1,1,0.59063274,0.1974830590513068
"United States Natural Gas Fund, LP",2026-01-20,12.37,1,1,0.52280045,0.10266774454325
"United States Natural Gas Fund, LP",2026-01-21,13.64,0,0,0.49526602,-0.01539589442815259
"United States Natural Gas Fund, LP",2026-01-22,13.43,1,0,0.49679294,0.04020848845867464
"United States Natural Gas Fund, LP",2026-01-23,13.97,1,0,0.494596,0.06156048675733716
"United States Natural Gas Fund, LP",2026-01-26,14.83,0,0,0.46159232,-0.008766014834794333
"United States Natural Gas Fund, LP",2026-01-27,14.7,0,1,0.54019445,-0.011564625850340127
"United States Natural Gas Fund, LP",2026-01-28,14.53,1,1,0.60409397,0.036476256022023534
"United States Natural Gas Fund, LP",2026-01-29,15.06,1,1,0.54578626,0.12217795484727745
"United States Natural Gas Fund, LP",2026-01-30,16.9,0,0,0.4746819,-0.24852071005917153
"United States Natural Gas Fund, LP",2026-02-02,12.7,1,1,0.5456996,0.022047244094488327
"United States Natural Gas Fund, LP",2026-02-03,12.98,1,1,0.55888414,0.036979969183358996
"United States Natural Gas Fund, LP",2026-02-04,13.46,1,1,0.56826556,0.004457652303120341
"United States Natural Gas Fund, LP",2026-02-05,13.52,0,1,0.6260147,-0.01849112426035504
"United States Natural Gas Fund, LP",2026-02-06,13.27,0,1,0.6060442,-0.08289374529012805
"United States Natural Gas Fund, LP",2026-02-09,12.17,0,1,0.6507687,-0.0032867707477403085
"United States Natural Gas Fund, LP",2026-02-10,12.13,1,1,0.5889067,0.015663643858202736
"United States Natural Gas Fund, LP",2026-02-11,12.32,1,1,0.5149504,0.008928571428571397
"United States Natural Gas Fund, LP",2026-02-12,12.43,1,1,0.55244815,0.0008045052292839916
"United States Natural Gas Fund, LP",2026-02-13,12.44,0,1,0.55447304,-0.04340836012861726
"United States Natural Gas Fund, LP",2026-02-17,11.9,0,1,0.59294623,-0.0025210084033614466
"United States Natural Gas Fund, LP",2026-02-18,11.87,0,1,0.61085147,-0.005897219882055493
"United States Natural Gas Fund, LP",2026-02-19,11.8,1,1,0.57556874,0.017796610169491522
"United States Natural Gas Fund, LP",2026-02-20,12.01,0,0,0.4646547,-0.02248126561198993
"United States Natural Gas Fund, LP",2026-02-23,11.74,0,1,0.6520555,-0.023850085178875546
"United States Natural Gas Fund, LP",2026-02-24,11.46,1,1,0.66595733,0.012216404886561838
"United States Natural Gas Fund, LP",2026-02-25,11.6,0,1,0.63962436,-0.01896551724137918
"United States Natural Gas Fund, LP",2026-02-26,11.38,1,1,0.5125872,0.012302284710017375
"United States Natural Gas Fund, LP",2026-02-27,11.52,1,1,0.6631318,0.04166666666666674
"United States Natural Gas Fund, LP",2026-03-02,12.0,1,1,0.6414329,0.023333333333333206
"United States Natural Gas Fund, LP",2026-03-03,12.28,0,1,0.6802599,-0.04071661237785018
"United States Natural Gas Fund, LP",2026-03-04,11.78,1,1,0.7006452,0.022920203735144362
"United States Natural Gas Fund, LP",2026-03-05,12.05,1,1,0.6606487,0.05809128630705396
"United States Natural Gas Fund, LP",2026-03-06,12.75,0,1,0.5604623,-0.03450980392156855
"United States Natural Gas Fund, LP",2026-03-09,12.31,0,1,0.58061284,-0.0032493907392364685
"United States Natural Gas Fund, LP",2026-03-10,12.27,1,1,0.6141181,0.04971475142624304
"United States Natural Gas Fund, LP",2026-03-11,12.88,1,1,0.5319945,0.012422360248447006
"United States Natural Gas Fund, LP",2026-03-12,13.04,0,1,0.5167572,-0.030674846625766805
"United States Natural Gas Fund, LP",2026-03-13,12.64,0,1,0.645614,-0.03401898734177211
"United States Natural Gas Fund, LP",2026-03-16,12.21,0,1,0.64818853,-0.0008190008190009923
"United States Natural Gas Fund, LP",2026-03-17,12.2,1,1,0.8182842,0.03852459016393439
"United States Natural Gas Fund, LP",2026-03-18,12.67,0,1,0.69102246,-0.008681925808997626
"United States Natural Gas Fund, LP",2026-03-19,12.56,0,0,0.48784336,-0.013535031847133783
"United States Natural Gas Fund, LP",2026-03-20,12.39,0,0,0.4878278,-0.053268765133171914
"United States Natural Gas Fund, LP",2026-03-23,11.73,0,1,0.6646073,0.0
"United States Natural Gas Fund, LP",2026-03-24,11.73,1,1,0.6410452,0.011082693947144007
"United States Natural Gas Fund, LP",2026-03-25,11.86,0,1,0.58742297,-0.001686340640809414
"United States Natural Gas Fund, LP",2026-03-26,11.84,1,0,0.45893437,0.03716216216216206
"United States Natural Gas Fund, LP",2026-03-27,12.28,0,1,0.50452554,-0.04885993485342022
"United States Natural Gas Fund, LP",2026-03-30,11.68,1,1,0.70040655,0.0042808219178083196
"United States Natural Gas Fund, LP",2026-03-31,11.73,0,1,0.7457841,-0.026427962489343648
"United States Natural Gas Fund, LP",2026-04-01,11.42,0,1,0.5489152,-0.0061295971978984065
"United States Natural Gas Fund, LP",2026-04-02,11.35,1,1,0.5436812,0.0017621145374449032
"United States Natural Gas Fund, LP",2026-04-06,11.37,1,1,0.7231664,0.015831134564644023
"United States Natural Gas Fund, LP",2026-04-07,11.55,0,1,0.679078,-0.04069264069264078
"United States Natural Gas Fund, LP",2026-04-08,11.08,0,1,0.5566724,-0.01805054151624541
"United States Natural Gas Fund, LP",2026-04-09,10.88,0,1,0.6045011,-0.01011029411764719
"United States Natural Gas Fund, LP",2026-04-10,10.77,0,1,0.7166099,-0.00835654596100277
"United States Natural Gas Fund, LP",2026-04-13,10.68,0,1,0.7338632,-0.011235955056179692
"United States Natural Gas Fund, LP",2026-04-14,10.56,1,1,0.7856253,0.0018939393939394478
"United States Natural Gas Fund, LP",2026-04-15,10.58,1,1,0.67672646,0.018903591682419618
"United States Natural Gas Fund, LP",2026-04-16,10.78,1,1,0.7186186,0.005565862708719838
"United States Natural Gas Fund, LP",2026-04-17,10.84,1,1,0.770205,0.0009225092250921829
"United States Natural Gas Fund, LP",2026-04-20,10.85,1,1,0.65329325,0.009216589861751112
"United States Natural Gas Fund, LP",2026-04-21,10.95,0,1,0.66173375,0.0
"United States Natural Gas Fund, LP",2026-04-22,10.95,0,1,0.6847263,-0.03926940639269405
"United States Natural Gas Fund, LP",2026-04-23,10.52,0,1,0.6744359,-0.019961977186311652
"United States Natural Gas Fund, LP",2026-04-24,10.31,1,1,0.7075312,0.01745877788554795
"United States Natural Gas Fund, LP",2026-04-27,10.49,0,1,0.6535124,-0.015252621544327938
"United States Natural Gas Fund, LP",2026-04-28,10.33,0,1,0.71471846,-0.01742497579864466
"United States Natural Gas Fund, LP",2026-04-29,10.15,1,1,0.69063824,0.04433497536945796
"United States Natural Gas Fund, LP",2026-04-30,10.6,0,0,0.37530315,0.0
"United States Natural Gas Fund, LP",2026-04-30,10.6,1,0,0.40604338,0.010377358490566202
"United States Natural Gas Fund, LP",2026-05-01,10.71,0,1,0.7619629,0.0
"United States Natural Gas Fund, LP",2026-05-01,10.71,0,0,0.49592796,0.0
"United States Natural Gas Fund, LP",2026-05-01,10.71,1,0,0.44334742,0.022408963585434094
"United States Natural Gas Fund, LP",2026-05-04,10.95,0,1,0.632448,-0.028310502283104944
"United States Natural Gas Fund, LP",2026-05-05,10.64,0,0,0.31161052,-0.017857142857143016
"United States Natural Gas Fund, LP",2026-05-06,10.45,1,0,0.23377909,0.02200956937799048
"United States Natural Gas Fund, LP",2026-05-07,10.68,0,0,0.4119692,-0.010299625468164764
"United States Natural Gas Fund, LP",2026-05-08,10.57,0,1,0.81514037,0.0
"United States Natural Gas Fund, LP",2026-05-08,10.57,0,1,0.5920041,0.0
"United States Oil Fund, LP",2025-06-05,69.93,1,1,0.5036762,0.020735020735020537
"United States Oil Fund, LP",2025-06-06,71.38,1,1,0.5339749,0.009386382740263377
"United States Oil Fund, LP",2025-06-09,72.05,0,0,0.4530135,-0.006245662734212343
"United States Oil Fund, LP",2025-06-10,71.6,1,0,0.4672829,0.044972067039106056
"United States Oil Fund, LP",2025-06-11,74.82,1,0,0.4963674,0.003074044373162277
"United States Oil Fund, LP",2025-06-12,75.05,1,0,0.48113936,0.06888740839440377
"United States Oil Fund, LP",2025-06-13,80.22,0,0,0.4575832,-0.0203191224133632
"United States Oil Fund, LP",2025-06-16,78.59,1,0,0.4745439,0.0472070237943758
"United States Oil Fund, LP",2025-06-17,82.3,0,0,0.43135914,-0.00036452004860265674
"United States Oil Fund, LP",2025-06-18,82.27,1,0,0.3624893,0.010331834204448942
"United States Oil Fund, LP",2025-06-20,83.12,0,1,0.5037542,-0.08072666025024067
"United States Oil Fund, LP",2025-06-23,76.41,0,0,0.4916397,-0.04462766653579375
"United States Oil Fund, LP",2025-06-24,73.0,1,1,0.56500006,0.004246575342465864
"United States Oil Fund, LP",2025-06-25,73.31,1,0,0.49863833,0.0038193970808892974
"United States Oil Fund, LP",2025-06-26,73.59,0,1,0.51519644,-0.004212528876206045
"United States Oil Fund, LP",2025-06-27,73.28,0,1,0.55406064,-0.0023198689956331897
"United States Oil Fund, LP",2025-06-30,73.11,1,1,0.5362024,0.011215975926685884
"United States Oil Fund, LP",2025-07-01,73.93,1,1,0.60692495,0.022453672392803936
"United States Oil Fund, LP",2025-07-02,75.59,0,1,0.6581883,-0.005291705252017498
"United States Oil Fund, LP",2025-07-03,75.19,1,1,0.63779277,0.017156536773507147
"United States Oil Fund, LP",2025-07-07,76.48,1,1,0.6362541,0.006276150627614996
"United States Oil Fund, LP",2025-07-08,76.96,0,1,0.5610652,-0.0003898128898127684
"United States Oil Fund, LP",2025-07-09,76.93,0,1,0.5005177,-0.020018198362147466
"United States Oil Fund, LP",2025-07-10,75.39,1,0,0.4071095,0.025202281469691057
"United States Oil Fund, LP",2025-07-11,77.29,0,0,0.42147478,-0.021606934920429532
"United States Oil Fund, LP",2025-07-14,75.62,0,0,0.48212728,-0.004760645331922775
"United States Oil Fund, LP",2025-07-15,75.26,0,0,0.45945168,-0.0009301089556206232
"United States Oil Fund, LP",2025-07-16,75.19,1,1,0.6015442,0.012900651682404618
"United States Oil Fund, LP",2025-07-17,76.16,0,1,0.52178216,-0.0030199579831931
"United States Oil Fund, LP",2025-07-18,75.93,0,1,0.51356816,-0.0044778085078361896
"United States Oil Fund, LP",2025-07-21,75.59,0,0,0.4935179,-0.003175023151210543
"United States Oil Fund, LP",2025-07-22,75.35,0,0,0.39140534,-0.0009289980092899164
"United States Oil Fund, LP",2025-07-23,75.28,1,0,0.47876155,0.010759829968119083
"United States Oil Fund, LP",2025-07-24,76.09,0,0,0.4706515,-0.016296490997503077
"United States Oil Fund, LP",2025-07-25,74.85,1,1,0.50328416,0.03099532398129612
"United States Oil Fund, LP",2025-07-28,77.17,1,0,0.44646248,0.034080601269923516
"United States Oil Fund, LP",2025-07-29,79.8,1,0,0.49042997,0.01553884711779463
"United States Oil Fund, LP",2025-07-30,81.04,0,1,0.5496767,-0.017892398815399835
"United States Oil Fund, LP",2025-07-31,79.59,0,1,0.51661575,-0.02676215604975507
"United States Oil Fund, LP",2025-08-01,77.46,0,0,0.44170213,-0.01742835011618893
"United States Oil Fund, LP",2025-08-04,76.11,0,0,0.48859218,-0.01432137695440816
"United States Oil Fund, LP",2025-08-05,75.02,0,1,0.60070133,-0.016395627832577864
"United States Oil Fund, LP",2025-08-06,73.79,0,1,0.68080854,-0.00501422957040254
"United States Oil Fund, LP",2025-08-07,73.42,0,1,0.68518007,-0.0016344320348679053
"United States Oil Fund, LP",2025-08-08,73.3,1,1,0.76435554,0.006821282401091366
"United States Oil Fund, LP",2025-08-11,73.8,0,1,0.769213,-0.011517615176151685
"United States Oil Fund, LP",2025-08-12,72.95,0,1,0.79258496,-0.006716929403701277
"United States Oil Fund, LP",2025-08-13,72.46,1,1,0.77292275,0.01766491857576602
"United States Oil Fund, LP",2025-08-14,73.74,0,1,0.5717467,-0.01274749118524543
"United States Oil Fund, LP",2025-08-15,72.8,1,0,0.44659644,0.005082417582417564
"United States Oil Fund, LP",2025-08-18,73.17,0,0,0.3926056,-0.011890118901189073
"United States Oil Fund, LP",2025-08-19,72.3,1,0,0.495068,0.016874135546334657
"United States Oil Fund, LP",2025-08-20,73.52,1,1,0.5513648,0.008297062023939095
"United States Oil Fund, LP",2025-08-21,74.13,1,1,0.6493679,0.0068798057466612494
"United States Oil Fund, LP",2025-08-22,74.64,1,1,0.68229944,0.014871382636655994
"United States Oil Fund, LP",2025-08-25,75.75,0,1,0.65625453,-0.022442244224422425
"United States Oil Fund, LP",2025-08-26,74.05,1,1,0.64521766,0.008507765023632707
"United States Oil Fund, LP",2025-08-27,74.68,1,1,0.68589395,0.007498660953401126
"United States Oil Fund, LP",2025-08-28,75.24,0,1,0.6214307,-0.005316321105794719
"United States Oil Fund, LP",2025-08-29,74.84,1,1,0.7145428,0.0256547300908605
"United States Oil Fund, LP",2025-09-02,76.76,0,1,0.714321,-0.02514330380406471
"United States Oil Fund, LP",2025-09-03,74.83,0,1,0.71654207,-0.008686355739676466
"United States Oil Fund, LP",2025-09-04,74.18,0,1,0.7477977,-0.020895119978430965
"United States Oil Fund, LP",2025-09-05,72.63,1,1,0.8045991,0.005645050254715844
"United States Oil Fund, LP",2025-09-08,73.04,1,1,0.64534974,0.004791894852135714
"United States Oil Fund, LP",2025-09-09,73.39,1,1,0.73520875,0.01798610164872594
"United States Oil Fund, LP",2025-09-10,74.71,0,1,0.67649233,-0.022888502208539552
"United States Oil Fund, LP",2025-09-11,73.0,1,1,0.6403747,0.004246575342465864
"United States Oil Fund, LP",2025-09-12,73.31,1,1,0.7288574,0.012549447551493786
"United States Oil Fund, LP",2025-09-15,74.23,1,1,0.6960613,0.01939916475818393
"United States Oil Fund, LP",2025-09-16,75.67,0,1,0.6964471,-0.009250693802035137
"United States Oil Fund, LP",2025-09-17,74.97,0,1,0.5687366,-0.0037348272642390157
"United States Oil Fund, LP",2025-09-18,74.69,0,1,0.59965986,-0.015664747623510555
"United States Oil Fund, LP",2025-09-19,73.52,0,1,0.71465784,-0.0009521218715994317
"United States Oil Fund, LP",2025-09-22,73.45,1,1,0.7865861,0.021783526208304815
"United States Oil Fund, LP",2025-09-23,75.05,1,1,0.5750379,0.01785476349100601
"United States Oil Fund, LP",2025-09-24,76.39,1,1,0.7385744,0.007854431208273338
"United States Oil Fund, LP",2025-09-25,76.99,1,1,0.7297708,0.0003896609949343155
"United States Oil Fund, LP",2025-09-26,77.02,0,1,0.72678727,-0.0315502466891715
"United States Oil Fund, LP",2025-09-29,74.59,0,1,0.7144239,-0.011261563212226933
"United States Oil Fund, LP",2025-09-30,73.75,0,1,0.81657135,-0.008271186440677925
"United States Oil Fund, LP",2025-10-01,73.14,0,1,0.7794804,-0.021875854525567284
"United States Oil Fund, LP",2025-10-02,71.54,1,1,0.7368396,0.002376292982946504
"United States Oil Fund, LP",2025-10-03,71.71,1,1,0.5478515,0.01617626551387552
"United States Oil Fund, LP",2025-10-06,72.87,1,1,0.58531725,0.0045286125977768155
"United States Oil Fund, LP",2025-10-07,73.2,1,1,0.5647533,0.004508196721311419
"United States Oil Fund, LP",2025-10-08,73.53,0,0,0.4361515,-0.013871889024887785
"United States Oil Fund, LP",2025-10-09,72.51,0,1,0.58558756,-0.04302854778651222
"United States Oil Fund, LP",2025-10-10,69.39,1,1,0.57822925,0.012826055627612076
"United States Oil Fund, LP",2025-10-13,70.28,0,0,0.4691097,-0.01821286283437684
"United States Oil Fund, LP",2025-10-14,69.0,0,1,0.50487345,-0.00014492753623196464
"United States Oil Fund, LP",2025-10-15,68.99,0,1,0.7922098,-0.017103928105522415
"United States Oil Fund, LP",2025-10-16,67.81,1,1,0.7438567,0.0025070048665389866
"United States Oil Fund, LP",2025-10-17,67.98,0,1,0.6717081,-0.0022065313327449543
"United States Oil Fund, LP",2025-10-20,67.83,1,1,0.6820259,0.006486805248415051
"United States Oil Fund, LP",2025-10-21,68.27,1,0,0.46272078,0.03456862457887788
"United States Oil Fund, LP",2025-10-22,70.63,1,1,0.6867879,0.03766105054509428
"United States Oil Fund, LP",2025-10-23,73.29,0,1,0.6002818,-0.001500886887706332
"United States Oil Fund, LP",2025-10-24,73.18,0,1,0.59956384,-0.0008198961464881416
"United States Oil Fund, LP",2025-10-27,73.12,0,0,0.3999223,-0.02365973741794314
"United States Oil Fund, LP",2025-10-28,71.39,1,0,0.42245495,0.005743101274688245
"United States Oil Fund, LP",2025-10-29,71.8,0,0,0.3916975,-0.001253481894150421
"United States Oil Fund, LP",2025-10-30,71.71,1,1,0.5304448,0.011853298005856994
"United States Oil Fund, LP",2025-10-31,72.56,1,1,0.6004728,0.0024807056229325664
"United States Oil Fund, LP",2025-11-03,72.74,0,1,0.5156252,-0.011135551278526057
"United States Oil Fund, LP",2025-11-04,71.93,0,1,0.6800936,-0.012512164604476683
"United States Oil Fund, LP",2025-11-05,71.03,0,1,0.8345317,-0.0021117837533437545
"United States Oil Fund, LP",2025-11-06,70.88,1,1,0.7135095,0.005361173814898645
"United States Oil Fund, LP",2025-11-07,71.26,1,1,0.5311371,0.005893909626718985
"United States Oil Fund, LP",2025-11-10,71.68,1,1,0.54389685,0.014508928571428381
"United States Oil Fund, LP",2025-11-11,72.72,0,0,0.4618387,-0.04029152915291523
"United States Oil Fund, LP",2025-11-12,69.79,1,1,0.59066904,0.0008597220232122726
"United States Oil Fund, LP",2025-11-13,69.85,1,1,0.69880795,0.02190408017179668
"United States Oil Fund, LP",2025-11-14,71.38,0,1,0.7605567,-0.0011207621182404148
"United States Oil Fund, LP",2025-11-17,71.3,1,1,0.61127853,0.016830294530154388
"United States Oil Fund, LP",2025-11-18,72.5,0,0,0.45284745,-0.022344827586206928
"United States Oil Fund, LP",2025-11-19,70.88,0,0,0.46880245,-0.010299097065462615
"United States Oil Fund, LP",2025-11-20,70.15,0,0,0.46632636,-0.012116892373485455
"United States Oil Fund, LP",2025-11-21,69.3,1,1,0.5575754,0.016161616161616266
"United States Oil Fund, LP",2025-11-24,70.42,0,0,0.4578114,-0.016614598125532565
"United States Oil Fund, LP",2025-11-25,69.25,1,1,0.67395633,0.011407942238267132
"United States Oil Fund, LP",2025-11-26,70.04,1,1,0.6483289,0.014705882352940902
"United States Oil Fund, LP",2025-11-28,71.07,0,1,0.64823747,-0.00014070634585605646
"United States Oil Fund, LP",2025-12-01,71.06,0,1,0.7818219,-0.012102448634956353
"United States Oil Fund, LP",2025-12-02,70.2,1,1,0.5830662,0.006552706552706455
"United States Oil Fund, LP",2025-12-03,70.66,1,1,0.5235251,0.010331163317294223
"United States Oil Fund, LP",2025-12-04,71.39,1,1,0.6305767,0.007424008964840967
"United States Oil Fund, LP",2025-12-05,71.92,0,1,0.757313,-0.019883203559510676
"United States Oil Fund, LP",2025-12-08,70.49,0,1,0.71035653,-0.00893743793445867
"United States Oil Fund, LP",2025-12-09,69.86,1,1,0.72816336,0.009733753220727337
"United States Oil Fund, LP",2025-12-10,70.54,0,1,0.6677888,-0.018287496455911656
"United States Oil Fund, LP",2025-12-11,69.25,0,1,0.69408655,-0.006353790613718324
"United States Oil Fund, LP",2025-12-12,68.81,0,1,0.60056937,-0.013370149687545463
"United States Oil Fund, LP",2025-12-15,67.89,0,1,0.6235714,-0.02533510089851232
"United States Oil Fund, LP",2025-12-16,66.17,1,1,0.5691294,0.027353785703491118
"United States Oil Fund, LP",2025-12-17,67.98,0,1,0.6762007,-0.011621065019123411
"United States Oil Fund, LP",2025-12-18,67.19,1,1,0.71888345,0.012501860395892406
"United States Oil Fund, LP",2025-12-19,68.03,1,1,0.6572628,0.024988975452006512
"United States Oil Fund, LP",2025-12-22,69.73,1,1,0.7399273,0.008174386920980936
"United States Oil Fund, LP",2025-12-23,70.3,0,1,0.6515443,-0.0014224751066855834
"United States Oil Fund, LP",2025-12-24,70.2,0,1,0.68218213,-0.02450142450142445
"United States Oil Fund, LP",2025-12-26,68.48,1,1,0.83869773,0.016501168224299034
"United States Oil Fund, LP",2025-12-29,69.61,1,1,0.74775904,0.0018675477661254103
"United States Oil Fund, LP",2025-12-30,69.74,0,1,0.6920045,-0.008316604531115601
"United States Oil Fund, LP",2025-12-31,69.16,0,1,0.5930582,-0.0028918449971081506
"United States Oil Fund, LP",2026-01-02,68.96,1,1,0.7031653,0.018271461716937498
"United States Oil Fund, LP",2026-01-05,70.22,0,1,0.7003123,-0.0243520364568498
"United States Oil Fund, LP",2026-01-06,68.51,0,1,0.76837933,-0.010509414683987695
"United States Oil Fund, LP",2026-01-07,67.79,1,1,0.7312054,0.04056645522938496
"United States Oil Fund, LP",2026-01-08,70.54,1,1,0.6913074,0.0034023249220300755
"United States Oil Fund, LP",2026-01-09,70.78,1,1,0.59549457,0.012291607798813331
"United States Oil Fund, LP",2026-01-12,71.65,1,0,0.4959028,0.025540823447313343
"United States Oil Fund, LP",2026-01-13,73.48,0,0,0.4893734,-0.01183995645073499
"United States Oil Fund, LP",2026-01-14,72.61,0,1,0.65257794,-0.020382867373640035
"United States Oil Fund, LP",2026-01-15,71.13,1,1,0.7457654,0.00731055813299597
"United States Oil Fund, LP",2026-01-16,71.65,1,1,0.7319524,0.0029309141660851523
"United States Oil Fund, LP",2026-01-20,71.86,1,1,0.7330429,0.0205956025605345
"United States Oil Fund, LP",2026-01-21,73.34,0,1,0.67292047,-0.020725388601036454
"United States Oil Fund, LP",2026-01-22,71.82,1,1,0.5978865,0.02965747702589816
"United States Oil Fund, LP",2026-01-23,73.95,0,1,0.56270385,-0.006355645706558444
"United States Oil Fund, LP",2026-01-26,73.48,1,1,0.60128856,0.029667936853565502
"United States Oil Fund, LP",2026-01-27,75.66,1,1,0.71876955,0.012688342585249979
"United States Oil Fund, LP",2026-01-28,76.62,1,1,0.7992133,0.03288958496476102
"United States Oil Fund, LP",2026-01-29,79.14,1,1,0.6475564,0.004801617386909207
"United States Oil Fund, LP",2026-01-30,79.52,0,1,0.534559,-0.05269114688128773
"United States Oil Fund, LP",2026-02-02,75.33,1,1,0.5209374,0.028408336652064214
"United States Oil Fund, LP",2026-02-03,77.47,1,1,0.55660164,0.005292371240480209
"United States Oil Fund, LP",2026-02-04,77.88,0,1,0.62857753,-0.015279917822290656
"United States Oil Fund, LP",2026-02-05,76.69,1,1,0.7372276,0.003911852914330494
"United States Oil Fund, LP",2026-02-06,76.99,1,1,0.6553625,0.013378360826081348
"United States Oil Fund, LP",2026-02-09,78.02,1,1,0.68485427,0.00012817226352224154
"United States Oil Fund, LP",2026-02-10,78.03,1,1,0.57732964,0.011021402024862237
"United States Oil Fund, LP",2026-02-11,78.89,0,0,0.4608086,-0.03181645328939031
"United States Oil Fund, LP",2026-02-12,76.38,0,1,0.6207102,-0.0020947892118354794
"United States Oil Fund, LP",2026-02-13,76.22,0,1,0.6565496,-0.006428758855943295
"United States Oil Fund, LP",2026-02-17,75.73,1,1,0.6186866,0.04846164003697351
"United States Oil Fund, LP",2026-02-18,79.4,1,1,0.653942,0.022544080604533834
"United States Oil Fund, LP",2026-02-19,81.19,0,1,0.593772,-0.004187707845793809
"United States Oil Fund, LP",2026-02-20,80.85,1,1,0.52735245,0.0006184291898578831
"United States Oil Fund, LP",2026-02-23,80.9,0,1,0.7643125,-0.001730531520395595
"United States Oil Fund, LP",2026-02-24,80.76,0,1,0.732334,-0.012753838533927753
"United States Oil Fund, LP",2026-02-25,79.73,1,1,0.6930064,0.0005016932145991415
"United States Oil Fund, LP",2026-02-26,79.77,1,1,0.51292473,0.027328569637708577
"United States Oil Fund, LP",2026-02-27,81.95,1,1,0.58958143,0.06394142769981692
"United States Oil Fund, LP",2026-03-02,87.19,1,1,0.5728348,0.034522307604083036
"United States Oil Fund, LP",2026-03-03,90.2,1,1,0.6991636,0.015077605321507814
"United States Oil Fund, LP",2026-03-04,91.56,1,1,0.7057829,0.05187854958497162
"United States Oil Fund, LP",2026-03-05,96.31,1,1,0.6555356,0.12937389679161027
"United States Oil Fund, LP",2026-03-06,108.77,0,1,0.515662,-0.04082007906591889
"United States Oil Fund, LP",2026-03-09,104.33,1,1,0.654103,0.014665005271733866
"United States Oil Fund, LP",2026-03-10,105.86,1,1,0.665848,0.020687700736822245
"United States Oil Fund, LP",2026-03-11,108.05,1,1,0.56662124,0.09569643683479878
"United States Oil Fund, LP",2026-03-12,118.39,1,1,0.5286287,0.012669989019342909
"United States Oil Fund, LP",2026-03-13,119.89,0,1,0.6684189,-0.040537159062473904
"United States Oil Fund, LP",2026-03-16,115.03,1,1,0.6940173,0.033121794314526554
"United States Oil Fund, LP",2026-03-17,118.84,1,1,0.87420017,0.023813530797711202
"United States Oil Fund, LP",2026-03-18,121.67,0,1,0.7913608,-0.03542368702227339
"United States Oil Fund, LP",2026-03-19,117.36,1,0,0.43915215,0.03467961826857535
"United States Oil Fund, LP",2026-03-20,121.43,0,0,0.3906005,-0.0895165939224245
"United States Oil Fund, LP",2026-03-23,110.56,1,1,0.69996434,0.03599855282199704
"United States Oil Fund, LP",2026-03-24,114.54,0,1,0.6792787,-0.010040160642570295
"United States Oil Fund, LP",2026-03-25,113.39,1,1,0.5191181,0.03412999382661619
"United States Oil Fund, LP",2026-03-26,117.26,1,0,0.3894948,0.05918471772130296
"United States Oil Fund, LP",2026-03-27,124.2,1,0,0.42011818,0.04533011272141718
"United States Oil Fund, LP",2026-03-30,129.83,0,1,0.5442255,-0.01987214049141195
"United States Oil Fund, LP",2026-03-31,127.25,0,1,0.7664344,-0.024833005893909577
"United States Oil Fund, LP",2026-04-01,124.09,1,1,0.5293106,0.11145136594407279
"United States Oil Fund, LP",2026-04-02,137.92,1,1,0.5295693,0.007395591647331834
"United States Oil Fund, LP",2026-04-06,138.94,0,1,0.7374275,-0.00618972218223679
"United States Oil Fund, LP",2026-04-07,138.08,0,1,0.7526528,-0.09776940903823883
"United States Oil Fund, LP",2026-04-08,124.58,1,1,0.58881444,0.019104190078664374
"United States Oil Fund, LP",2026-04-09,126.96,0,1,0.6698375,-0.016855702583490895
"United States Oil Fund, LP",2026-04-10,124.82,1,1,0.7618093,0.029242108636436503
"United States Oil Fund, LP",2026-04-13,128.47,0,1,0.71421605,-0.035961703121351274
"United States Oil Fund, LP",2026-04-14,123.85,0,1,0.85608953,-0.010173597093257936
"United States Oil Fund, LP",2026-04-15,122.59,1,1,0.7924831,0.026511134676564074
"United States Oil Fund, LP",2026-04-16,125.84,0,1,0.8138799,-0.07787666878575972
"United States Oil Fund, LP",2026-04-17,116.04,1,1,0.8091374,0.045501551189244926
"United States Oil Fund, LP",2026-04-20,121.32,1,1,0.672868,0.05712166172106836
"United States Oil Fund, LP",2026-04-21,128.25,1,1,0.66830456,0.008966861598440623
"United States Oil Fund, LP",2026-04-22,129.4,1,1,0.6890445,0.041112828438949034
"United States Oil Fund, LP",2026-04-23,134.72,0,1,0.6530543,-0.017220902612826605
"United States Oil Fund, LP",2026-04-24,132.4,1,1,0.63803095,0.017522658610271913
"United States Oil Fund, LP",2026-04-27,134.72,1,1,0.6404935,0.03622327790973867
"United States Oil Fund, LP",2026-04-28,139.6,1,1,0.6838942,0.07901146131805148
"United States Oil Fund, LP",2026-04-29,150.63,0,1,0.64400315,-0.023501294562836006
"United States Oil Fund, LP",2026-04-30,147.09,0,0,0.34847006,0.0
"United States Oil Fund, LP",2026-04-30,147.09,0,0,0.36788872,-0.029165816846828396
"United States Oil Fund, LP",2026-05-01,142.8,0,1,0.7779367,0.0
"United States Oil Fund, LP",2026-05-01,142.8,0,1,0.5012653,0.0
"United States Oil Fund, LP",2026-05-01,142.8,1,0,0.44079173,0.033683473389355845
"United States Oil Fund, LP",2026-05-04,147.61,0,1,0.67982084,-0.023304654156222626
"United States Oil Fund, LP",2026-05-05,144.17,0,0,0.29651886,-0.07088853436914755
"United States Oil Fund, LP",2026-05-06,133.95,1,0,0.20857437,0.007614781634938561
"United States Oil Fund, LP",2026-05-07,134.97,0,1,0.51807594,-0.01022449433207373
"United States Oil Fund, LP",2026-05-08,133.59,0,1,0.8806472,0.0
"United States Oil Fund, LP",2026-05-08,133.59,0,1,0.80879706,0.0
Invesco DB US Dollar Index Bullish Fund,2025-06-05,26.3984,1,1,0.5113191,0.005129098733256621
Invesco DB US Dollar Index Bullish Fund,2025-06-06,26.5338,0,1,0.5459062,-0.0025514626627168857
Invesco DB US Dollar Index Bullish Fund,2025-06-09,26.4661,1,1,0.50466406,0.0010957413445880082
Invesco DB US Dollar Index Bullish Fund,2025-06-10,26.4951,0,1,0.51060516,-0.003649731459779426
Invesco DB US Dollar Index Bullish Fund,2025-06-11,26.3984,0,1,0.5168663,-0.007326201587975034
Invesco DB US Dollar Index Bullish Fund,2025-06-12,26.205,1,0,0.48293465,0.002583476435794818
Invesco DB US Dollar Index Bullish Fund,2025-06-13,26.2727,1,1,0.52912545,0.0011038073741944654
Invesco DB US Dollar Index Bullish Fund,2025-06-16,26.3017,1,1,0.5227532,0.006619343996775884
Invesco DB US Dollar Index Bullish Fund,2025-06-17,26.4758,1,1,0.5119148,0.0018243074807937631
Invesco DB US Dollar Index Bullish Fund,2025-06-18,26.5241,0,0,0.47553796,-0.0010933452972956559
Invesco DB US Dollar Index Bullish Fund,2025-06-20,26.4951,0,1,0.53080964,-0.0040120626078029575
Invesco DB US Dollar Index Bullish Fund,2025-06-23,26.3888,0,0,0.4759034,-0.0051309646516704
Invesco DB US Dollar Index Bullish Fund,2025-06-24,26.2534,0,1,0.5472941,-0.0025787136142365608
Invesco DB US Dollar Index Bullish Fund,2025-06-25,26.1857,0,1,0.5140291,-0.004063286450238124
Invesco DB US Dollar Index Bullish Fund,2025-06-26,26.0793,1,1,0.5385199,0.0018558780335362624
Invesco DB US Dollar Index Bullish Fund,2025-06-27,26.1277,0,1,0.5738509,-0.005182239538880196
Invesco DB US Dollar Index Bullish Fund,2025-06-30,25.9923,0,1,0.5601598,-0.0003731874439737437
Invesco DB US Dollar Index Bullish Fund,2025-07-01,25.9826,0,1,0.6050145,-0.0007428048001355547
Invesco DB US Dollar Index Bullish Fund,2025-07-02,25.9633,1,1,0.57780457,0.00484144927647856
Invesco DB US Dollar Index Bullish Fund,2025-07-03,26.089,1,1,0.5691332,0.003334738778795643
Invesco DB US Dollar Index Bullish Fund,2025-07-07,26.176,1,1,0.56892514,0.0007411369193155437
Invesco DB US Dollar Index Bullish Fund,2025-07-08,26.1954,0,1,0.5639604,0.0
Invesco DB US Dollar Index Bullish Fund,2025-07-09,26.1954,1,1,0.55239385,0.0018438351771685735
Invesco DB US Dollar Index Bullish Fund,2025-07-10,26.2437,1,1,0.5045909,0.0029492792555927405
Invesco DB US Dollar Index Bullish Fund,2025-07-11,26.3211,1,1,0.51284945,0.0025720809540634715
Invesco DB US Dollar Index Bullish Fund,2025-07-14,26.3888,1,1,0.5172467,0.005494755350754943
Invesco DB US Dollar Index Bullish Fund,2025-07-15,26.5338,0,0,0.46649787,-0.0036444082641762243
Invesco DB US Dollar Index Bullish Fund,2025-07-16,26.4371,1,1,0.5050121,0.004387773242904736
Invesco DB US Dollar Index Bullish Fund,2025-07-17,26.5531,0,0,0.48010674,-0.0014536909061465542
Invesco DB US Dollar Index Bullish Fund,2025-07-18,26.5145,0,0,0.47703692,-0.006566218484225672
Invesco DB US Dollar Index Bullish Fund,2025-07-21,26.3404,0,0,0.49152097,-0.005140392704742536
Invesco DB US Dollar Index Bullish Fund,2025-07-22,26.205,0,0,0.49372134,-0.0014730013356228921
Invesco DB US Dollar Index Bullish Fund,2025-07-23,26.1664,1,1,0.51425487,0.0025834658187600112
Invesco DB US Dollar Index Bullish Fund,2025-07-24,26.234,1,0,0.4938194,0.0022146832354958956
Invesco DB US Dollar Index Bullish Fund,2025-07-25,26.2921,1,0,0.49038744,0.011398861254901638
Invesco DB US Dollar Index Bullish Fund,2025-07-28,26.5918,1,0,0.45175505,0.0025458976075332096
Invesco DB US Dollar Index Bullish Fund,2025-07-29,26.6595,1,0,0.4784192,0.009793882105815888
Invesco DB US Dollar Index Bullish Fund,2025-07-30,26.9206,1,1,0.5039666,0.0021544839268070604
Invesco DB US Dollar Index Bullish Fund,2025-07-31,26.9786,0,0,0.48866445,-0.011827893219069852
Invesco DB US Dollar Index Bullish Fund,2025-08-01,26.6595,0,0,0.47300142,-0.00036384778409204177
Invesco DB US Dollar Index Bullish Fund,2025-08-04,26.6498,0,0,0.47277084,0.0
Invesco DB US Dollar Index Bullish Fund,2025-08-05,26.6498,0,0,0.4804203,-0.005804921612920122
Invesco DB US Dollar Index Bullish Fund,2025-08-06,26.4951,0,1,0.5186104,-0.0007284365788391423
Invesco DB US Dollar Index Bullish Fund,2025-08-07,26.4758,1,0,0.47500813,0.0018243074807937631
Invesco DB US Dollar Index Bullish Fund,2025-08-08,26.5241,1,1,0.55840045,0.004011446194215784
Invesco DB US Dollar Index Bullish Fund,2025-08-11,26.6305,0,1,0.5619117,-0.005084395711683953
Invesco DB US Dollar Index Bullish Fund,2025-08-12,26.4951,0,1,0.52783155,-0.002555189450124784
Invesco DB US Dollar Index Bullish Fund,2025-08-13,26.4274,1,1,0.6032553,0.0036590811052166217
Invesco DB US Dollar Index Bullish Fund,2025-08-14,26.5241,0,1,0.5253537,-0.0032800358918869676
Invesco DB US Dollar Index Bullish Fund,2025-08-15,26.4371,1,0,0.46404022,0.0025607952460746652
Invesco DB US Dollar Index Bullish Fund,2025-08-18,26.5048,1,0,0.49902105,0.00255425432374512
Invesco DB US Dollar Index Bullish Fund,2025-08-19,26.5725,0,0,0.4999263,-0.0007300780882492086
Invesco DB US Dollar Index Bullish Fund,2025-08-20,26.5531,1,1,0.5481512,0.005099216287363761
Invesco DB US Dollar Index Bullish Fund,2025-08-21,26.6885,0,1,0.55281335,-0.009783239972272817
Invesco DB US Dollar Index Bullish Fund,2025-08-22,26.4274,1,1,0.54919285,0.008052248802379314
Invesco DB US Dollar Index Bullish Fund,2025-08-25,26.6402,0,1,0.53144586,-0.0025412722126709753
Invesco DB US Dollar Index Bullish Fund,2025-08-26,26.5725,1,1,0.53769326,0.0003650390441245488
Invesco DB US Dollar Index Bullish Fund,2025-08-27,26.5822,0,1,0.52657163,-0.003637772644852655
Invesco DB US Dollar Index Bullish Fund,2025-08-28,26.4855,0,0,0.49499243,-0.0007324762605953605
Invesco DB US Dollar Index Bullish Fund,2025-08-29,26.4661,1,1,0.5613599,0.006578226485957517
Invesco DB US Dollar Index Bullish Fund,2025-09-02,26.6402,0,1,0.5310256,-0.001816803177153381
Invesco DB US Dollar Index Bullish Fund,2025-09-03,26.5918,1,1,0.55304354,0.0014553358554141305
Invesco DB US Dollar Index Bullish Fund,2025-09-04,26.6305,0,1,0.5301647,-0.005084395711683953
Invesco DB US Dollar Index Bullish Fund,2025-09-05,26.4951,0,1,0.5751894,-0.0032836260289638153
Invesco DB US Dollar Index Bullish Fund,2025-09-08,26.4081,1,1,0.5787847,0.004029066839341011
Invesco DB US Dollar Index Bullish Fund,2025-09-09,26.5145,1,1,0.5806344,0.0007279035999170347
Invesco DB US Dollar Index Bullish Fund,2025-09-10,26.5338,0,1,0.56043434,-0.003278836804377794
Invesco DB US Dollar Index Bullish Fund,2025-09-11,26.4468,1,1,0.5523871,0.0014633150324423472
Invesco DB US Dollar Index Bullish Fund,2025-09-12,26.4855,0,1,0.56803644,-0.003288591871023705
Invesco DB US Dollar Index Bullish Fund,2025-09-15,26.3984,0,1,0.5847159,-0.006227650160615661
Invesco DB US Dollar Index Bullish Fund,2025-09-16,26.234,1,1,0.61336493,0.0033201189296332423
Invesco DB US Dollar Index Bullish Fund,2025-09-17,26.3211,1,0,0.49480584,0.004775636276599382
Invesco DB US Dollar Index Bullish Fund,2025-09-18,26.4468,1,1,0.5325609,0.002922848889090668
Invesco DB US Dollar Index Bullish Fund,2025-09-19,26.5241,0,1,0.53432256,-0.003645741043051487
Invesco DB US Dollar Index Bullish Fund,2025-09-22,26.4274,0,1,0.55262864,-0.0007303026404412716
Invesco DB US Dollar Index Bullish Fund,2025-09-23,26.4081,1,1,0.54145926,0.007323510589553939
Invesco DB US Dollar Index Bullish Fund,2025-09-24,26.6015,1,1,0.5581781,0.006905625622615208
Invesco DB US Dollar Index Bullish Fund,2025-09-25,26.7852,0,1,0.52812076,-0.003610202649224181
Invesco DB US Dollar Index Bullish Fund,2025-09-26,26.6885,0,1,0.5290652,-0.0021732206755719075
Invesco DB US Dollar Index Bullish Fund,2025-09-29,26.6305,0,1,0.5091233,-0.0010889769249544656
Invesco DB US Dollar Index Bullish Fund,2025-09-30,26.6015,0,1,0.5518187,-0.0003646410916678944
Invesco DB US Dollar Index Bullish Fund,2025-10-01,26.5918,1,1,0.5352717,0.0014553358554141305
Invesco DB US Dollar Index Bullish Fund,2025-10-02,26.6305,0,1,0.5586996,-0.0018137098439758859
Invesco DB US Dollar Index Bullish Fund,2025-10-03,26.5822,1,1,0.5115028,0.0047287282467214364
Invesco DB US Dollar Index Bullish Fund,2025-10-06,26.7079,1,0,0.49995095,0.005792293665919157
Invesco DB US Dollar Index Bullish Fund,2025-10-07,26.8626,1,1,0.5027869,0.002159135750076313
Invesco DB US Dollar Index Bullish Fund,2025-10-08,26.9206,1,0,0.4424723,0.006823770644041938
Invesco DB US Dollar Index Bullish Fund,2025-10-09,27.1043,0,0,0.48305732,-0.004995517316440434
Invesco DB US Dollar Index Bullish Fund,2025-10-10,26.9689,1,1,0.5026493,0.0035856115748138517
Invesco DB US Dollar Index Bullish Fund,2025-10-13,27.0656,0,0,0.47938016,-0.0028560238827146645
Invesco DB US Dollar Index Bullish Fund,2025-10-14,26.9883,0,0,0.495023,-0.002867909427418436
Invesco DB US Dollar Index Bullish Fund,2025-10-15,26.9109,0,1,0.56972843,-0.003950072275546335
Invesco DB US Dollar Index Bullish Fund,2025-10-16,26.8046,1,1,0.5324836,0.0010819038523237623
Invesco DB US Dollar Index Bullish Fund,2025-10-17,26.8336,1,1,0.57927877,0.0025229562936019967
Invesco DB US Dollar Index Bullish Fund,2025-10-20,26.9013,1,1,0.5995534,0.00395148189864436
Invesco DB US Dollar Index Bullish Fund,2025-10-21,27.0076,0,0,0.44044167,-0.0010737718271893737
Invesco DB US Dollar Index Bullish Fund,2025-10-22,26.9786,1,1,0.5357905,0.0003595442313537589
Invesco DB US Dollar Index Bullish Fund,2025-10-23,26.9883,0,0,0.486587,0.0
Invesco DB US Dollar Index Bullish Fund,2025-10-24,26.9883,0,1,0.5079091,-0.001074539707947464
Invesco DB US Dollar Index Bullish Fund,2025-10-27,26.9593,0,0,0.4641051,-0.0007196032537936103
Invesco DB US Dollar Index Bullish Fund,2025-10-28,26.9399,1,1,0.5064125,0.005746123779227119
Invesco DB US Dollar Index Bullish Fund,2025-10-29,27.0947,1,0,0.4493377,0.003923276507951767
Invesco DB US Dollar Index Bullish Fund,2025-10-30,27.201,1,0,0.48366714,0.002845483621925604
Invesco DB US Dollar Index Bullish Fund,2025-10-31,27.2784,1,0,0.49625644,0.0007075195026100545
Invesco DB US Dollar Index Bullish Fund,2025-11-03,27.2977,1,0,0.4682423,0.003187081695527505
Invesco DB US Dollar Index Bullish Fund,2025-11-04,27.3847,1,1,0.5152014,0.00035421238866972793
Invesco DB US Dollar Index Bullish Fund,2025-11-05,27.3944,0,1,0.5042902,-0.005293052594690817
Invesco DB US Dollar Index Bullish Fund,2025-11-06,27.2494,0,1,0.58220905,-0.0007119422812980059
Invesco DB US Dollar Index Bullish Fund,2025-11-07,27.23,1,1,0.5384046,0.0007124495042232226
Invesco DB US Dollar Index Bullish Fund,2025-11-10,27.2494,0,1,0.5741302,-0.0014202147570222534
Invesco DB US Dollar Index Bullish Fund,2025-11-11,27.2107,1,1,0.51080626,0.00035647741513455955
Invesco DB US Dollar Index Bullish Fund,2025-11-12,27.2204,0,0,0.4504098,-0.0028434556435614766
Invesco DB US Dollar Index Bullish Fund,2025-11-13,27.143,1,1,0.52514076,0.0014257819695684404
Invesco DB US Dollar Index Bullish Fund,2025-11-14,27.1817,1,1,0.60078084,0.0024906462804019647
Invesco DB US Dollar Index Bullish Fund,2025-11-17,27.2494,1,1,0.5570812,0.0010642436163732505
Invesco DB US Dollar Index Bullish Fund,2025-11-18,27.2784,1,1,0.51438296,0.0063786732359669696
Invesco DB US Dollar Index Bullish Fund,2025-11-19,27.4524,1,1,0.5035348,0.0007066777403796909
Invesco DB US Dollar Index Bullish Fund,2025-11-20,27.4718,0,0,0.45439255,-0.0007061786996119812
Invesco DB US Dollar Index Bullish Fund,2025-11-21,27.4524,0,1,0.51989496,0.0
Invesco DB US Dollar Index Bullish Fund,2025-11-24,27.4524,0,0,0.46416226,-0.002815782955224333
Invesco DB US Dollar Index Bullish Fund,2025-11-25,27.3751,0,0,0.47462416,-0.002827386931919862
Invesco DB US Dollar Index Bullish Fund,2025-11-26,27.2977,0,1,0.5187733,-0.0007070192726859048
Invesco DB US Dollar Index Bullish Fund,2025-11-28,27.2784,0,1,0.5123261,-0.00035559270338447746
Invesco DB US Dollar Index Bullish Fund,2025-12-01,27.2687,0,1,0.52882123,-0.0003557191945343652
Invesco DB US Dollar Index Bullish Fund,2025-12-02,27.259,0,0,0.4831295,-0.004963498294141444
Invesco DB US Dollar Index Bullish Fund,2025-12-03,27.1237,1,1,0.53000605,0.0021383513311237223
Invesco DB US Dollar Index Bullish Fund,2025-12-04,27.1817,0,1,0.5693329,-0.001066894270777774
Invesco DB US Dollar Index Bullish Fund,2025-12-05,27.1527,1,1,0.6128918,0.0014215897498222052
Invesco DB US Dollar Index Bullish Fund,2025-12-08,27.1913,1,1,0.5678334,0.001423249348137201
Invesco DB US Dollar Index Bullish Fund,2025-12-09,27.23,0,1,0.61231804,-0.0053250091810502775
Invesco DB US Dollar Index Bullish Fund,2025-12-10,27.085,0,1,0.6191497,-0.0035702418312719697
Invesco DB US Dollar Index Bullish Fund,2025-12-11,26.9883,1,1,0.58725405,0.00143395471370944
Invesco DB US Dollar Index Bullish Fund,2025-12-12,27.027,0,1,0.5277295,-0.0007178007178006984
Invesco DB US Dollar Index Bullish Fund,2025-12-15,27.0076,0,1,0.5887961,-0.0010737718271893737
Invesco DB US Dollar Index Bullish Fund,2025-12-16,26.9786,1,1,0.5871316,0.002149852105001626
Invesco DB US Dollar Index Bullish Fund,2025-12-17,27.0366,1,1,0.6352243,0.0007175458452617356
Invesco DB US Dollar Index Bullish Fund,2025-12-18,27.056,1,1,0.64883554,0.0032155529272619443
Invesco DB US Dollar Index Bullish Fund,2025-12-19,27.143,0,1,0.5417166,-0.004163135983494826
Invesco DB US Dollar Index Bullish Fund,2025-12-22,27.03,0,1,0.55838484,-0.0033296337402886067
Invesco DB US Dollar Index Bullish Fund,2025-12-23,26.94,1,0,0.4845787,0.000371195248700662
Invesco DB US Dollar Index Bullish Fund,2025-12-24,26.95,1,1,0.5298226,0.0007421150278292821
Invesco DB US Dollar Index Bullish Fund,2025-12-26,26.97,1,1,0.63765866,0.0003707823507601571
Invesco DB US Dollar Index Bullish Fund,2025-12-29,26.98,1,1,0.58084303,0.0025945144551520194
Invesco DB US Dollar Index Bullish Fund,2025-12-30,27.05,0,1,0.5373457,-0.0007393715341958984
Invesco DB US Dollar Index Bullish Fund,2025-12-31,27.03,1,0,0.47791427,0.002959674435812021
Invesco DB US Dollar Index Bullish Fund,2026-01-02,27.11,0,1,0.5640768,-0.0014754703061600205
Invesco DB US Dollar Index Bullish Fund,2026-01-05,27.07,1,1,0.56633323,0.003324713705208815
Invesco DB US Dollar Index Bullish Fund,2026-01-06,27.16,1,1,0.5454925,0.0014727540500736325
Invesco DB US Dollar Index Bullish Fund,2026-01-07,27.2,1,1,0.5578537,0.0025735294117648078
Invesco DB US Dollar Index Bullish Fund,2026-01-08,27.27,1,1,0.56939304,0.002200220022002153
Invesco DB US Dollar Index Bullish Fund,2026-01-09,27.33,0,1,0.5319644,-0.0018294914013903263
Invesco DB US Dollar Index Bullish Fund,2026-01-12,27.28,1,1,0.5050354,0.002565982404692191
Invesco DB US Dollar Index Bullish Fund,2026-01-13,27.35,0,1,0.52514255,-0.0007312614259599171
Invesco DB US Dollar Index Bullish Fund,2026-01-14,27.33,1,1,0.56082326,0.0036589828027808746
Invesco DB US Dollar Index Bullish Fund,2026-01-15,27.43,0,1,0.5627646,0.0
Invesco DB US Dollar Index Bullish Fund,2026-01-16,27.43,0,1,0.55398756,-0.00802041560335398
Invesco DB US Dollar Index Bullish Fund,2026-01-20,27.21,1,1,0.53493434,0.0022050716648289725
Invesco DB US Dollar Index Bullish Fund,2026-01-21,27.27,0,1,0.5242819,-0.004400440044004417
Invesco DB US Dollar Index Bullish Fund,2026-01-22,27.15,0,1,0.5197227,-0.008839779005524795
Invesco DB US Dollar Index Bullish Fund,2026-01-23,26.91,0,1,0.5094175,-0.004830917874396046
Invesco DB US Dollar Index Bullish Fund,2026-01-26,26.78,0,1,0.63997155,-0.011575802837938798
Invesco DB US Dollar Index Bullish Fund,2026-01-27,26.47,1,1,0.7131935,0.00604457876841713
Invesco DB US Dollar Index Bullish Fund,2026-01-28,26.63,0,1,0.69026893,-0.0015020653398422068
Invesco DB US Dollar Index Bullish Fund,2026-01-29,26.59,1,1,0.6549712,0.009778112072207579
Invesco DB US Dollar Index Bullish Fund,2026-01-30,26.85,1,1,0.6628141,0.005214152700186103
Invesco DB US Dollar Index Bullish Fund,2026-02-02,26.99,0,1,0.6505278,-0.002593553167839824
Invesco DB US Dollar Index Bullish Fund,2026-02-03,26.92,1,1,0.6391744,0.0033432392273402556
Invesco DB US Dollar Index Bullish Fund,2026-02-04,27.01,1,1,0.60260946,0.0029618659755645815
Invesco DB US Dollar Index Bullish Fund,2026-02-05,27.09,0,1,0.6003147,-0.0029531192321888833
Invesco DB US Dollar Index Bullish Fund,2026-02-06,27.01,0,1,0.64269745,-0.00814513143280271
Invesco DB US Dollar Index Bullish Fund,2026-02-09,26.79,1,1,0.65939957,0.00037327360955585753
Invesco DB US Dollar Index Bullish Fund,2026-02-10,26.8,1,1,0.60271317,0.0011194029850745135
Invesco DB US Dollar Index Bullish Fund,2026-02-11,26.83,0,1,0.54113114,-0.000372717107715137
Invesco DB US Dollar Index Bullish Fund,2026-02-12,26.82,0,1,0.53018826,0.0
Invesco DB US Dollar Index Bullish Fund,2026-02-13,26.82,1,1,0.56526095,0.003355704697986628
Invesco DB US Dollar Index Bullish Fund,2026-02-17,26.91,1,1,0.5983005,0.006317354143440923
Invesco DB US Dollar Index Bullish Fund,2026-02-18,27.08,1,1,0.5830321,0.001477104874446189
Invesco DB US Dollar Index Bullish Fund,2026-02-19,27.12,0,1,0.58846563,-0.0011061946902655162
Invesco DB US Dollar Index Bullish Fund,2026-02-20,27.09,0,1,0.5158173,0.0
Invesco DB US Dollar Index Bullish Fund,2026-02-23,27.09,1,1,0.5918945,0.0007382798080473041
Invesco DB US Dollar Index Bullish Fund,2026-02-24,27.11,0,1,0.59200776,-0.0011066027296201542
Invesco DB US Dollar Index Bullish Fund,2026-02-25,27.08,1,1,0.593706,0.0007385524372232055
Invesco DB US Dollar Index Bullish Fund,2026-02-26,27.1,0,1,0.6202054,-0.0007380073800739018
Invesco DB US Dollar Index Bullish Fund,2026-02-27,27.08,1,1,0.58525956,0.00923190546528807
Invesco DB US Dollar Index Bullish Fund,2026-03-02,27.33,1,1,0.54726034,0.004756677643615204
Invesco DB US Dollar Index Bullish Fund,2026-03-03,27.46,0,1,0.58498657,-0.0018208302986162384
Invesco DB US Dollar Index Bullish Fund,2026-03-04,27.41,1,1,0.62231547,0.002553812477198214
Invesco DB US Dollar Index Bullish Fund,2026-03-05,27.48,0,1,0.59119827,-0.0003639010189229186
Invesco DB US Dollar Index Bullish Fund,2026-03-06,27.47,0,1,0.5161166,-0.00036403349108116156
Invesco DB US Dollar Index Bullish Fund,2026-03-09,27.46,0,1,0.57773393,-0.0003641660597233365
Invesco DB US Dollar Index Bullish Fund,2026-03-10,27.45,1,1,0.60402507,0.0036429872495447047
Invesco DB US Dollar Index Bullish Fund,2026-03-11,27.55,1,1,0.529896,0.004718693284936348
Invesco DB US Dollar Index Bullish Fund,2026-03-12,27.68,1,1,0.55099994,0.007586705202312194
Invesco DB US Dollar Index Bullish Fund,2026-03-13,27.89,0,1,0.58386075,-0.0057368232341341585
Invesco DB US Dollar Index Bullish Fund,2026-03-16,27.73,0,1,0.50759524,-0.0018031013342950653
Invesco DB US Dollar Index Bullish Fund,2026-03-17,27.68,1,1,0.6311251,0.006141618497109924
Invesco DB US Dollar Index Bullish Fund,2026-03-18,27.85,0,1,0.60836893,-0.009694793536804469
Invesco DB US Dollar Index Bullish Fund,2026-03-19,27.58,1,1,0.52714366,0.0036258158085569203
Invesco DB US Dollar Index Bullish Fund,2026-03-20,27.68,0,1,0.5532376,-0.00433526011560692
Invesco DB US Dollar Index Bullish Fund,2026-03-23,27.56,1,1,0.6187838,0.0032656023222061847
Invesco DB US Dollar Index Bullish Fund,2026-03-24,27.65,1,1,0.5933616,0.001808318264014508
Invesco DB US Dollar Index Bullish Fund,2026-03-25,27.7,1,1,0.54988265,0.003971119133574064
Invesco DB US Dollar Index Bullish Fund,2026-03-26,27.81,1,1,0.5676123,0.0010787486515642097
Invesco DB US Dollar Index Bullish Fund,2026-03-27,27.84,1,1,0.5489224,0.005028735632183867
Invesco DB US Dollar Index Bullish Fund,2026-03-30,27.98,0,1,0.58739763,-0.0071479628305932685
Invesco DB US Dollar Index Bullish Fund,2026-03-31,27.78,0,1,0.66448104,-0.0017998560115191076
Invesco DB US Dollar Index Bullish Fund,2026-04-01,27.73,1,1,0.55654913,0.004688063469166837
Invesco DB US Dollar Index Bullish Fund,2026-04-02,27.86,0,1,0.60203886,-0.001076812634601576
Invesco DB US Dollar Index Bullish Fund,2026-04-06,27.83,0,1,0.6620562,-0.002874595759971177
Invesco DB US Dollar Index Bullish Fund,2026-04-07,27.75,0,1,0.5587136,-0.007927927927927847
Invesco DB US Dollar Index Bullish Fund,2026-04-08,27.53,0,1,0.5638968,-0.0018162005085361477
Invesco DB US Dollar Index Bullish Fund,2026-04-09,27.48,0,1,0.64518535,-0.0014556040756913413
Invesco DB US Dollar Index Bullish Fund,2026-04-10,27.44,0,1,0.6789849,-0.0021865889212828726
Invesco DB US Dollar Index Bullish Fund,2026-04-13,27.38,0,1,0.7156396,-0.0021913805697588717
Invesco DB US Dollar Index Bullish Fund,2026-04-14,27.32,0,1,0.7216968,-0.001098096632503709
Invesco DB US Dollar Index Bullish Fund,2026-04-15,27.29,1,1,0.69328636,0.0029314767314034818
Invesco DB US Dollar Index Bullish Fund,2026-04-16,27.37,0,1,0.79972476,-0.00036536353671912103
Invesco DB US Dollar Index Bullish Fund,2026-04-17,27.36,0,1,0.72987396,-0.0014619883040934978
Invesco DB US Dollar Index Bullish Fund,2026-04-20,27.32,1,1,0.68867093,0.0054904831625182116
Invesco DB US Dollar Index Bullish Fund,2026-04-21,27.47,1,1,0.6888142,0.0003640334910812726
Invesco DB US Dollar Index Bullish Fund,2026-04-22,27.48,1,1,0.6548168,0.001819505094614371
Invesco DB US Dollar Index Bullish Fund,2026-04-23,27.53,0,1,0.6299223,-0.0018162005085361477
Invesco DB US Dollar Index Bullish Fund,2026-04-24,27.48,0,1,0.64864165,-0.0010917030567686448
Invesco DB US Dollar Index Bullish Fund,2026-04-27,27.45,1,1,0.61623895,0.0029143897996357637
Invesco DB US Dollar Index Bullish Fund,2026-04-28,27.53,1,1,0.6653674,0.002905920813657703
Invesco DB US Dollar Index Bullish Fund,2026-04-29,27.61,0,1,0.6469176,-0.00905469032959072
Invesco DB US Dollar Index Bullish Fund,2026-04-30,27.36,0,0,0.3575928,0.0
Invesco DB US Dollar Index Bullish Fund,2026-04-30,27.36,1,1,0.5298844,0.001827485380117011
Invesco DB US Dollar Index Bullish Fund,2026-05-01,27.41,0,0,0.28876245,0.0
Invesco DB US Dollar Index Bullish Fund,2026-05-01,27.41,0,0,0.3189058,0.0
Invesco DB US Dollar Index Bullish Fund,2026-05-01,27.41,1,0,0.4825706,0.002553812477198214
Invesco DB US Dollar Index Bullish Fund,2026-05-04,27.48,1,1,0.72982764,0.0007278020378456151
Invesco DB US Dollar Index Bullish Fund,2026-05-05,27.5,0,0,0.35871232,-0.005454545454545379
Invesco DB US Dollar Index Bullish Fund,2026-05-06,27.35,1,0,0.32204628,0.002193784277879196
Invesco DB US Dollar Index Bullish Fund,2026-05-07,27.41,0,1,0.53351223,-0.002553812477198103
Invesco DB US Dollar Index Bullish Fund,2026-05-08,27.34,0,1,0.7270545,0.0
Invesco DB US Dollar Index Bullish Fund,2026-05-08,27.34,0,1,0.6412195,0.0
Vanguard S&P 500 ETF,2025-06-05,538.6332,1,0,0.48402125,0.010218642296835778
Vanguard S&P 500 ETF,2025-06-06,544.1373,1,0,0.4365284,0.0010712369837539981
Vanguard S&P 500 ETF,2025-06-09,544.7202,1,1,0.59569263,0.005696318954208079
Vanguard S&P 500 ETF,2025-06-10,547.8231,0,1,0.6402172,-0.0027598325079756236
Vanguard S&P 500 ETF,2025-06-11,546.3112,1,1,0.6940389,0.0037802629709953184
Vanguard S&P 500 ETF,2025-06-12,548.3764,0,1,0.5617759,-0.011135964275632682
Vanguard S&P 500 ETF,2025-06-13,542.2697,1,0,0.26697236,0.00965774041957368
Vanguard S&P 500 ETF,2025-06-16,547.5068,0,0,0.2621267,-0.008518615659202755
Vanguard S&P 500 ETF,2025-06-17,542.8428,0,1,0.63005453,-0.0002002421327131909
Vanguard S&P 500 ETF,2025-06-18,542.7341,0,1,0.79104495,-0.0027674693740453726
Vanguard S&P 500 ETF,2025-06-20,541.2321,1,1,0.6625701,0.010297245858107873
Vanguard S&P 500 ETF,2025-06-23,546.8053,1,1,0.512817,0.01098727462956206
Vanguard S&P 500 ETF,2025-06-24,552.8132,1,1,0.55800736,0.0005003498469282608
Vanguard S&P 500 ETF,2025-06-25,553.0898,1,1,0.61656296,0.007914808770655313
Vanguard S&P 500 ETF,2025-06-26,557.4674,1,1,0.8031252,0.0049633395603043695
Vanguard S&P 500 ETF,2025-06-27,560.2343,1,1,0.7988087,0.004998087407358076
Vanguard S&P 500 ETF,2025-06-30,563.0344,0,1,0.6458627,-0.00045769849941668106
Vanguard S&P 500 ETF,2025-07-01,562.7767,1,0,0.4759432,0.004438350059623897
Vanguard S&P 500 ETF,2025-07-02,565.2745,1,1,0.7883659,0.008644826540026074
Vanguard S&P 500 ETF,2025-07-03,570.1612,0,1,0.76966244,-0.008014400138066313
Vanguard S&P 500 ETF,2025-07-07,565.5917,0,1,0.83992994,-0.0006658513553150502
Vanguard S&P 500 ETF,2025-07-08,565.2151,1,1,0.63947517,0.005927300951443115
Vanguard S&P 500 ETF,2025-07-09,568.5653,1,0,0.45432317,0.002928951168845506
Vanguard S&P 500 ETF,2025-07-10,570.2306,0,0,0.3134512,-0.003598193432621799
Vanguard S&P 500 ETF,2025-07-11,568.1788,1,0,0.41168267,0.001971210471070073
Vanguard S&P 500 ETF,2025-07-14,569.2988,0,0,0.49018064,-0.0043353332204459916
Vanguard S&P 500 ETF,2025-07-15,566.8307,1,1,0.50925183,0.0032875777546983453
Vanguard S&P 500 ETF,2025-07-16,568.6942,1,1,0.7610483,0.005995665157126462
Vanguard S&P 500 ETF,2025-07-17,572.1039,0,1,0.7813572,-0.0004502678621836065
Vanguard S&P 500 ETF,2025-07-18,571.8463,1,1,0.7461605,0.0017852699230545
Vanguard S&P 500 ETF,2025-07-21,572.8672,0,1,0.77379185,0.0
Vanguard S&P 500 ETF,2025-07-22,572.8672,1,0,0.39546734,0.008495511699744718
Vanguard S&P 500 ETF,2025-07-23,577.734,1,0,0.3519692,0.0006864750906125927
Vanguard S&P 500 ETF,2025-07-24,578.1306,1,0,0.3638383,0.003977474985755958
Vanguard S&P 500 ETF,2025-07-25,580.4301,0,0,0.20249334,-0.0002389607292938578
Vanguard S&P 500 ETF,2025-07-28,580.2914,0,0,0.48499078,-0.0025964541263232555
Vanguard S&P 500 ETF,2025-07-29,578.7847,0,1,0.8327761,-0.001215996207225234
Vanguard S&P 500 ETF,2025-07-30,578.0809,0,1,0.88735896,-0.0037550107606045824
Vanguard S&P 500 ETF,2025-07-31,575.9102,0,0,0.4967027,-0.01647097064785452
Vanguard S&P 500 ETF,2025-08-01,566.4244,1,0,0.15853897,0.015206972016036158
Vanguard S&P 500 ETF,2025-08-04,575.038,0,0,0.20033479,-0.004809247388868121
Vanguard S&P 500 ETF,2025-08-05,572.2725,1,1,0.7450567,0.007430551004984576
Vanguard S&P 500 ETF,2025-08-06,576.5248,0,1,0.8292288,-0.0006017087209431171
Vanguard S&P 500 ETF,2025-08-07,576.1779,1,1,0.8361817,0.0076552745254547805
Vanguard S&P 500 ETF,2025-08-08,580.5887,0,1,0.82226694,-0.002048782554672668
Vanguard S&P 500 ETF,2025-08-11,579.3992,1,1,0.83827233,0.010675195961609818
Vanguard S&P 500 ETF,2025-08-12,585.5844,1,1,0.56237024,0.003486773213220884
Vanguard S&P 500 ETF,2025-08-13,587.6262,1,1,0.66300875,1.6847444855194738e-05
Vanguard S&P 500 ETF,2025-08-14,587.6361,0,1,0.614866,-0.0021589892111802955
Vanguard S&P 500 ETF,2025-08-15,586.3674,0,0,0.14251308,-0.0003550674884038596
Vanguard S&P 500 ETF,2025-08-18,586.1592,0,0,0.2035918,-0.005461826752868548
Vanguard S&P 500 ETF,2025-08-19,582.9577,0,0,0.37770346,-0.002635525699377639
Vanguard S&P 500 ETF,2025-08-20,581.4213,0,1,0.65426224,-0.003937936226278471
Vanguard S&P 500 ETF,2025-08-21,579.1317,1,1,0.83529925,0.015301010115661207
Vanguard S&P 500 ETF,2025-08-22,587.993,0,1,0.7214082,-0.004231172820084783
Vanguard S&P 500 ETF,2025-08-25,585.5051,1,1,0.775752,0.003995182962539534
Vanguard S&P 500 ETF,2025-08-26,587.8443,1,1,0.6836448,0.0022931242167356647
Vanguard S&P 500 ETF,2025-08-27,589.1923,1,1,0.607809,0.0035329721722432428
Vanguard S&P 500 ETF,2025-08-28,591.2739,0,0,0.4178935,-0.005766870480838127
Vanguard S&P 500 ETF,2025-08-29,587.8641,0,1,0.59483546,-0.007368199554965149
Vanguard S&P 500 ETF,2025-09-02,583.5326,1,1,0.859187,0.005112824887590017
Vanguard S&P 500 ETF,2025-09-03,586.5161,1,1,0.8846281,0.008230294104458524
Vanguard S&P 500 ETF,2025-09-04,591.3433,0,1,0.75339556,-0.002732084729800688
Vanguard S&P 500 ETF,2025-09-05,589.7277,1,1,0.5292359,0.0025883132164217226
Vanguard S&P 500 ETF,2025-09-08,591.2541,1,0,0.2919513,0.002430765384967337
Vanguard S&P 500 ETF,2025-09-09,592.6913,1,0,0.36446035,0.002893243076117491
Vanguard S&P 500 ETF,2025-09-10,594.4061,1,1,0.5709549,0.008154357769881493
Vanguard S&P 500 ETF,2025-09-11,599.2531,0,1,0.5891342,-0.0002149342239532448
Vanguard S&P 500 ETF,2025-09-12,599.1243,1,1,0.6946463,0.005211272518907961
Vanguard S&P 500 ETF,2025-09-15,602.2465,0,1,0.796391,-0.0013167365854347413
Vanguard S&P 500 ETF,2025-09-16,601.4535,0,1,0.8686051,-0.0011533726214909557
Vanguard S&P 500 ETF,2025-09-17,600.7598,1,1,0.5909066,0.00470221209874544
Vanguard S&P 500 ETF,2025-09-18,603.5847,1,0,0.46893817,0.004663802776975645
Vanguard S&P 500 ETF,2025-09-19,606.3997,1,1,0.5846886,0.0048710446261763796
Vanguard S&P 500 ETF,2025-09-22,609.3535,0,1,0.59757715,-0.005238010448779029
Vanguard S&P 500 ETF,2025-09-23,606.1617,0,1,0.7648639,-0.003335743581291961
Vanguard S&P 500 ETF,2025-09-24,604.1397,0,1,0.858495,-0.004774226888251132
Vanguard S&P 500 ETF,2025-09-25,601.2554,1,1,0.849026,0.005885186228680839
Vanguard S&P 500 ETF,2025-09-26,604.7939,1,1,0.54124504,0.0028107095656884074
Vanguard S&P 500 ETF,2025-09-29,606.4938,1,1,0.69272345,0.0036875892218519724
Vanguard S&P 500 ETF,2025-09-30,608.7303,1,1,0.74382615,0.003576296432098003
Vanguard S&P 500 ETF,2025-10-01,610.9073,1,1,0.8249887,0.001106387171998291
Vanguard S&P 500 ETF,2025-10-02,611.5832,1,1,0.8341864,8.126449516576706e-05
Vanguard S&P 500 ETF,2025-10-03,611.6329,1,1,0.6630425,0.0034131584484746735
Vanguard S&P 500 ETF,2025-10-06,613.7205,0,1,0.71384376,-0.003563511402992048
Vanguard S&P 500 ETF,2025-10-07,611.5335,1,1,0.5433418,0.005803116264276653
Vanguard S&P 500 ETF,2025-10-08,615.0823,0,0,0.22963488,-0.0026989884117947227
Vanguard S&P 500 ETF,2025-10-09,613.4222,0,1,0.59701675,-0.026883767819293025
Vanguard S&P 500 ETF,2025-10-10,596.9311,1,1,0.7027414,0.015153675189649274
Vanguard S&P 500 ETF,2025-10-13,605.9768,0,0,0.10785993,-0.0014106150598506284
Vanguard S&P 500 ETF,2025-10-14,605.122,1,1,0.63636315,0.004402418024795018
Vanguard S&P 500 ETF,2025-10-15,607.786,0,1,0.9412578,-0.006607424323692879
Vanguard S&P 500 ETF,2025-10-16,603.7701,1,1,0.9597111,0.005548303899116647
Vanguard S&P 500 ETF,2025-10-17,607.12,1,1,0.67370176,0.010495124522335031
Vanguard S&P 500 ETF,2025-10-20,613.4918,0,1,0.7449217,-0.00012958608411728356
Vanguard S&P 500 ETF,2025-10-21,613.4123,0,0,0.11139787,-0.00505614249991404
Vanguard S&P 500 ETF,2025-10-22,610.3108,1,1,0.68592983,0.005651874422015979
Vanguard S&P 500 ETF,2025-10-23,613.7602,1,1,0.86628354,0.00827603353883144
Vanguard S&P 500 ETF,2025-10-24,618.8397,1,1,0.79189765,0.011966911625094667
Vanguard S&P 500 ETF,2025-10-27,626.2453,1,0,0.4229838,0.0026824951819997
Vanguard S&P 500 ETF,2025-10-28,627.9252,1,0,0.41837314,0.00041167323751301055
Vanguard S&P 500 ETF,2025-10-29,628.1837,0,0,0.11162355,-0.010617913199594486
Vanguard S&P 500 ETF,2025-10-30,621.5137,1,0,0.28845358,0.002878778054289155
Vanguard S&P 500 ETF,2025-10-31,623.3029,1,1,0.5045852,0.0019616465766483238
Vanguard S&P 500 ETF,2025-11-03,624.5256,0,1,0.76103944,-0.011587355266141297
Vanguard S&P 500 ETF,2025-11-04,617.289,1,1,0.7254994,0.0030112313681274205
Vanguard S&P 500 ETF,2025-11-05,619.1478,0,1,0.59179723,-0.010628318472584275
Vanguard S&P 500 ETF,2025-11-06,612.5673,1,1,0.715045,0.001054741250471558
Vanguard S&P 500 ETF,2025-11-07,613.2134,1,1,0.5840917,0.015529504084548895
Vanguard S&P 500 ETF,2025-11-10,622.7363,1,1,0.7686393,0.0022987258009530276
Vanguard S&P 500 ETF,2025-11-11,624.1678,1,1,0.6024654,0.000493617261255741
Vanguard S&P 500 ETF,2025-11-12,624.4759,0,0,0.45282114,-0.0162840551572927
Vanguard S&P 500 ETF,2025-11-13,614.3069,0,1,0.807368,-0.00025882828273615655
Vanguard S&P 500 ETF,2025-11-14,614.1479,0,1,0.89976907,-0.009371521094511781
Vanguard S&P 500 ETF,2025-11-17,608.3924,0,1,0.67095405,-0.008234816871479644
Vanguard S&P 500 ETF,2025-11-18,603.3824,1,0,0.22132641,0.0036244013746506987
Vanguard S&P 500 ETF,2025-11-19,605.5693,0,0,0.22416216,-0.015167380512849604
Vanguard S&P 500 ETF,2025-11-20,596.3844,1,1,0.54239917,0.009950629157972513
Vanguard S&P 500 ETF,2025-11-21,602.3188,1,1,0.7149033,0.014869534206802149
Vanguard S&P 500 ETF,2025-11-24,611.275,1,0,0.47062764,0.009301705451719933
Vanguard S&P 500 ETF,2025-11-25,616.9609,1,1,0.7726832,0.006912269480934707
Vanguard S&P 500 ETF,2025-11-26,621.2255,1,1,0.7549913,0.005536314913022755
Vanguard S&P 500 ETF,2025-11-28,624.6648,0,0,0.4296784,-0.004598786421133427
Vanguard S&P 500 ETF,2025-12-01,621.7921,1,1,0.78162867,0.0016944570379713308
Vanguard S&P 500 ETF,2025-12-02,622.8457,1,1,0.80840695,0.00349508714598179
Vanguard S&P 500 ETF,2025-12-03,625.0226,1,1,0.6757718,0.0008428495225611954
Vanguard S&P 500 ETF,2025-12-04,625.5494,1,1,0.8270562,0.0018753115261560538
Vanguard S&P 500 ETF,2025-12-05,626.7225,0,1,0.7572092,-0.0029660655234173827
Vanguard S&P 500 ETF,2025-12-08,624.8636,0,0,0.47260454,-0.0008113770749329507
Vanguard S&P 500 ETF,2025-12-09,624.3566,1,1,0.696714,0.00646393423245617
Vanguard S&P 500 ETF,2025-12-10,628.3924,1,1,0.6458664,0.0024519710932215943
Vanguard S&P 500 ETF,2025-12-11,629.9332,0,0,0.28139472,-0.010793525408725912
Vanguard S&P 500 ETF,2025-12-12,623.134,0,1,0.58537006,-0.0014516941781381743
Vanguard S&P 500 ETF,2025-12-15,622.2294,0,1,0.702232,-0.0027955927508408474
Vanguard S&P 500 ETF,2025-12-16,620.4899,0,1,0.54346764,-0.01099002578446484
Vanguard S&P 500 ETF,2025-12-17,613.6707,1,1,0.773367,0.00754851095220932
Vanguard S&P 500 ETF,2025-12-18,618.303,1,1,0.8537496,0.008922647957392948
Vanguard S&P 500 ETF,2025-12-19,623.8199,1,1,0.61665577,0.006297490669983308
Vanguard S&P 500 ETF,2025-12-22,627.7484,1,1,0.7248063,0.0046687494543993235
Vanguard S&P 500 ETF,2025-12-23,630.6792,1,0,0.2793435,0.0033351345660359577
Vanguard S&P 500 ETF,2025-12-24,632.7826,1,1,0.7201277,9.450323065141042e-05
Vanguard S&P 500 ETF,2025-12-26,632.8424,0,1,0.90200174,-0.0035285246374135992
Vanguard S&P 500 ETF,2025-12-29,630.6094,0,1,0.7887697,-0.0013910354016289928
Vanguard S&P 500 ETF,2025-12-30,629.7322,0,1,0.83327484,-0.007265786948801423
Vanguard S&P 500 ETF,2025-12-31,625.1567,1,0,0.49960437,0.0018654522938008622
Vanguard S&P 500 ETF,2026-01-02,626.3229,1,1,0.62968403,0.006621185334274138
Vanguard S&P 500 ETF,2026-01-05,630.4699,1,1,0.58189785,0.005929228342225201
Vanguard S&P 500 ETF,2026-01-06,634.2081,0,1,0.7138955,-0.0032065184913280254
Vanguard S&P 500 ETF,2026-01-07,632.1745,0,1,0.8848737,-0.00017352803695813712
Vanguard S&P 500 ETF,2026-01-08,632.0648,1,1,0.91716224,0.0067029519758101674
Vanguard S&P 500 ETF,2026-01-09,636.3015,1,1,0.76613146,0.0016135432652601978
Vanguard S&P 500 ETF,2026-01-12,637.3282,0,1,0.52921176,-0.0020488658747566113
Vanguard S&P 500 ETF,2026-01-13,636.0224,0,1,0.6634098,-0.004843068420231633
Vanguard S&P 500 ETF,2026-01-14,632.9421,1,1,0.9079376,0.0026458976263390444
Vanguard S&P 500 ETF,2026-01-15,634.6168,0,1,0.93900776,-0.0008324708706105577
Vanguard S&P 500 ETF,2026-01-16,634.0885,0,1,0.6559138,-0.02034305936789571
Vanguard S&P 500 ETF,2026-01-20,621.1892,1,1,0.7101342,0.011457861791544177
Vanguard S&P 500 ETF,2026-01-21,628.3067,1,0,0.490845,0.005203987161047419
Vanguard S&P 500 ETF,2026-01-22,631.5764,1,0,0.48796633,0.00041040165528660744
Vanguard S&P 500 ETF,2026-01-23,631.8356,1,0,0.39696115,0.0051432682805463426
Vanguard S&P 500 ETF,2026-01-26,635.0853,1,1,0.83389735,0.004096772512290903
Vanguard S&P 500 ETF,2026-01-27,637.6871,0,1,0.8431198,-0.00015634627076510643
Vanguard S&P 500 ETF,2026-01-28,637.5874,0,1,0.8957777,-0.002079401192683461
Vanguard S&P 500 ETF,2026-01-29,636.2616,0,1,0.70266217,-0.003211886431618849
Vanguard S&P 500 ETF,2026-01-30,634.218,1,0,0.28355527,0.00543835085096922
Vanguard S&P 500 ETF,2026-02-02,637.6671,0,0,0.32198367,-0.008644792870762918
Vanguard S&P 500 ETF,2026-02-03,632.1546,0,1,0.9265783,-0.00510935141498603
Vanguard S&P 500 ETF,2026-02-04,628.9247,0,1,0.9130409,-0.012378906409622581
Vanguard S&P 500 ETF,2026-02-05,621.1393,1,1,0.8982828,0.01948323025124954
Vanguard S&P 500 ETF,2026-02-06,633.2411,1,0,0.4128537,0.004706895999012195
Vanguard S&P 500 ETF,2026-02-09,636.2217,0,0,0.45112202,-0.0028045255293870364
Vanguard S&P 500 ETF,2026-02-10,634.4374,0,1,0.72455174,-0.00014154272746214058
Vanguard S&P 500 ETF,2026-02-11,634.3476,0,0,0.3869498,-0.015494501752666978
Vanguard S&P 500 ETF,2026-02-12,624.5187,1,1,0.6902747,0.0006384116280266916
Vanguard S&P 500 ETF,2026-02-13,624.9174,1,1,0.8057027,0.0017546318921508597
Vanguard S&P 500 ETF,2026-02-17,626.0139,1,1,0.8293827,0.005031996893359647
Vanguard S&P 500 ETF,2026-02-18,629.164,0,1,0.5904535,-0.0025667393557164964
Vanguard S&P 500 ETF,2026-02-19,627.5491,1,1,0.532914,0.007132350281436217
Vanguard S&P 500 ETF,2026-02-20,632.025,0,0,0.20376118,-0.010078557019105316
Vanguard S&P 500 ETF,2026-02-23,625.6551,1,1,0.7687334,0.007297311250239913
Vanguard S&P 500 ETF,2026-02-24,630.2207,1,1,0.9153116,0.008414829915932787
Vanguard S&P 500 ETF,2026-02-25,635.5239,0,1,0.8987125,-0.00561536710106425
Vanguard S&P 500 ETF,2026-02-26,631.9552,0,1,0.79086375,-0.004590357037967174
Vanguard S&P 500 ETF,2026-02-27,629.0543,1,1,0.70412725,0.00038041231098806527
Vanguard S&P 500 ETF,2026-03-02,629.2936,0,1,0.660726,-0.00880765353405788
Vanguard S&P 500 ETF,2026-03-03,623.751,1,1,0.7969704,0.0071278442840172485
Vanguard S&P 500 ETF,2026-03-04,628.197,0,1,0.8686253,-0.005347685519033085
Vanguard S&P 500 ETF,2026-03-05,624.8376,0,1,0.5137176,-0.013369233861726504
Vanguard S&P 500 ETF,2026-03-06,616.484,1,0,0.19691654,0.008683274829516918
Vanguard S&P 500 ETF,2026-03-09,621.8371,0,1,0.58795804,-0.0017313215953180805
Vanguard S&P 500 ETF,2026-03-10,620.7605,0,1,0.71697575,-0.0011079957568175258
Vanguard S&P 500 ETF,2026-03-11,620.0727,0,1,0.6032875,-0.01532078415966387
Vanguard S&P 500 ETF,2026-03-12,610.5727,0,0,0.35066727,-0.005567232206746375
Vanguard S&P 500 ETF,2026-03-13,607.1735,1,1,0.6897554,0.01001476513714783
Vanguard S&P 500 ETF,2026-03-16,613.2542,1,1,0.9235895,0.002763454371776053
Vanguard S&P 500 ETF,2026-03-17,614.9489,0,0,0.46213904,-0.013795129969335629
Vanguard S&P 500 ETF,2026-03-18,606.4656,0,1,0.5097235,-0.002679129698370475
Vanguard S&P 500 ETF,2026-03-19,604.8408,0,0,0.12394684,-0.014520019152147068
Vanguard S&P 500 ETF,2026-03-20,596.0585,1,0,0.36304826,0.010853968192719332
Vanguard S&P 500 ETF,2026-03-23,602.5281,0,1,0.78136235,-0.003391709033985224
Vanguard S&P 500 ETF,2026-03-24,600.4845,1,1,0.60110503,0.005445103079263491
Vanguard S&P 500 ETF,2026-03-25,603.7542,0,0,0.058743455,-0.017732713080919282
Vanguard S&P 500 ETF,2026-03-26,593.048,0,0,0.45641112,-0.01701042748647663
Vanguard S&P 500 ETF,2026-03-27,582.96,0,1,0.92969567,-0.003482228626320971
Vanguard S&P 500 ETF,2026-03-30,580.93,1,1,0.62279075,0.02860929888282593
Vanguard S&P 500 ETF,2026-03-31,597.55,1,1,0.6305358,0.007949125596184325
Vanguard S&P 500 ETF,2026-04-01,602.3,1,1,0.6248591,0.0011456085007472971
Vanguard S&P 500 ETF,2026-04-02,602.99,1,0,0.32789442,0.0044445181512129395
Vanguard S&P 500 ETF,2026-04-06,605.67,1,1,0.50049454,0.0006108937210032028
Vanguard S&P 500 ETF,2026-04-07,606.04,1,1,0.62482935,0.02524585835918436
Vanguard S&P 500 ETF,2026-04-08,621.34,1,0,0.050099257,0.005922683233012371
Vanguard S&P 500 ETF,2026-04-09,625.02,0,0,0.1558108,-0.000671978496687986
Vanguard S&P 500 ETF,2026-04-10,624.6,1,1,0.5982111,0.009798270893371708
Vanguard S&P 500 ETF,2026-04-13,630.72,1,1,0.7609915,0.012097285641806232
Vanguard S&P 500 ETF,2026-04-14,638.35,1,1,0.755324,0.007989347536617952
Vanguard S&P 500 ETF,2026-04-15,643.45,1,1,0.79574734,0.0021913124562902286
Vanguard S&P 500 ETF,2026-04-16,644.86,1,1,0.88617855,0.012281735570511376
Vanguard S&P 500 ETF,2026-04-17,652.78,0,1,0.86724573,-0.0018995680014706195
Vanguard S&P 500 ETF,2026-04-20,651.54,0,1,0.88565,-0.0065844000368358024
Vanguard S&P 500 ETF,2026-04-21,647.25,1,1,0.8316235,0.010274237157203547
Vanguard S&P 500 ETF,2026-04-22,653.9,0,1,0.7964497,-0.004037314574093842
Vanguard S&P 500 ETF,2026-04-23,651.26,1,1,0.7574341,0.007923102908208746
Vanguard S&P 500 ETF,2026-04-24,656.42,1,1,0.6282721,0.0016452880777551027
Vanguard S&P 500 ETF,2026-04-27,657.5,0,1,0.625924,-0.004927756653992366
Vanguard S&P 500 ETF,2026-04-28,654.26,0,1,0.57874364,-3.0568886986825916e-05
Vanguard S&P 500 ETF,2026-04-29,654.24,1,1,0.6141907,0.009690633406700844
Vanguard S&P 500 ETF,2026-04-30,660.58,0,0,0.24427043,0.0
Vanguard S&P 500 ETF,2026-04-30,660.58,1,1,0.86029834,0.0029368131036360268
Vanguard S&P 500 ETF,2026-05-01,662.52,0,1,0.93774265,0.0
Vanguard S&P 500 ETF,2026-05-01,662.52,0,1,0.9154282,0.0
Vanguard S&P 500 ETF,2026-05-01,662.52,0,1,0.5659054,-0.003622532149972768
Vanguard S&P 500 ETF,2026-05-04,660.12,1,1,0.8379352,0.007847058110646454
Vanguard S&P 500 ETF,2026-05-05,665.3,1,0,0.33423072,0.014068841124304843
Vanguard S&P 500 ETF,2026-05-06,674.66,0,0,0.32226703,-0.0031423235407465056
Vanguard S&P 500 ETF,2026-05-07,672.54,1,1,0.6883584,0.008177952240759012
Vanguard S&P 500 ETF,2026-05-08,678.04,0,1,0.9449347,0.0
Vanguard S&P 500 ETF,2026-05-08,678.04,0,1,0.85659075,0.0
Vanguard Total Stock Market Index Fund ETF Shares,2025-06-05,288.312,1,1,0.6558109,0.011655081994506045
Vanguard Total Stock Market Index Fund ETF Shares,2025-06-06,291.6723,1,1,0.5057583,0.0008132414356796236
Vanguard Total Stock Market Index Fund ETF Shares,2025-06-09,291.9095,1,1,0.58812684,0.0052817739744681624
Vanguard Total Stock Market Index Fund ETF Shares,2025-06-10,293.4513,0,1,0.6108451,-0.002660748137765956
Vanguard Total Stock Market Index Fund ETF Shares,2025-06-11,292.6705,1,1,0.7300628,0.003208044541557875
Vanguard Total Stock Market Index Fund ETF Shares,2025-06-12,293.6094,0,1,0.5170933,-0.011815016821668523
Vanguard Total Stock Market Index Fund ETF Shares,2025-06-13,290.1404,1,0,0.3119201,0.00987832097839525
Vanguard Total Stock Market Index Fund ETF Shares,2025-06-16,293.0065,0,0,0.3587988,-0.008331214495241546
Vanguard Total Stock Market Index Fund ETF Shares,2025-06-17,290.5654,1,1,0.7036636,0.00037409822367018286
Vanguard Total Stock Market Index Fund ETF Shares,2025-06-18,290.6741,0,1,0.76284295,-0.0023122115111047226
Vanguard Total Stock Market Index Fund ETF Shares,2025-06-20,290.002,1,1,0.68819946,0.009610623375011285
Vanguard Total Stock Market Index Fund ETF Shares,2025-06-23,292.7891,1,1,0.58660096,0.011679054992142612
Vanguard Total Stock Market Index Fund ETF Shares,2025-06-24,296.2086,0,1,0.6077261,-0.0011674205272905747
Vanguard Total Stock Market Index Fund ETF Shares,2025-06-25,295.8628,1,1,0.65518975,0.00861818383385815
Vanguard Total Stock Market Index Fund ETF Shares,2025-06-26,298.4126,1,1,0.7652785,0.00453734192188926
Vanguard Total Stock Market Index Fund ETF Shares,2025-06-27,299.7666,1,1,0.7579535,0.0050696108238876825
Vanguard Total Stock Market Index Fund ETF Shares,2025-06-30,301.2863,0,1,0.6144504,0.0
Vanguard Total Stock Market Index Fund ETF Shares,2025-07-01,301.2863,1,1,0.5055423,0.0051983777556432464
Vanguard Total Stock Market Index Fund ETF Shares,2025-07-02,302.8525,1,1,0.7911977,0.008248569848358311
Vanguard Total Stock Market Index Fund ETF Shares,2025-07-03,305.3506,0,1,0.8116311,-0.007888964357692263
Vanguard Total Stock Market Index Fund ETF Shares,2025-07-07,302.9417,0,1,0.8506137,-6.535911035032704e-05
Vanguard Total Stock Market Index Fund ETF Shares,2025-07-08,302.9219,1,1,0.64841014,0.006283137666837524
Vanguard Total Stock Market Index Fund ETF Shares,2025-07-09,304.8252,1,0,0.4704084,0.002666774269318939
Vanguard Total Stock Market Index Fund ETF Shares,2025-07-10,305.6381,0,0,0.35521054,-0.004216424588426637
Vanguard Total Stock Market Index Fund ETF Shares,2025-07-11,304.3494,1,0,0.4826167,0.0022799453522825974
Vanguard Total Stock Market Index Fund ETF Shares,2025-07-14,305.0433,0,1,0.5513654,-0.005264498515456517
Vanguard Total Stock Market Index Fund ETF Shares,2025-07-15,303.4374,1,1,0.5264454,0.0037895790037747457
Vanguard Total Stock Market Index Fund ETF Shares,2025-07-16,304.5873,1,1,0.7593591,0.006509135476101546
Vanguard Total Stock Market Index Fund ETF Shares,2025-07-17,306.5699,0,1,0.77188456,-0.0005496299538865212
Vanguard Total Stock Market Index Fund ETF Shares,2025-07-18,306.4014,1,1,0.7244711,0.0011321749835344619
Vanguard Total Stock Market Index Fund ETF Shares,2025-07-21,306.7483,1,1,0.7322259,0.0011634946306142702
Vanguard Total Stock Market Index Fund ETF Shares,2025-07-22,307.1052,1,0,0.34524184,0.008424800361569895
Vanguard Total Stock Market Index Fund ETF Shares,2025-07-23,309.6925,0,0,0.3591331,-0.00035228492779126874
Vanguard Total Stock Market Index Fund ETF Shares,2025-07-24,309.5834,1,0,0.43584424,0.004451143052243811
Vanguard Total Stock Market Index Fund ETF Shares,2025-07-25,310.9614,0,0,0.28361946,-0.00028685232315006637
Vanguard Total Stock Market Index Fund ETF Shares,2025-07-28,310.8722,0,1,0.522816,-0.0031572459679574116
Vanguard Total Stock Market Index Fund ETF Shares,2025-07-29,309.8907,0,1,0.8054539,-0.0011513736940151897
Vanguard Total Stock Market Index Fund ETF Shares,2025-07-30,309.5339,0,1,0.86392057,-0.004355581084979798
Vanguard Total Stock Market Index Fund ETF Shares,2025-07-31,308.1857,0,1,0.5760616,-0.016565337067878327
Vanguard Total Stock Market Index Fund ETF Shares,2025-08-01,303.0805,1,0,0.22631754,0.015667124740786686
Vanguard Total Stock Market Index Fund ETF Shares,2025-08-04,307.8289,0,0,0.2924021,-0.004411866462180725
Vanguard Total Stock Market Index Fund ETF Shares,2025-08-05,306.4708,1,1,0.66325945,0.006760187267432993
Vanguard Total Stock Market Index Fund ETF Shares,2025-08-06,308.5426,0,1,0.7190196,-0.0005782021672210425
Vanguard Total Stock Market Index Fund ETF Shares,2025-08-07,308.3642,1,1,0.7650368,0.006300666549489131
Vanguard Total Stock Market Index Fund ETF Shares,2025-08-08,310.3071,0,1,0.8658858,-0.0022999796008534856
Vanguard Total Stock Market Index Fund ETF Shares,2025-08-11,309.5934,1,1,0.80589813,0.012231203895173737
Vanguard Total Stock Market Index Fund ETF Shares,2025-08-12,313.3801,1,1,0.6066641,0.004840128648883502
Vanguard Total Stock Market Index Fund ETF Shares,2025-08-13,314.8969,0,1,0.7495137,-0.0014798494364346437
Vanguard Total Stock Market Index Fund ETF Shares,2025-08-14,314.4309,0,1,0.7186777,-0.002269815084967819
Vanguard Total Stock Market Index Fund ETF Shares,2025-08-15,313.7172,1,0,0.17710681,0.000379322523597736
Vanguard Total Stock Market Index Fund ETF Shares,2025-08-18,313.8362,0,0,0.25334555,-0.006064628618368428
Vanguard Total Stock Market Index Fund ETF Shares,2025-08-19,311.9329,0,0,0.29673353,-0.0026380673535879584
Vanguard Total Stock Market Index Fund ETF Shares,2025-08-20,311.11,0,1,0.69927466,-0.0034409051460899676
Vanguard Total Stock Market Index Fund ETF Shares,2025-08-21,310.0395,1,1,0.8095078,0.017329404801646353
Vanguard Total Stock Market Index Fund ETF Shares,2025-08-22,315.4123,0,1,0.74183816,-0.0048086266768925245
Vanguard Total Stock Market Index Fund ETF Shares,2025-08-25,313.8956,1,1,0.6579815,0.004547690378584601
Vanguard Total Stock Market Index Fund ETF Shares,2025-08-26,315.3231,1,1,0.6416095,0.0026721797419853033
Vanguard Total Stock Market Index Fund ETF Shares,2025-08-27,316.1657,1,1,0.647396,0.003637016918660141
Vanguard Total Stock Market Index Fund ETF Shares,2025-08-28,317.3156,0,0,0.49466357,-0.005935415718609449
Vanguard Total Stock Market Index Fund ETF Shares,2025-08-29,315.4322,0,1,0.6615609,-0.006945708142669038
Vanguard Total Stock Market Index Fund ETF Shares,2025-09-02,313.2413,1,1,0.870472,0.004240820096200526
Vanguard Total Stock Market Index Fund ETF Shares,2025-09-03,314.5697,1,1,0.88545185,0.008855271184732727
Vanguard Total Stock Market Index Fund ETF Shares,2025-09-04,317.3553,0,1,0.7026565,-0.0018430446883981322
Vanguard Total Stock Market Index Fund ETF Shares,2025-09-05,316.7704,1,1,0.5389729,0.0031919017685995144
Vanguard Total Stock Market Index Fund ETF Shares,2025-09-08,317.7815,1,0,0.3650206,0.0012791808207841537
Vanguard Total Stock Market Index Fund ETF Shares,2025-09-09,318.188,1,0,0.48985755,0.0025544646561153073
Vanguard Total Stock Market Index Fund ETF Shares,2025-09-10,319.0008,1,1,0.68280107,0.009260478343627865
Vanguard Total Stock Market Index Fund ETF Shares,2025-09-11,321.9549,0,1,0.63587886,-0.0014470970934128413
Vanguard Total Stock Market Index Fund ETF Shares,2025-09-12,321.489,1,1,0.7213082,0.004872017394063288
Vanguard Total Stock Market Index Fund ETF Shares,2025-09-15,323.0553,0,1,0.79007345,-0.0013502332263237715
Vanguard Total Stock Market Index Fund ETF Shares,2025-09-16,322.6191,0,1,0.87050766,-0.0008911437667515898
Vanguard Total Stock Market Index Fund ETF Shares,2025-09-17,322.3316,1,1,0.6016125,0.006304687470915171
Vanguard Total Stock Market Index Fund ETF Shares,2025-09-18,324.3638,1,0,0.49801797,0.0037587424983922535
Vanguard Total Stock Market Index Fund ETF Shares,2025-09-19,325.583,1,1,0.5653543,0.004323628690687142
Vanguard Total Stock Market Index Fund ETF Shares,2025-09-22,326.9907,0,1,0.5914546,-0.005365901843691567
Vanguard Total Stock Market Index Fund ETF Shares,2025-09-23,325.2361,0,1,0.75857806,-0.0036573430809188068
Vanguard Total Stock Market Index Fund ETF Shares,2025-09-24,324.0466,0,1,0.88159364,-0.005353551001615275
Vanguard Total Stock Market Index Fund ETF Shares,2025-09-25,322.3118,1,1,0.8496815,0.006274048917849218
Vanguard Total Stock Market Index Fund ETF Shares,2025-09-26,324.334,1,1,0.54862356,0.0025347327138072195
Vanguard Total Stock Market Index Fund ETF Shares,2025-09-29,325.1561,1,1,0.70075226,0.003271351821479085
Vanguard Total Stock Market Index Fund ETF Shares,2025-09-30,326.2198,1,1,0.7521884,0.0034737315147639336
Vanguard Total Stock Market Index Fund ETF Shares,2025-10-01,327.353,1,1,0.8067257,0.0014574480759301789
Vanguard Total Stock Market Index Fund ETF Shares,2025-10-02,327.8301,1,1,0.7958195,0.0005457095001344392
Vanguard Total Stock Market Index Fund ETF Shares,2025-10-03,328.009,1,1,0.69641834,0.0037581285879348947
Vanguard Total Stock Market Index Fund ETF Shares,2025-10-06,329.2417,0,1,0.716815,-0.004800728461795689
Vanguard Total Stock Market Index Fund ETF Shares,2025-10-07,327.6611,1,1,0.673071,0.006644059975383199
Vanguard Total Stock Market Index Fund ETF Shares,2025-10-08,329.8381,0,0,0.32409978,-0.0034659428368037926
Vanguard Total Stock Market Index Fund ETF Shares,2025-10-09,328.6949,0,1,0.53116876,-0.026794757083240417
Vanguard Total Stock Market Index Fund ETF Shares,2025-10-10,319.8876,1,1,0.546111,0.015941536964858782
Vanguard Total Stock Market Index Fund ETF Shares,2025-10-13,324.9871,0,0,0.22904697,-0.0003058582940677068
Vanguard Total Stock Market Index Fund ETF Shares,2025-10-14,324.8877,1,1,0.65812606,0.004742561814436108
Vanguard Total Stock Market Index Fund ETF Shares,2025-10-15,326.4285,0,1,0.8800276,-0.007948141782963103
Vanguard Total Stock Market Index Fund ETF Shares,2025-10-16,323.834,1,1,0.961126,0.00469654205549741
Vanguard Total Stock Market Index Fund ETF Shares,2025-10-17,325.3549,1,0,0.3840637,0.011151822210146545
Vanguard Total Stock Market Index Fund ETF Shares,2025-10-20,328.9832,0,1,0.7115645,-0.00012067485512945453
Vanguard Total Stock Market Index Fund ETF Shares,2025-10-21,328.9435,0,0,0.2793947,-0.006074295433714183
Vanguard Total Stock Market Index Fund ETF Shares,2025-10-22,326.9454,1,1,0.77294296,0.006415444291309802
Vanguard Total Stock Market Index Fund ETF Shares,2025-10-23,329.0429,1,1,0.8751684,0.008156687167539811
Vanguard Total Stock Market Index Fund ETF Shares,2025-10-24,331.7268,1,1,0.5172489,0.011147426135000194
Vanguard Total Stock Market Index Fund ETF Shares,2025-10-27,335.4247,1,0,0.2772689,0.0015413295443063024
Vanguard Total Stock Market Index Fund ETF Shares,2025-10-28,335.9417,0,0,0.3490567,-0.0007102422831104516
Vanguard Total Stock Market Index Fund ETF Shares,2025-10-29,335.7031,0,0,0.20774195,-0.010749081554504492
Vanguard Total Stock Market Index Fund ETF Shares,2025-10-30,332.0946,1,0,0.49601236,0.0040112064453923235
Vanguard Total Stock Market Index Fund ETF Shares,2025-10-31,333.4267,1,1,0.6535172,0.0011327827075635621
Vanguard Total Stock Market Index Fund ETF Shares,2025-11-03,333.8044,0,1,0.7497106,-0.012090613544938233
Vanguard Total Stock Market Index Fund ETF Shares,2025-11-04,329.7685,1,1,0.63028413,0.004280578648354627
Vanguard Total Stock Market Index Fund ETF Shares,2025-11-05,331.1801,0,1,0.9601833,-0.011375985453232151
Vanguard Total Stock Market Index Fund ETF Shares,2025-11-06,327.4126,1,1,0.67028856,0.002185926870254873
Vanguard Total Stock Market Index Fund ETF Shares,2025-11-07,328.1283,1,0,0.2632147,0.014632386173335066
Vanguard Total Stock Market Index Fund ETF Shares,2025-11-10,332.9296,1,0,0.26274052,0.002448565702779293
Vanguard Total Stock Market Index Fund ETF Shares,2025-11-11,333.7448,1,0,0.2299893,0.0003571591227786719
Vanguard Total Stock Market Index Fund ETF Shares,2025-11-12,333.864,0,0,0.4253988,-0.017715596769942055
Vanguard Total Stock Market Index Fund ETF Shares,2025-11-13,327.9494,0,1,0.8289489,-0.0001515477692596301
Vanguard Total Stock Market Index Fund ETF Shares,2025-11-14,327.8997,0,1,0.8570533,-0.010398301675786814
Vanguard Total Stock Market Index Fund ETF Shares,2025-11-17,324.4901,0,1,0.8104823,-0.006770314410208367
Vanguard Total Stock Market Index Fund ETF Shares,2025-11-18,322.2932,1,0,0.2679796,0.0032693832820549495
Vanguard Total Stock Market Index Fund ETF Shares,2025-11-19,323.3469,0,0,0.11450262,-0.0159246926443396
Vanguard Total Stock Market Index Fund ETF Shares,2025-11-20,318.1977,1,0,0.21870156,0.011558851619606347
Vanguard Total Stock Market Index Fund ETF Shares,2025-11-21,321.8757,1,1,0.5310478,0.014947695647729908
Vanguard Total Stock Market Index Fund ETF Shares,2025-11-24,326.687,1,1,0.5579284,0.010710557812217747
Vanguard Total Stock Market Index Fund ETF Shares,2025-11-25,330.186,1,1,0.8488252,0.006864312841852849
Vanguard Total Stock Market Index Fund ETF Shares,2025-11-26,332.4525,1,1,0.6756098,0.0055914754739399
Vanguard Total Stock Market Index Fund ETF Shares,2025-11-28,334.3114,0,0,0.34889248,-0.004906204215590626
Vanguard Total Stock Market Index Fund ETF Shares,2025-12-01,332.6712,1,1,0.67329985,0.0011951740938200839
Vanguard Total Stock Market Index Fund ETF Shares,2025-12-02,333.0688,1,1,0.7980392,0.004476852830406219
Vanguard Total Stock Market Index Fund ETF Shares,2025-12-03,334.5599,1,1,0.7811206,0.0015746059225865139
Vanguard Total Stock Market Index Fund ETF Shares,2025-12-04,335.0867,1,1,0.793859,0.0013945644515285238
Vanguard Total Stock Market Index Fund ETF Shares,2025-12-05,335.554,0,1,0.648529,-0.0029330599545824843
Vanguard Total Stock Market Index Fund ETF Shares,2025-12-08,334.5698,0,0,0.40278703,-0.0010099536778274132
Vanguard Total Stock Market Index Fund ETF Shares,2025-12-09,334.2319,1,1,0.756304,0.007435256778302701
Vanguard Total Stock Market Index Fund ETF Shares,2025-12-10,336.717,1,1,0.6753646,0.003365437444500907
Vanguard Total Stock Market Index Fund ETF Shares,2025-12-11,337.8502,0,0,0.3826333,-0.011416006265498768
Vanguard Total Stock Market Index Fund ETF Shares,2025-12-12,333.9933,0,0,0.44518435,-0.0019644106633276426
Vanguard Total Stock Market Index Fund ETF Shares,2025-12-15,333.3372,0,1,0.57537395,-0.00289286644274922
Vanguard Total Stock Market Index Fund ETF Shares,2025-12-16,332.3729,0,1,0.7237542,-0.010916052421843014
Vanguard Total Stock Market Index Fund ETF Shares,2025-12-17,328.7447,1,1,0.90263355,0.007680428003858264
Vanguard Total Stock Market Index Fund ETF Shares,2025-12-18,331.2696,1,1,0.9316297,0.008912076447702866
Vanguard Total Stock Market Index Fund ETF Shares,2025-12-19,334.2219,1,1,0.79980326,0.0069525665433651795
Vanguard Total Stock Market Index Fund ETF Shares,2025-12-22,336.5456,1,1,0.654917,0.0033175296304572832
Vanguard Total Stock Market Index Fund ETF Shares,2025-12-23,337.6621,1,0,0.17273633,0.003424725487402913
Vanguard Total Stock Market Index Fund ETF Shares,2025-12-24,338.8185,0,0,0.4592384,-0.0006177348639463398
Vanguard Total Stock Market Index Fund ETF Shares,2025-12-26,338.6092,0,1,0.84978145,-0.0037683559690641077
Vanguard Total Stock Market Index Fund ETF Shares,2025-12-29,337.3332,0,1,0.7918266,-0.0015960480616790118
Vanguard Total Stock Market Index Fund ETF Shares,2025-12-30,336.7948,0,1,0.7814249,-0.0076364005620039865
Vanguard Total Stock Market Index Fund ETF Shares,2025-12-31,334.2229,1,0,0.39680177,0.0031018221671823554
Vanguard Total Stock Market Index Fund ETF Shares,2026-01-02,335.2596,1,1,0.5090592,0.007522827086830608
Vanguard Total Stock Market Index Fund ETF Shares,2026-01-05,337.7817,1,1,0.5812416,0.006994458255139335
Vanguard Total Stock Market Index Fund ETF Shares,2026-01-06,340.1443,0,1,0.7628263,-0.0033997335836583042
Vanguard Total Stock Market Index Fund ETF Shares,2026-01-07,338.9879,1,1,0.91466063,0.00026490621051666885
Vanguard Total Stock Market Index Fund ETF Shares,2026-01-08,339.0777,1,1,0.90518314,0.006644199839741738
Vanguard Total Stock Market Index Fund ETF Shares,2026-01-09,341.3306,1,1,0.73112065,0.001839858483241752
Vanguard Total Stock Market Index Fund ETF Shares,2026-01-12,341.9586,0,1,0.5755072,-0.0020113545908773123
Vanguard Total Stock Market Index Fund ETF Shares,2026-01-13,341.2708,0,1,0.67232764,-0.003914193655009446
Vanguard Total Stock Market Index Fund ETF Shares,2026-01-14,339.935,1,1,0.90300375,0.003079118066689146
Vanguard Total Stock Market Index Fund ETF Shares,2026-01-15,340.9817,0,1,0.9418019,-0.0005847821158729838
Vanguard Total Stock Market Index Fund ETF Shares,2026-01-16,340.7823,0,1,0.82441175,-0.01971610614753183
Vanguard Total Stock Market Index Fund ETF Shares,2026-01-20,334.0634,1,1,0.7897756,0.011846853022510206
Vanguard Total Stock Market Index Fund ETF Shares,2026-01-21,338.021,1,1,0.69130164,0.00527896195798494
Vanguard Total Stock Market Index Fund ETF Shares,2026-01-22,339.8054,0,0,0.45444423,-0.0009093439951219917
Vanguard Total Stock Market Index Fund ETF Shares,2026-01-23,339.4964,1,0,0.47004554,0.004316393340253244
Vanguard Total Stock Market Index Fund ETF Shares,2026-01-26,340.9618,1,1,0.6429875,0.00362533280854338
Vanguard Total Stock Market Index Fund ETF Shares,2026-01-27,342.1979,0,1,0.86875725,-0.0005534808951194181
Vanguard Total Stock Market Index Fund ETF Shares,2026-01-28,342.0085,0,1,0.95284045,-0.002302574351222386
Vanguard Total Stock Market Index Fund ETF Shares,2026-01-29,341.221,0,1,0.76376337,-0.0050251889537865635
Vanguard Total Stock Market Index Fund ETF Shares,2026-01-30,339.5063,1,0,0.4741259,0.0056084378993850326
Vanguard Total Stock Market Index Fund ETF Shares,2026-02-02,341.4104,0,0,0.29810426,-0.0076793208408414415
Vanguard Total Stock Market Index Fund ETF Shares,2026-02-03,338.7886,0,1,0.6907136,-0.004707950621715029
Vanguard Total Stock Market Index Fund ETF Shares,2026-02-04,337.1936,0,1,0.77155226,-0.012860267810539727
Vanguard Total Stock Market Index Fund ETF Shares,2026-02-05,332.8572,1,1,0.8575513,0.02114390194954474
Vanguard Total Stock Market Index Fund ETF Shares,2026-02-06,339.8951,1,1,0.8607586,0.004927402601567321
Vanguard Total Stock Market Index Fund ETF Shares,2026-02-09,341.5699,0,1,0.6321469,-0.0024516211762218854
Vanguard Total Stock Market Index Fund ETF Shares,2026-02-10,340.7325,0,1,0.57072526,-0.0009655668302848142
Vanguard Total Stock Market Index Fund ETF Shares,2026-02-11,340.4035,0,0,0.42050987,-0.0159895535739204
Vanguard Total Stock Market Index Fund ETF Shares,2026-02-12,334.9606,1,1,0.56288755,0.001904701627594374
Vanguard Total Stock Market Index Fund ETF Shares,2026-02-13,335.5986,1,1,0.7348038,0.0012476214143921638
Vanguard Total Stock Market Index Fund ETF Shares,2026-02-17,336.0173,1,1,0.7972803,0.005221457347583058
Vanguard Total Stock Market Index Fund ETF Shares,2026-02-18,337.7718,0,1,0.8748789,-0.0018888492171340587
Vanguard Total Stock Market Index Fund ETF Shares,2026-02-19,337.1338,1,0,0.40038818,0.006150377090638592
Vanguard Total Stock Market Index Fund ETF Shares,2026-02-20,339.2073,0,0,0.3863496,-0.01119698780067524
Vanguard Total Stock Market Index Fund ETF Shares,2026-02-23,335.4092,1,1,0.77060664,0.00817329995718663
Vanguard Total Stock Market Index Fund ETF Shares,2026-02-24,338.1506,1,1,0.8480701,0.007723777512149921
Vanguard Total Stock Market Index Fund ETF Shares,2026-02-25,340.7624,0,1,0.81732804,-0.0039200334309184015
Vanguard Total Stock Market Index Fund ETF Shares,2026-02-26,339.4266,0,0,0.22255291,-0.005051754930226471
Vanguard Total Stock Market Index Fund ETF Shares,2026-02-27,337.7119,1,0,0.311228,0.0010334252361257068
Vanguard Total Stock Market Index Fund ETF Shares,2026-03-02,338.0609,0,1,0.564105,-0.009996423721288061
Vanguard Total Stock Market Index Fund ETF Shares,2026-03-03,334.6815,1,1,0.9139529,0.007327264877204032
Vanguard Total Stock Market Index Fund ETF Shares,2026-03-04,337.1338,0,1,0.9389797,-0.006475767187982928
Vanguard Total Stock Market Index Fund ETF Shares,2026-03-05,334.9506,0,0,0.359542,-0.013660521879942933
Vanguard Total Stock Market Index Fund ETF Shares,2026-03-06,330.375,1,0,0.07434911,0.008659856223987905
Vanguard Total Stock Market Index Fund ETF Shares,2026-03-09,333.236,0,0,0.20319189,-0.0023034726140033213
Vanguard Total Stock Market Index Fund ETF Shares,2026-03-10,332.4684,0,1,0.5821977,-0.000809701012186248
Vanguard Total Stock Market Index Fund ETF Shares,2026-03-11,332.1992,0,1,0.6735401,-0.015964216650732554
Vanguard Total Stock Market Index Fund ETF Shares,2026-03-12,326.8959,0,1,0.7847127,-0.00545861847762541
Vanguard Total Stock Market Index Fund ETF Shares,2026-03-13,325.1115,1,1,0.76174015,0.01021034322071035
Vanguard Total Stock Market Index Fund ETF Shares,2026-03-16,328.431,1,0,0.24342832,0.0033693530756842005
Vanguard Total Stock Market Index Fund ETF Shares,2026-03-17,329.5376,0,0,0.32136542,-0.013764134957588992
Vanguard Total Stock Market Index Fund ETF Shares,2026-03-18,325.0018,0,0,0.37207082,-0.0017790670697823696
Vanguard Total Stock Market Index Fund ETF Shares,2026-03-19,324.4236,0,0,0.07116015,-0.01567117805239826
Vanguard Total Stock Market Index Fund ETF Shares,2026-03-20,319.3395,1,0,0.12555118,0.012018557052917211
Vanguard Total Stock Market Index Fund ETF Shares,2026-03-23,323.1775,0,0,0.41098875,-0.0031153158867804898
Vanguard Total Stock Market Index Fund ETF Shares,2026-03-24,322.1707,1,1,0.5497898,0.006095526377786653
Vanguard Total Stock Market Index Fund ETF Shares,2026-03-25,324.1345,0,0,0.29138204,-0.017222788688029178
Vanguard Total Stock Market Index Fund ETF Shares,2026-03-26,318.552,0,0,0.22780359,-0.017146337175720228
Vanguard Total Stock Market Index Fund ETF Shares,2026-03-27,313.09,0,1,0.5877435,-0.004503497396914469
Vanguard Total Stock Market Index Fund ETF Shares,2026-03-30,311.68,1,0,0.4640217,0.029292864476386127
Vanguard Total Stock Market Index Fund ETF Shares,2026-03-31,320.81,1,1,0.5092374,0.007574576852342529
Vanguard Total Stock Market Index Fund ETF Shares,2026-04-01,323.24,1,0,0.24589919,0.0016087117930949635
Vanguard Total Stock Market Index Fund ETF Shares,2026-04-02,323.76,1,1,0.6629218,0.0044786261428217955
Vanguard Total Stock Market Index Fund ETF Shares,2026-04-06,325.21,1,1,0.8152677,0.0006764859629162512
Vanguard Total Stock Market Index Fund ETF Shares,2026-04-07,325.43,1,1,0.78887504,0.025412531112681602
Vanguard Total Stock Market Index Fund ETF Shares,2026-04-08,333.7,1,1,0.6017229,0.005244231345519879
Vanguard Total Stock Market Index Fund ETF Shares,2026-04-09,335.45,0,1,0.8982258,-0.001192428081681296
Vanguard Total Stock Market Index Fund ETF Shares,2026-04-10,335.05,1,1,0.8965793,0.010804357558573452
Vanguard Total Stock Market Index Fund ETF Shares,2026-04-13,338.67,1,1,0.8452535,0.011751852836094034
Vanguard Total Stock Market Index Fund ETF Shares,2026-04-14,342.65,1,1,0.78254277,0.0075587334014302066
Vanguard Total Stock Market Index Fund ETF Shares,2026-04-15,345.24,1,1,0.72500604,0.002288263237168131
Vanguard Total Stock Market Index Fund ETF Shares,2026-04-16,346.03,1,1,0.8557132,0.013004652775770786
Vanguard Total Stock Market Index Fund ETF Shares,2026-04-17,350.53,0,1,0.8728867,-0.0009129033178330026
Vanguard Total Stock Market Index Fund ETF Shares,2026-04-20,350.21,0,1,0.90040994,-0.006767368150538244
Vanguard Total Stock Market Index Fund ETF Shares,2026-04-21,347.84,1,1,0.83584166,0.009717111315547422
Vanguard Total Stock Market Index Fund ETF Shares,2026-04-22,351.22,0,1,0.80875117,-0.004043049940208432
Vanguard Total Stock Market Index Fund ETF Shares,2026-04-23,349.8,1,1,0.77455306,0.0064322469982847075
Vanguard Total Stock Market Index Fund ETF Shares,2026-04-24,352.05,1,1,0.74211615,0.0013634426927993104
Vanguard Total Stock Market Index Fund ETF Shares,2026-04-27,352.53,0,1,0.6940015,-0.005389612231583074
Vanguard Total Stock Market Index Fund ETF Shares,2026-04-28,350.63,0,1,0.6697153,-0.0011978438810141823
Vanguard Total Stock Market Index Fund ETF Shares,2026-04-29,350.21,1,1,0.67858416,0.011336055509551413
Vanguard Total Stock Market Index Fund ETF Shares,2026-04-30,354.18,0,0,0.35362393,0.0
Vanguard Total Stock Market Index Fund ETF Shares,2026-04-30,354.18,1,1,0.8388645,0.003133999661189213
Vanguard Total Stock Market Index Fund ETF Shares,2026-05-01,355.29,0,1,0.91500735,0.0
Vanguard Total Stock Market Index Fund ETF Shares,2026-05-01,355.29,0,1,0.8534515,0.0
Vanguard Total Stock Market Index Fund ETF Shares,2026-05-01,355.29,0,1,0.5759535,-0.0036871288243406353
Vanguard Total Stock Market Index Fund ETF Shares,2026-05-04,353.98,1,1,0.7689679,0.00850330527148424
Vanguard Total Stock Market Index Fund ETF Shares,2026-05-05,356.99,1,1,0.6421841,0.013641838706966558
Vanguard Total Stock Market Index Fund ETF Shares,2026-05-06,361.86,0,0,0.325613,-0.004587409495385053
Vanguard Total Stock Market Index Fund ETF Shares,2026-05-07,360.2,1,1,0.73627967,0.007412548584119882
Vanguard Total Stock Market Index Fund ETF Shares,2026-05-08,362.87,0,1,0.9649517,0.0
Vanguard Total Stock Market Index Fund ETF Shares,2026-05-08,362.87,0,1,0.62064564,0.0
State Street Materials Select Sector SPDR ETF,2025-06-05,42.9339,1,1,0.5864833,0.0026272945155227934
State Street Materials Select Sector SPDR ETF,2025-06-06,43.0467,1,1,0.5604828,0.006720608083778723
State Street Materials Select Sector SPDR ETF,2025-06-09,43.336,1,1,0.6401356,0.0062234631714972455
State Street Materials Select Sector SPDR ETF,2025-06-10,43.6057,0,1,0.5830044,-0.009895495313686054
State Street Materials Select Sector SPDR ETF,2025-06-11,43.1742,1,1,0.7098085,0.004201583353021121
State Street Materials Select Sector SPDR ETF,2025-06-12,43.3556,0,0,0.45890152,-0.01165016745241687
State Street Materials Select Sector SPDR ETF,2025-06-13,42.8505,1,0,0.32390323,0.008468979358467355
State Street Materials Select Sector SPDR ETF,2025-06-16,43.2134,0,0,0.36962378,-0.009758547117329375
State Street Materials Select Sector SPDR ETF,2025-06-17,42.7917,0,1,0.7073727,-0.002865041585167205
State Street Materials Select Sector SPDR ETF,2025-06-18,42.6691,0,1,0.76115763,-0.006782425689784932
State Street Materials Select Sector SPDR ETF,2025-06-20,42.3797,1,1,0.65590155,0.01114212700892181
State Street Materials Select Sector SPDR ETF,2025-06-23,42.8519,1,1,0.56234944,0.008282013166277302
State Street Materials Select Sector SPDR ETF,2025-06-24,43.2068,0,1,0.5903301,-0.009581825083088802
State Street Materials Select Sector SPDR ETF,2025-06-25,42.7928,1,1,0.55889076,0.011057934979716189
State Street Materials Select Sector SPDR ETF,2025-06-26,43.266,1,1,0.6802026,0.0012527157583321902
State Street Materials Select Sector SPDR ETF,2025-06-27,43.3202,0,1,0.7497834,-0.0009118148115658808
State Street Materials Select Sector SPDR ETF,2025-06-30,43.2807,1,1,0.54969877,0.025852169673780567
State Street Materials Select Sector SPDR ETF,2025-07-01,44.3996,1,0,0.45034817,0.014986621501094533
State Street Materials Select Sector SPDR ETF,2025-07-02,45.065,0,1,0.77274734,-0.0006568290247419561
State Street Materials Select Sector SPDR ETF,2025-07-03,45.0354,0,1,0.7887925,-0.009630202018856338
State Street Materials Select Sector SPDR ETF,2025-07-07,44.6017,1,1,0.8107585,0.008176818372393813
State Street Materials Select Sector SPDR ETF,2025-07-08,44.9664,1,1,0.5770388,0.006028946057500706
State Street Materials Select Sector SPDR ETF,2025-07-09,45.2375,1,0,0.43052194,0.005338491295938219
State Street Materials Select Sector SPDR ETF,2025-07-10,45.479,0,0,0.33202633,-0.008126827766661515
State Street Materials Select Sector SPDR ETF,2025-07-11,45.1094,0,0,0.45890987,-0.005573117798064353
State Street Materials Select Sector SPDR ETF,2025-07-14,44.858,0,1,0.52713186,-0.02054705961032577
State Street Materials Select Sector SPDR ETF,2025-07-15,43.9363,1,0,0.47446263,0.0026925344191477407
State Street Materials Select Sector SPDR ETF,2025-07-16,44.0546,1,1,0.7207861,0.007048072164995256
State Street Materials Select Sector SPDR ETF,2025-07-17,44.3651,1,1,0.7297404,0.0023329148362114527
State Street Materials Select Sector SPDR ETF,2025-07-18,44.4686,1,1,0.6589655,0.005097979248278595
State Street Materials Select Sector SPDR ETF,2025-07-21,44.6953,1,1,0.73377085,0.013786684505977087
State Street Materials Select Sector SPDR ETF,2025-07-22,45.3115,1,0,0.36147493,0.0033722123522725855
State Street Materials Select Sector SPDR ETF,2025-07-23,45.4643,0,0,0.3452324,-0.010300389536405441
State Street Materials Select Sector SPDR ETF,2025-07-24,44.996,1,0,0.34188542,0.0118299404391502
State Street Materials Select Sector SPDR ETF,2025-07-25,45.5283,0,0,0.2190163,-0.014505263759024611
State Street Materials Select Sector SPDR ETF,2025-07-28,44.8679,0,1,0.51333064,-0.00384684819213732
State Street Materials Select Sector SPDR ETF,2025-07-29,44.6953,0,1,0.78118163,-0.020178855494873194
State Street Materials Select Sector SPDR ETF,2025-07-30,43.7934,0,1,0.8017721,-0.012606922504304174
State Street Materials Select Sector SPDR ETF,2025-07-31,43.2413,0,0,0.41902998,-0.011512142326895902
State Street Materials Select Sector SPDR ETF,2025-08-01,42.7435,1,0,0.1789662,0.013260495747891454
State Street Materials Select Sector SPDR ETF,2025-08-04,43.3103,1,0,0.20138425,0.007056058258659181
State Street Materials Select Sector SPDR ETF,2025-08-05,43.6159,0,1,0.6720666,-0.010849254514982087
State Street Materials Select Sector SPDR ETF,2025-08-06,43.1427,1,1,0.8026184,0.0043414065415470215
State Street Materials Select Sector SPDR ETF,2025-08-07,43.33,1,1,0.7400401,0.005005769674590432
State Street Materials Select Sector SPDR ETF,2025-08-08,43.5469,0,1,0.7922653,-0.002264225467254799
State Street Materials Select Sector SPDR ETF,2025-08-11,43.4483,1,1,0.84100425,0.013047691163980968
State Street Materials Select Sector SPDR ETF,2025-08-12,44.0152,1,1,0.70474726,0.018811683236700016
State Street Materials Select Sector SPDR ETF,2025-08-13,44.8432,0,1,0.58420604,-0.010440824918828362
State Street Materials Select Sector SPDR ETF,2025-08-14,44.375,0,0,0.49980164,0.0
State Street Materials Select Sector SPDR ETF,2025-08-15,44.375,0,0,0.32977048,-0.005775774647887366
State Street Materials Select Sector SPDR ETF,2025-08-18,44.1187,1,0,0.2449051,0.006031456049248929
State Street Materials Select Sector SPDR ETF,2025-08-19,44.3848,1,0,0.36379156,0.0007772931273770656
State Street Materials Select Sector SPDR ETF,2025-08-20,44.4193,1,1,0.58708775,0.0029964452388939744
State Street Materials Select Sector SPDR ETF,2025-08-21,44.5524,1,1,0.7356262,0.01980364694157899
State Street Materials Select Sector SPDR ETF,2025-08-22,45.4347,0,1,0.7280166,-0.0055332158020190425
State Street Materials Select Sector SPDR ETF,2025-08-25,45.1833,1,1,0.8036998,0.002726671137345038
State Street Materials Select Sector SPDR ETF,2025-08-26,45.3065,1,1,0.6979766,0.0025029521150385925
State Street Materials Select Sector SPDR ETF,2025-08-27,45.4199,0,1,0.62472904,0.0
State Street Materials Select Sector SPDR ETF,2025-08-28,45.4199,1,0,0.39623576,0.0014112756743189792
State Street Materials Select Sector SPDR ETF,2025-08-29,45.484,0,1,0.6239401,-0.0074773546741710994
State Street Materials Select Sector SPDR ETF,2025-09-02,45.1439,0,1,0.7640527,-0.006769463869980341
State Street Materials Select Sector SPDR ETF,2025-09-03,44.8383,1,1,0.82730526,0.003847157452445904
State Street Materials Select Sector SPDR ETF,2025-09-04,45.0108,1,1,0.811694,0.007007207159170692
State Street Materials Select Sector SPDR ETF,2025-09-05,45.3262,1,1,0.8199067,0.0008714606563091642
State Street Materials Select Sector SPDR ETF,2025-09-08,45.3657,0,1,0.7181753,-0.016298657355667268
State Street Materials Select Sector SPDR ETF,2025-09-09,44.6263,1,1,0.80109435,0.0018778164445629741
State Street Materials Select Sector SPDR ETF,2025-09-10,44.7101,1,1,0.6466339,0.020946050221314794
State Street Materials Select Sector SPDR ETF,2025-09-11,45.6466,0,0,0.418234,-0.010042368982574823
State Street Materials Select Sector SPDR ETF,2025-09-12,45.1882,0,1,0.7337728,-0.008070691021107246
State Street Materials Select Sector SPDR ETF,2025-09-15,44.8235,0,1,0.7564774,-0.0030787421776524715
State Street Materials Select Sector SPDR ETF,2025-09-16,44.6855,1,1,0.76361334,0.002316187577625861
State Street Materials Select Sector SPDR ETF,2025-09-17,44.789,0,1,0.5260621,0.0
State Street Materials Select Sector SPDR ETF,2025-09-18,44.789,0,1,0.6150688,-0.0004398401393199691
State Street Materials Select Sector SPDR ETF,2025-09-19,44.7693,0,1,0.8062634,-0.0003439857223588305
State Street Materials Select Sector SPDR ETF,2025-09-22,44.7539,0,1,0.84448713,-0.00320865891017319
State Street Materials Select Sector SPDR ETF,2025-09-23,44.6103,0,1,0.5851067,-0.0122101846434568
State Street Materials Select Sector SPDR ETF,2025-09-24,44.0656,0,1,0.82570565,-0.013037380632511586
State Street Materials Select Sector SPDR ETF,2025-09-25,43.4911,1,1,0.80553067,0.01161387042406381
State Street Materials Select Sector SPDR ETF,2025-09-26,43.9962,1,1,0.62636936,0.003827603293011572
State Street Materials Select Sector SPDR ETF,2025-09-29,44.1646,1,1,0.75242156,0.004933815771002159
State Street Materials Select Sector SPDR ETF,2025-09-30,44.3825,0,1,0.8396307,-0.01048836816312737
State Street Materials Select Sector SPDR ETF,2025-10-01,43.917,1,1,0.79865354,0.011615092105562885
State Street Materials Select Sector SPDR ETF,2025-10-02,44.4271,1,1,0.7227635,0.0016724026551360183
State Street Materials Select Sector SPDR ETF,2025-10-03,44.5014,0,0,0.3463486,-0.0008921067651803671
State Street Materials Select Sector SPDR ETF,2025-10-06,44.4617,0,1,0.543165,-0.004007943915774748
State Street Materials Select Sector SPDR ETF,2025-10-07,44.2835,1,1,0.61125904,0.0053676877392256905
State Street Materials Select Sector SPDR ETF,2025-10-08,44.5212,0,0,0.34465083,-0.01368336882204435
State Street Materials Select Sector SPDR ETF,2025-10-09,43.912,0,1,0.69946265,-0.02052514119147386
State Street Materials Select Sector SPDR ETF,2025-10-10,43.0107,1,1,0.65979964,0.01588906946411006
State Street Materials Select Sector SPDR ETF,2025-10-13,43.6941,1,0,0.18367076,0.009973886634579987
State Street Materials Select Sector SPDR ETF,2025-10-14,44.1299,0,0,0.4907849,-0.004489019916201875
State Street Materials Select Sector SPDR ETF,2025-10-15,43.9318,0,1,0.8996187,-0.007438802871724048
State Street Materials Select Sector SPDR ETF,2025-10-16,43.605,0,1,0.8961564,-0.0019309712188968486
State Street Materials Select Sector SPDR ETF,2025-10-17,43.5208,1,0,0.2744518,0.011948309773717414
State Street Materials Select Sector SPDR ETF,2025-10-20,44.0408,0,0,0.48233145,-0.003823727089426132
State Street Materials Select Sector SPDR ETF,2025-10-21,43.8724,0,0,0.18906356,-0.0030474740383474863
State Street Materials Select Sector SPDR ETF,2025-10-22,43.7387,1,1,0.72761387,0.01200081392451069
State Street Materials Select Sector SPDR ETF,2025-10-23,44.2636,0,1,0.6818176,-0.004138840943800348
State Street Materials Select Sector SPDR ETF,2025-10-24,44.0804,0,0,0.47565547,-0.0004491792270486794
State Street Materials Select Sector SPDR ETF,2025-10-27,44.0606,1,0,0.20198789,0.0013481432390842762
State Street Materials Select Sector SPDR ETF,2025-10-28,44.12,0,0,0.41127297,-0.019641885766092382
State Street Materials Select Sector SPDR ETF,2025-10-29,43.2534,0,1,0.51057976,-0.013395478736931699
State Street Materials Select Sector SPDR ETF,2025-10-30,42.674,0,1,0.8064373,-0.005804471106528597
State Street Materials Select Sector SPDR ETF,2025-10-31,42.4263,0,1,0.8424713,-0.006184842892262621
State Street Materials Select Sector SPDR ETF,2025-11-03,42.1639,0,1,0.70728654,-0.004933129999833974
State Street Materials Select Sector SPDR ETF,2025-11-04,41.9559,1,1,0.7160662,0.005901434601569777
State Street Materials Select Sector SPDR ETF,2025-11-05,42.2035,0,1,0.6448462,-0.004928501190659462
State Street Materials Select Sector SPDR ETF,2025-11-06,41.9955,1,1,0.70699006,0.012027479134669061
State Street Materials Select Sector SPDR ETF,2025-11-07,42.5006,1,0,0.34680182,0.009439866731293378
State Street Materials Select Sector SPDR ETF,2025-11-10,42.9018,1,1,0.6651674,0.010388841493830014
State Street Materials Select Sector SPDR ETF,2025-11-11,43.3475,1,0,0.45080855,0.0070823000173021455
State Street Materials Select Sector SPDR ETF,2025-11-12,43.6545,0,0,0.4565012,-0.006578932297930273
State Street Materials Select Sector SPDR ETF,2025-11-13,43.3673,0,1,0.6939358,-0.009135915770638214
State Street Materials Select Sector SPDR ETF,2025-11-14,42.9711,0,1,0.8306363,-0.015212549830002087
State Street Materials Select Sector SPDR ETF,2025-11-17,42.3174,1,1,0.7094298,0.0008199936669077701
State Street Materials Select Sector SPDR ETF,2025-11-18,42.3521,1,0,0.30946812,0.002571301068896137
State Street Materials Select Sector SPDR ETF,2025-11-19,42.461,0,0,0.31934908,-0.014928993664774626
State Street Materials Select Sector SPDR ETF,2025-11-20,41.8271,1,0,0.45215398,0.02237783637880697
State Street Materials Select Sector SPDR ETF,2025-11-21,42.7631,1,0,0.39848134,0.0019689872810904063
State Street Materials Select Sector SPDR ETF,2025-11-24,42.8473,1,0,0.39141756,0.014908757377944504
State Street Materials Select Sector SPDR ETF,2025-11-25,43.4861,1,1,0.7782159,0.012300482223055242
State Street Materials Select Sector SPDR ETF,2025-11-26,44.021,1,1,0.78210086,0.005738170418663868
State Street Materials Select Sector SPDR ETF,2025-11-28,44.2736,0,1,0.62568706,-0.0024619637888042556
State Street Materials Select Sector SPDR ETF,2025-12-01,44.1646,0,1,0.8331061,-0.00908193439994931
State Street Materials Select Sector SPDR ETF,2025-12-02,43.7635,1,1,0.6436156,0.007014978235287517
State Street Materials Select Sector SPDR ETF,2025-12-03,44.0705,0,1,0.6509514,-0.005842910790665012
State Street Materials Select Sector SPDR ETF,2025-12-04,43.813,0,1,0.9113263,-0.0032775660192180256
State Street Materials Select Sector SPDR ETF,2025-12-05,43.6694,0,1,0.78102136,-0.013835775165218833
State Street Materials Select Sector SPDR ETF,2025-12-08,43.0652,0,1,0.60093707,-0.002071277969218688
State Street Materials Select Sector SPDR ETF,2025-12-09,42.976,1,1,0.69601566,0.019590003723008342
State Street Materials Select Sector SPDR ETF,2025-12-10,43.8179,1,0,0.4274785,0.01989141423938623
State Street Materials Select Sector SPDR ETF,2025-12-11,44.6895,1,0,0.16138738,0.0006668233030129311
State Street Materials Select Sector SPDR ETF,2025-12-12,44.7193,0,0,0.25173643,-0.0006663789460030767
State Street Materials Select Sector SPDR ETF,2025-12-15,44.6895,0,0,0.46731701,-0.002658342563689464
State Street Materials Select Sector SPDR ETF,2025-12-16,44.5707,1,1,0.78222024,0.004222504919150882
State Street Materials Select Sector SPDR ETF,2025-12-17,44.7589,0,1,0.92464423,-0.0004423701208027264
State Street Materials Select Sector SPDR ETF,2025-12-18,44.7391,1,1,0.91947454,0.004427894168635316
State Street Materials Select Sector SPDR ETF,2025-12-19,44.9372,1,1,0.6897029,0.01180758925789771
State Street Materials Select Sector SPDR ETF,2025-12-22,45.4678,1,1,0.5667442,0.0017506894989423039
State Street Materials Select Sector SPDR ETF,2025-12-23,45.5474,1,0,0.34163368,0.001967181441750787
State Street Materials Select Sector SPDR ETF,2025-12-24,45.637,1,1,0.74500203,0.005892148914258266
State Street Materials Select Sector SPDR ETF,2025-12-26,45.9059,0,1,0.9095959,-0.00802511224047453
State Street Materials Select Sector SPDR ETF,2025-12-29,45.5375,0,1,0.8882563,-0.00021959923140268955
State Street Materials Select Sector SPDR ETF,2025-12-30,45.5275,0,1,0.89211136,-0.0083092636318709
State Street Materials Select Sector SPDR ETF,2025-12-31,45.1492,1,1,0.66596276,0.016979259876144015
State Street Materials Select Sector SPDR ETF,2026-01-02,45.9158,1,1,0.70130056,0.00997477992325102
State Street Materials Select Sector SPDR ETF,2026-01-05,46.3738,1,1,0.64724827,0.01975037629006038
State Street Materials Select Sector SPDR ETF,2026-01-06,47.2897,0,1,0.7549328,-0.017263801631222098
State Street Materials Select Sector SPDR ETF,2026-01-07,46.4733,1,1,0.7994579,0.01756707614910069
State Street Materials Select Sector SPDR ETF,2026-01-08,47.2897,1,1,0.7471442,0.015999255651864885
State Street Materials Select Sector SPDR ETF,2026-01-09,48.0463,1,1,0.6930295,0.0053885522922680895
State Street Materials Select Sector SPDR ETF,2026-01-12,48.3052,1,1,0.5995132,0.004328726513915582
State Street Materials Select Sector SPDR ETF,2026-01-13,48.5143,1,1,0.7736177,0.0004101883362224168
State Street Materials Select Sector SPDR ETF,2026-01-14,48.5342,1,1,0.87267613,0.00430624178414396
State Street Materials Select Sector SPDR ETF,2026-01-15,48.7432,0,1,0.9074108,-0.005717720625646239
State Street Materials Select Sector SPDR ETF,2026-01-16,48.4645,0,1,0.8089541,-0.010067162562287901
State Street Materials Select Sector SPDR ETF,2026-01-20,47.9766,1,1,0.71622497,0.02178978918889629
State Street Materials Select Sector SPDR ETF,2026-01-21,49.022,1,1,0.56242484,0.005687242462567799
State Street Materials Select Sector SPDR ETF,2026-01-22,49.3008,1,1,0.63719845,0.009087073637750409
State Street Materials Select Sector SPDR ETF,2026-01-23,49.7488,1,1,0.53404564,0.001200028945421705
State Street Materials Select Sector SPDR ETF,2026-01-26,49.8085,0,1,0.70019555,-0.0009998293463967522
State Street Materials Select Sector SPDR ETF,2026-01-27,49.7587,0,1,0.8045115,-0.000598890244319028
State Street Materials Select Sector SPDR ETF,2026-01-28,49.7289,1,1,0.9119725,0.000999418848999234
State Street Materials Select Sector SPDR ETF,2026-01-29,49.7786,0,1,0.71827585,-0.01459864279027523
State Street Materials Select Sector SPDR ETF,2026-01-30,49.0519,1,0,0.23790318,0.00771223948511679
State Street Materials Select Sector SPDR ETF,2026-02-02,49.4302,1,0,0.21327859,0.0211469911106974
State Street Materials Select Sector SPDR ETF,2026-02-03,50.4755,1,1,0.71737045,0.023472773920020673
State Street Materials Select Sector SPDR ETF,2026-02-04,51.6603,0,1,0.8232713,-0.026788462320195494
State Street Materials Select Sector SPDR ETF,2026-02-05,50.2764,1,1,0.793261,0.019999443078661194
State Street Materials Select Sector SPDR ETF,2026-02-06,51.2819,1,1,0.7424041,0.013008488375040761
State Street Materials Select Sector SPDR ETF,2026-02-09,51.949,1,0,0.44917652,0.01398871970586546
State Street Materials Select Sector SPDR ETF,2026-02-10,52.6757,1,1,0.5361631,0.013419850139627876
State Street Materials Select Sector SPDR ETF,2026-02-11,53.3826,0,0,0.46109605,-0.014733265146321006
State Street Materials Select Sector SPDR ETF,2026-02-12,52.5961,1,1,0.6708286,0.009086225024288908
State Street Materials Select Sector SPDR ETF,2026-02-13,53.074,0,1,0.7666546,-0.011442514225420974
State Street Materials Select Sector SPDR ETF,2026-02-17,52.4667,1,1,0.742614,0.006072423079781952
State Street Materials Select Sector SPDR ETF,2026-02-18,52.7853,0,1,0.85300523,-0.0035843312437363606
State Street Materials Select Sector SPDR ETF,2026-02-19,52.5961,1,1,0.5717363,0.0024602584602280153
State Street Materials Select Sector SPDR ETF,2026-02-20,52.7255,0,0,0.45718572,0.0
State Street Materials Select Sector SPDR ETF,2026-02-23,52.7255,1,1,0.6652045,0.0075542194953106545
State Street Materials Select Sector SPDR ETF,2026-02-24,53.1238,0,1,0.7886535,-0.005622715242509124
State Street Materials Select Sector SPDR ETF,2026-02-25,52.8251,0,1,0.8242946,-0.0011320376109084096
State Street Materials Select Sector SPDR ETF,2026-02-26,52.7653,1,0,0.39406976,0.007736144776965048
State Street Materials Select Sector SPDR ETF,2026-02-27,53.1735,0,0,0.45838612,-0.002995853197551357
State Street Materials Select Sector SPDR ETF,2026-03-02,53.0142,0,1,0.5634569,-0.02460095597028722
State Street Materials Select Sector SPDR ETF,2026-03-03,51.71,0,1,0.90961444,-0.0003848385225294626
State Street Materials Select Sector SPDR ETF,2026-03-04,51.6901,0,1,0.9287466,-0.02099241440817501
State Street Materials Select Sector SPDR ETF,2026-03-05,50.605,0,0,0.4339893,-0.019085070645193047
State Street Materials Select Sector SPDR ETF,2026-03-06,49.6392,1,0,0.25077695,0.0026088252832439096
State Street Materials Select Sector SPDR ETF,2026-03-09,49.7687,0,1,0.61981916,-0.0022001780235370028
State Street Materials Select Sector SPDR ETF,2026-03-10,49.6592,0,1,0.7406753,-0.0008034764957952634
State Street Materials Select Sector SPDR ETF,2026-03-11,49.6193,0,1,0.6550761,-0.003210444323075934
State Street Materials Select Sector SPDR ETF,2026-03-12,49.46,0,0,0.17072058,-0.009862515163768681
State Street Materials Select Sector SPDR ETF,2026-03-13,48.9722,1,1,0.602609,0.004269769379362076
State Street Materials Select Sector SPDR ETF,2026-03-16,49.1813,1,1,0.8110044,0.002429785304577159
State Street Materials Select Sector SPDR ETF,2026-03-17,49.3008,0,1,0.87496555,-0.021001687599389918
State Street Materials Select Sector SPDR ETF,2026-03-18,48.2654,0,1,0.5355322,-0.01526559398658256
State Street Materials Select Sector SPDR ETF,2026-03-19,47.5286,0,0,0.0808253,-0.015918836237549527
State Street Materials Select Sector SPDR ETF,2026-03-20,46.772,1,0,0.15369448,0.016633883520054793
State Street Materials Select Sector SPDR ETF,2026-03-23,47.55,1,0,0.40760848,0.018927444794952786
State Street Materials Select Sector SPDR ETF,2026-03-24,48.45,1,1,0.5933746,0.01981424148606803
State Street Materials Select Sector SPDR ETF,2026-03-25,49.41,0,0,0.42225048,-0.006476421776968055
State Street Materials Select Sector SPDR ETF,2026-03-26,49.09,0,0,0.2559594,-0.0036667345691587805
State Street Materials Select Sector SPDR ETF,2026-03-27,48.91,1,1,0.8105192,0.0036802289920263576
State Street Materials Select Sector SPDR ETF,2026-03-30,49.09,1,0,0.48691976,0.017926257893664532
State Street Materials Select Sector SPDR ETF,2026-03-31,49.97,1,1,0.6375033,0.00980588353011802
State Street Materials Select Sector SPDR ETF,2026-04-01,50.46,0,1,0.6871427,-0.0009908838684107302
State Street Materials Select Sector SPDR ETF,2026-04-02,50.41,0,1,0.5079083,-0.003769093433842463
State Street Materials Select Sector SPDR ETF,2026-04-06,50.22,0,1,0.60009694,-0.002787733970529671
State Street Materials Select Sector SPDR ETF,2026-04-07,50.08,1,1,0.6663775,0.033346645367412275
State Street Materials Select Sector SPDR ETF,2026-04-08,51.75,0,1,0.59961027,-0.0015458937198067346
State Street Materials Select Sector SPDR ETF,2026-04-09,51.67,1,1,0.861167,0.005612541126378989
State Street Materials Select Sector SPDR ETF,2026-04-10,51.96,1,1,0.897744,0.00442648190916084
State Street Materials Select Sector SPDR ETF,2026-04-13,52.19,0,1,0.73748404,-0.003448936577888473
State Street Materials Select Sector SPDR ETF,2026-04-14,52.01,0,1,0.67169046,-0.012113055181695698
State Street Materials Select Sector SPDR ETF,2026-04-15,51.38,1,1,0.6979471,0.007201245620864105
State Street Materials Select Sector SPDR ETF,2026-04-16,51.75,1,1,0.67712516,0.002512077294686055
State Street Materials Select Sector SPDR ETF,2026-04-17,51.88,1,1,0.5443793,0.006746337702389971
State Street Materials Select Sector SPDR ETF,2026-04-20,52.23,0,1,0.54375094,-0.008807198927819115
State Street Materials Select Sector SPDR ETF,2026-04-21,51.77,1,0,0.44208896,0.0011589723778249184
State Street Materials Select Sector SPDR ETF,2026-04-22,51.83,0,0,0.41765413,-0.00038587690526714624
State Street Materials Select Sector SPDR ETF,2026-04-23,51.81,1,0,0.36876324,0.002123142250530785
State Street Materials Select Sector SPDR ETF,2026-04-24,51.92,0,0,0.34816366,-0.0026964560862866582
State Street Materials Select Sector SPDR ETF,2026-04-27,51.78,0,0,0.38289183,-0.007338740826574042
State Street Materials Select Sector SPDR ETF,2026-04-28,51.4,0,0,0.3950997,-0.008560311284046662
State Street Materials Select Sector SPDR ETF,2026-04-29,50.96,1,0,0.4652204,0.010007849293563575
State Street Materials Select Sector SPDR ETF,2026-04-30,51.47,0,0,0.29515323,0.0
State Street Materials Select Sector SPDR ETF,2026-04-30,51.47,0,1,0.7415787,-0.0023314552166310287
State Street Materials Select Sector SPDR ETF,2026-05-01,51.35,0,1,0.9173789,0.0
State Street Materials Select Sector SPDR ETF,2026-05-01,51.35,0,1,0.6262988,0.0
State Street Materials Select Sector SPDR ETF,2026-05-01,51.35,0,0,0.35301557,-0.01363193768257065
State Street Materials Select Sector SPDR ETF,2026-05-04,50.65,1,1,0.7073829,0.01737413622902273
State Street Materials Select Sector SPDR ETF,2026-05-05,51.53,1,0,0.41020855,0.017077430622937984
State Street Materials Select Sector SPDR ETF,2026-05-06,52.41,0,0,0.13567072,-0.019271131463461155
State Street Materials Select Sector SPDR ETF,2026-05-07,51.4,1,1,0.73083687,0.003696498054474695
State Street Materials Select Sector SPDR ETF,2026-05-08,51.59,0,1,0.97583425,0.0
State Street Materials Select Sector SPDR ETF,2026-05-08,51.59,0,1,0.60658026,0.0
State Street Communication Services Select Sector SPDR ETF,2025-06-05,101.1458,1,1,0.67731047,0.012792424401210978
State Street Communication Services Select Sector SPDR ETF,2025-06-06,102.4397,0,1,0.6806339,-0.002892433304666042
State Street Communication Services Select Sector SPDR ETF,2025-06-09,102.1434,1,1,0.65600044,0.012668464139631075
State Street Communication Services Select Sector SPDR ETF,2025-06-10,103.4374,0,1,0.5461389,-0.0022922076540979885
State Street Communication Services Select Sector SPDR ETF,2025-06-11,103.2003,0,1,0.6768077,-0.00813563526462624
State Street Communication Services Select Sector SPDR ETF,2025-06-12,102.3607,0,1,0.64734304,-0.010131818168496287
State Street Communication Services Select Sector SPDR ETF,2025-06-13,101.3236,1,1,0.50500625,0.01715691112435791
State Street Communication Services Select Sector SPDR ETF,2025-06-16,103.062,0,0,0.39467037,-0.008817022762997007
State Street Communication Services Select Sector SPDR ETF,2025-06-17,102.1533,1,1,0.62961596,0.0004835869227914902
State Street Communication Services Select Sector SPDR ETF,2025-06-18,102.2027,0,1,0.64161247,-0.006088880235062266
State Street Communication Services Select Sector SPDR ETF,2025-06-20,101.5804,1,1,0.68721735,0.012661891467251607
State Street Communication Services Select Sector SPDR ETF,2025-06-23,102.8666,1,1,0.54854846,0.012898258521230277
State Street Communication Services Select Sector SPDR ETF,2025-06-24,104.1934,0,1,0.59405154,-0.0001900312303850793
State Street Communication Services Select Sector SPDR ETF,2025-06-25,104.1736,1,1,0.54653126,0.011596028168365136
State Street Communication Services Select Sector SPDR ETF,2025-06-26,105.3816,1,1,0.7328747,0.011744934599588364
State Street Communication Services Select Sector SPDR ETF,2025-06-27,106.6193,1,1,0.7626793,0.007893505209657148
State Street Communication Services Select Sector SPDR ETF,2025-06-30,107.4609,0,1,0.6274383,-0.007094673504502547
State Street Communication Services Select Sector SPDR ETF,2025-07-01,106.6985,0,1,0.5630025,-0.0028772663158338485
State Street Communication Services Select Sector SPDR ETF,2025-07-02,106.3915,1,1,0.75234586,0.005491040167682648
State Street Communication Services Select Sector SPDR ETF,2025-07-03,106.9757,0,1,0.7661516,-0.009625550475481859
State Street Communication Services Select Sector SPDR ETF,2025-07-07,105.946,0,1,0.8418644,-0.0020567081343325633
State Street Communication Services Select Sector SPDR ETF,2025-07-08,105.7281,1,1,0.67009974,0.0026227653764703263
State Street Communication Services Select Sector SPDR ETF,2025-07-09,106.0054,0,0,0.45832932,-0.003363036222682969
State Street Communication Services Select Sector SPDR ETF,2025-07-10,105.6489,0,0,0.2960007,-0.006466702445553141
State Street Communication Services Select Sector SPDR ETF,2025-07-11,104.9657,1,0,0.41090032,0.009810823916765354
State Street Communication Services Select Sector SPDR ETF,2025-07-14,105.9955,0,1,0.507268,-0.00990230717341789
State Street Communication Services Select Sector SPDR ETF,2025-07-15,104.9459,1,0,0.49110118,0.003018698205456305
State Street Communication Services Select Sector SPDR ETF,2025-07-16,105.2627,1,1,0.7053242,0.0034808151415457456
State Street Communication Services Select Sector SPDR ETF,2025-07-17,105.6291,0,1,0.67792296,-0.004593431166222128
State Street Communication Services Select Sector SPDR ETF,2025-07-18,105.1439,1,1,0.67925584,0.013372149977316727
State Street Communication Services Select Sector SPDR ETF,2025-07-21,106.5499,1,1,0.6223173,0.002323793828056253
State Street Communication Services Select Sector SPDR ETF,2025-07-22,106.7975,1,0,0.33101183,0.0054701655001287985
State Street Communication Services Select Sector SPDR ETF,2025-07-23,107.3817,1,0,0.31567827,0.001659500641170819
State Street Communication Services Select Sector SPDR ETF,2025-07-24,107.5599,0,0,0.36995152,-0.009297145125646278
State Street Communication Services Select Sector SPDR ETF,2025-07-25,106.5599,0,0,0.39724097,-0.0053894570096255645
State Street Communication Services Select Sector SPDR ETF,2025-07-28,105.9856,0,1,0.56299055,-0.008595507314201223
State Street Communication Services Select Sector SPDR ETF,2025-07-29,105.0746,1,1,0.78268343,0.0031101712497596523
State Street Communication Services Select Sector SPDR ETF,2025-07-30,105.4014,1,1,0.6972279,0.009017906783021834
State Street Communication Services Select Sector SPDR ETF,2025-07-31,106.3519,0,0,0.31653285,-0.012010128638980544
State Street Communication Services Select Sector SPDR ETF,2025-08-01,105.0746,1,0,0.25504506,0.019223485028731835
State Street Communication Services Select Sector SPDR ETF,2025-08-04,107.0945,0,0,0.2129611,-0.007766038405333631
State Street Communication Services Select Sector SPDR ETF,2025-08-05,106.2628,1,1,0.6347782,0.00382071618666191
State Street Communication Services Select Sector SPDR ETF,2025-08-06,106.6688,0,1,0.78887975,-0.004270227095458101
State Street Communication Services Select Sector SPDR ETF,2025-08-07,106.2133,1,1,0.76283485,0.0033555119744890227
State Street Communication Services Select Sector SPDR ETF,2025-08-08,106.5697,1,1,0.77268153,0.005110270555326757
State Street Communication Services Select Sector SPDR ETF,2025-08-11,107.1143,1,1,0.7975121,0.019134700035382757
State Street Communication Services Select Sector SPDR ETF,2025-08-12,109.1639,1,1,0.72201,0.007801113738149734
State Street Communication Services Select Sector SPDR ETF,2025-08-13,110.0155,1,1,0.63967705,0.0008098858797169761
State Street Communication Services Select Sector SPDR ETF,2025-08-14,110.1046,1,1,0.5179218,0.0025176059855809285
State Street Communication Services Select Sector SPDR ETF,2025-08-15,110.3818,0,0,0.42145085,-0.006099737456718435
State Street Communication Services Select Sector SPDR ETF,2025-08-18,109.7085,0,0,0.3178965,-0.0055957377960687005
State Street Communication Services Select Sector SPDR ETF,2025-08-19,109.0946,0,0,0.43142423,-0.002994648681052925
State Street Communication Services Select Sector SPDR ETF,2025-08-20,108.7679,0,1,0.64832085,-0.0010922340138955766
State Street Communication Services Select Sector SPDR ETF,2025-08-21,108.6491,1,1,0.73288375,0.014398646652388214
State Street Communication Services Select Sector SPDR ETF,2025-08-22,110.2135,1,1,0.73328775,0.001616861818198423
State Street Communication Services Select Sector SPDR ETF,2025-08-25,110.3917,0,1,0.80099463,-0.004394352111617095
State Street Communication Services Select Sector SPDR ETF,2025-08-26,109.9066,1,1,0.7514221,0.0017114531793358534
State Street Communication Services Select Sector SPDR ETF,2025-08-27,110.0947,1,1,0.6403787,0.0037767485628281694
State Street Communication Services Select Sector SPDR ETF,2025-08-28,110.5105,0,0,0.47486874,-0.0019708534483148243
State Street Communication Services Select Sector SPDR ETF,2025-08-29,110.2927,0,1,0.7006898,-0.0017054619208705102
State Street Communication Services Select Sector SPDR ETF,2025-09-02,110.1046,1,1,0.76367444,0.016726821586019014
State Street Communication Services Select Sector SPDR ETF,2025-09-03,111.9463,1,1,0.7381414,0.00902128967192306
State Street Communication Services Select Sector SPDR ETF,2025-09-04,112.9562,1,1,0.79644537,0.005347205376951436
State Street Communication Services Select Sector SPDR ETF,2025-09-05,113.5602,1,1,0.80256736,0.001133319596126281
State Street Communication Services Select Sector SPDR ETF,2025-09-08,113.6889,1,1,0.69370544,0.005661062777456705
State Street Communication Services Select Sector SPDR ETF,2025-09-09,114.3325,0,1,0.7585862,-0.007360986596112173
State Street Communication Services Select Sector SPDR ETF,2025-09-10,113.4909,1,1,0.6985907,0.015355416161119573
State Street Communication Services Select Sector SPDR ETF,2025-09-11,115.2336,1,1,0.5588744,0.008334374696269187
State Street Communication Services Select Sector SPDR ETF,2025-09-12,116.194,1,1,0.7011847,0.014060967003459712
State Street Communication Services Select Sector SPDR ETF,2025-09-15,117.8278,0,1,0.7043161,-0.004033852791955672
State Street Communication Services Select Sector SPDR ETF,2025-09-16,117.3525,1,1,0.74584186,0.002615197801495439
State Street Communication Services Select Sector SPDR ETF,2025-09-17,117.6594,1,1,0.5526183,0.000757270562318002
State Street Communication Services Select Sector SPDR ETF,2025-09-18,117.7485,1,1,0.5993266,0.004120646972148201
State Street Communication Services Select Sector SPDR ETF,2025-09-19,118.2337,0,1,0.7821128,-0.003487161443818443
State Street Communication Services Select Sector SPDR ETF,2025-09-22,117.8214,0,1,0.8273688,-0.001433525658326884
State Street Communication Services Select Sector SPDR ETF,2025-09-23,117.6525,0,1,0.7700707,-0.008276917192579836
State Street Communication Services Select Sector SPDR ETF,2025-09-24,116.6787,0,1,0.81816834,-0.0034059344164788508
State Street Communication Services Select Sector SPDR ETF,2025-09-25,116.2813,1,1,0.754729,0.009741033166983826
State Street Communication Services Select Sector SPDR ETF,2025-09-26,117.414,1,1,0.7048266,0.003215970838230442
State Street Communication Services Select Sector SPDR ETF,2025-09-29,117.7916,0,1,0.7189264,-0.0015187840219506032
State Street Communication Services Select Sector SPDR ETF,2025-09-30,117.6127,0,1,0.82305795,-0.014023995707946546
State Street Communication Services Select Sector SPDR ETF,2025-10-01,115.9633,0,1,0.80271626,-0.0022274288503345563
State Street Communication Services Select Sector SPDR ETF,2025-10-02,115.705,0,1,0.77812344,-0.0005151030638261833
State Street Communication Services Select Sector SPDR ETF,2025-10-03,115.6454,1,0,0.3954995,0.0010307370634716762
State Street Communication Services Select Sector SPDR ETF,2025-10-06,115.7646,0,0,0.4665192,-0.0038621478413953803
State Street Communication Services Select Sector SPDR ETF,2025-10-07,115.3175,0,1,0.56043273,-0.004135538838424324
State Street Communication Services Select Sector SPDR ETF,2025-10-08,114.8406,0,0,0.3747781,-0.005710523978453619
State Street Communication Services Select Sector SPDR ETF,2025-10-09,114.1848,0,1,0.57825595,-0.018448164729456096
State Street Communication Services Select Sector SPDR ETF,2025-10-10,112.0783,1,1,0.62410223,0.009220339708935654
State Street Communication Services Select Sector SPDR ETF,2025-10-13,113.1117,1,0,0.37563598,0.006588177880802792
State Street Communication Services Select Sector SPDR ETF,2025-10-14,113.8569,1,1,0.64799774,0.007068521978026876
State Street Communication Services Select Sector SPDR ETF,2025-10-15,114.6617,0,1,0.9131458,-0.010658310490774148
State Street Communication Services Select Sector SPDR ETF,2025-10-16,113.4396,1,1,0.8326049,0.006744558337652862
State Street Communication Services Select Sector SPDR ETF,2025-10-17,114.2047,1,0,0.27001297,0.011309517033887495
State Street Communication Services Select Sector SPDR ETF,2025-10-20,115.4963,1,0,0.40898398,0.0035273857257764885
State Street Communication Services Select Sector SPDR ETF,2025-10-21,115.9037,0,0,0.19698834,-0.008658049743019425
State Street Communication Services Select Sector SPDR ETF,2025-10-22,114.9002,0,1,0.7261273,-0.0033724919538870024
State Street Communication Services Select Sector SPDR ETF,2025-10-23,114.5127,1,1,0.69750047,0.0026032047100452704
State Street Communication Services Select Sector SPDR ETF,2025-10-24,114.8108,1,0,0.4471717,0.013933358185815203
State Street Communication Services Select Sector SPDR ETF,2025-10-27,116.4105,0,0,0.2273574,-0.004950584354504128
State Street Communication Services Select Sector SPDR ETF,2025-10-28,115.8342,0,0,0.43282592,-0.0024880389384136503
State Street Communication Services Select Sector SPDR ETF,2025-10-29,115.546,0,1,0.51940763,-0.016940439305557997
State Street Communication Services Select Sector SPDR ETF,2025-10-30,113.5886,1,1,0.7844044,0.004286521710805458
State Street Communication Services Select Sector SPDR ETF,2025-10-31,114.0755,0,1,0.78593504,-0.010626295742731884
State Street Communication Services Select Sector SPDR ETF,2025-11-03,112.8633,0,1,0.73760295,-0.0068667139805409505
State Street Communication Services Select Sector SPDR ETF,2025-11-04,112.0883,1,1,0.77710223,0.005407344031446604
State Street Communication Services Select Sector SPDR ETF,2025-11-05,112.6944,0,1,0.79179704,-0.008993348382883348
State Street Communication Services Select Sector SPDR ETF,2025-11-06,111.6809,0,1,0.8785804,-0.0025796711881799217
State Street Communication Services Select Sector SPDR ETF,2025-11-07,111.3928,1,1,0.603076,0.010436042544940127
State Street Communication Services Select Sector SPDR ETF,2025-11-10,112.5553,1,1,0.70531493,0.008121341242926627
State Street Communication Services Select Sector SPDR ETF,2025-11-11,113.4694,0,0,0.38303187,-0.005779531750410238
State Street Communication Services Select Sector SPDR ETF,2025-11-12,112.8136,0,0,0.42411375,-0.014180027939893813
State Street Communication Services Select Sector SPDR ETF,2025-11-13,111.2139,0,1,0.6882683,-0.005359941518101485
State Street Communication Services Select Sector SPDR ETF,2025-11-14,110.6178,0,1,0.8427511,-0.001347884336878935
State Street Communication Services Select Sector SPDR ETF,2025-11-17,110.4687,1,1,0.6864356,0.0056667635266822725
State Street Communication Services Select Sector SPDR ETF,2025-11-18,111.0947,0,0,0.38319513,-0.005544818969761778
State Street Communication Services Select Sector SPDR ETF,2025-11-19,110.4787,0,0,0.40370154,-0.010973155911501498
State Street Communication Services Select Sector SPDR ETF,2025-11-20,109.2664,1,1,0.50855005,0.017550683467195682
State Street Communication Services Select Sector SPDR ETF,2025-11-21,111.1841,1,0,0.42272153,0.009919583825385159
State Street Communication Services Select Sector SPDR ETF,2025-11-24,112.287,1,0,0.33075738,0.011414500342871392
State Street Communication Services Select Sector SPDR ETF,2025-11-25,113.5687,1,1,0.6911624,0.0014000336360282528
State Street Communication Services Select Sector SPDR ETF,2025-11-26,113.7277,1,1,0.78451496,0.008125549008728639
State Street Communication Services Select Sector SPDR ETF,2025-11-28,114.6518,0,1,0.6221383,-0.00468025796367777
State Street Communication Services Select Sector SPDR ETF,2025-12-01,114.1152,1,1,0.8115213,0.0033089369339054375
State Street Communication Services Select Sector SPDR ETF,2025-12-02,114.4928,0,1,0.5619761,-0.0008681768635233622
State Street Communication Services Select Sector SPDR ETF,2025-12-03,114.3934,1,1,0.5996129,0.005732848223761078
State Street Communication Services Select Sector SPDR ETF,2025-12-04,115.0492,1,1,0.87933546,0.011572440312492382
State Street Communication Services Select Sector SPDR ETF,2025-12-05,116.3806,0,1,0.807848,-0.0074273547309431365
State Street Communication Services Select Sector SPDR ETF,2025-12-08,115.5162,1,1,0.6938173,0.0011184578440079918
State Street Communication Services Select Sector SPDR ETF,2025-12-09,115.6454,1,1,0.71078163,0.005841996309407849
State Street Communication Services Select Sector SPDR ETF,2025-12-10,116.321,0,1,0.50005037,-0.0022205792591191154
State Street Communication Services Select Sector SPDR ETF,2025-12-11,116.0627,0,0,0.22843832,-0.0022255212053485796
State Street Communication Services Select Sector SPDR ETF,2025-12-12,115.8044,1,0,0.24814396,0.00017097795938680882
State Street Communication Services Select Sector SPDR ETF,2025-12-15,115.8242,1,0,0.39703047,0.000686385055972627
State Street Communication Services Select Sector SPDR ETF,2025-12-16,115.9037,0,1,0.7081631,-0.007200805496286988
State Street Communication Services Select Sector SPDR ETF,2025-12-17,115.0691,1,1,0.90521497,0.005699184229302157
State Street Communication Services Select Sector SPDR ETF,2025-12-18,115.7249,1,1,0.90580827,0.0004286026602744464
State Street Communication Services Select Sector SPDR ETF,2025-12-19,115.7745,1,1,0.7312604,0.004443120030749315
State Street Communication Services Select Sector SPDR ETF,2025-12-22,116.2889,1,1,0.58661306,0.006257690974804886
State Street Communication Services Select Sector SPDR ETF,2025-12-23,117.0166,1,0,0.30791056,0.0059632564952323275
State Street Communication Services Select Sector SPDR ETF,2025-12-24,117.7144,0,1,0.6328812,-0.001016867944788391
State Street Communication Services Select Sector SPDR ETF,2025-12-26,117.5947,0,1,0.88963085,-0.0006777516333644762
State Street Communication Services Select Sector SPDR ETF,2025-12-29,117.515,1,1,0.8554002,0.0033927583712718423
State Street Communication Services Select Sector SPDR ETF,2025-12-30,117.9137,0,1,0.8469199,-0.004818778479515173
State Street Communication Services Select Sector SPDR ETF,2025-12-31,117.3455,0,1,0.6993639,-0.006965754971430593
State Street Communication Services Select Sector SPDR ETF,2026-01-02,116.5281,1,1,0.7466825,0.0072712075456478065
State Street Communication Services Select Sector SPDR ETF,2026-01-05,117.3754,0,1,0.6376173,-0.003566335024204337
State Street Communication Services Select Sector SPDR ETF,2026-01-06,116.9568,0,1,0.7814601,-0.0020460546116173317
State Street Communication Services Select Sector SPDR ETF,2026-01-07,116.7175,1,1,0.7543766,0.0033311200119947593
State Street Communication Services Select Sector SPDR ETF,2026-01-08,117.1063,1,1,0.78475016,0.0036599226514713035
State Street Communication Services Select Sector SPDR ETF,2026-01-09,117.5349,0,1,0.750734,-0.0030527103013656687
State Street Communication Services Select Sector SPDR ETF,2026-01-12,117.1761,0,1,0.6295559,-0.00561462619083597
State Street Communication Services Select Sector SPDR ETF,2026-01-13,116.5182,0,1,0.77042603,-0.0021387216760985206
State Street Communication Services Select Sector SPDR ETF,2026-01-14,116.269,0,1,0.86710745,-0.0036871393062639646
State Street Communication Services Select Sector SPDR ETF,2026-01-15,115.8403,0,1,0.9020347,-0.008949389806483521
State Street Communication Services Select Sector SPDR ETF,2026-01-16,114.8036,0,1,0.825464,-0.01475999010483997
State Street Communication Services Select Sector SPDR ETF,2026-01-20,113.1091,1,1,0.58110666,0.01022287331434879
State Street Communication Services Select Sector SPDR ETF,2026-01-21,114.2654,1,0,0.4836264,0.014132011965126923
State Street Communication Services Select Sector SPDR ETF,2026-01-22,115.8802,1,1,0.5620657,0.006108032260903951
State Street Communication Services Select Sector SPDR ETF,2026-01-23,116.588,1,0,0.49506596,0.0069252410196589675
State Street Communication Services Select Sector SPDR ETF,2026-01-26,117.3954,0,1,0.6462431,-0.007387853357116225
State Street Communication Services Select Sector SPDR ETF,2026-01-27,116.5281,0,1,0.79308134,-0.0012829523522651654
State Street Communication Services Select Sector SPDR ETF,2026-01-28,116.3786,1,1,0.90388757,0.026039151527858184
State Street Communication Services Select Sector SPDR ETF,2026-01-29,119.409,1,1,0.7508975,0.0024202530797510224
State Street Communication Services Select Sector SPDR ETF,2026-01-30,119.698,0,0,0.4134695,-0.0034144263062039215
State Street Communication Services Select Sector SPDR ETF,2026-02-02,119.2893,0,0,0.3366221,-0.016127179889562582
State Street Communication Services Select Sector SPDR ETF,2026-02-03,117.3655,0,1,0.7771949,-0.007983606766894802
State Street Communication Services Select Sector SPDR ETF,2026-02-04,116.4285,0,1,0.8091417,-0.0050520276392808094
State Street Communication Services Select Sector SPDR ETF,2026-02-05,115.8403,0,1,0.79834723,-0.003871709586387384
State Street Communication Services Select Sector SPDR ETF,2026-02-06,115.3918,1,1,0.8235145,0.009674864245119652
State Street Communication Services Select Sector SPDR ETF,2026-02-09,116.5082,1,1,0.5180629,0.005989278007899834
State Street Communication Services Select Sector SPDR ETF,2026-02-10,117.206,0,0,0.4612724,-0.007143832227019087
State Street Communication Services Select Sector SPDR ETF,2026-02-11,116.3687,0,0,0.40454343,-0.017989373431171796
State Street Communication Services Select Sector SPDR ETF,2026-02-12,114.2753,0,1,0.71225613,-0.0005232976855015226
State Street Communication Services Select Sector SPDR ETF,2026-02-13,114.2155,0,1,0.8460445,-0.0015707150080330745
State Street Communication Services Select Sector SPDR ETF,2026-02-17,114.0361,1,1,0.77501136,0.0016608775642099616
State Street Communication Services Select Sector SPDR ETF,2026-02-18,114.2255,1,1,0.8224898,0.004799278619922909
State Street Communication Services Select Sector SPDR ETF,2026-02-19,114.7737,1,1,0.61054397,0.014417937210353893
State Street Communication Services Select Sector SPDR ETF,2026-02-20,116.4285,0,0,0.41186145,-0.012329455416843826
State Street Communication Services Select Sector SPDR ETF,2026-02-23,114.993,1,1,0.6537952,0.006935204751593593
State Street Communication Services Select Sector SPDR ETF,2026-02-24,115.7905,1,1,0.78586996,0.0029268376939386442
State Street Communication Services Select Sector SPDR ETF,2026-02-25,116.1294,1,1,0.85294706,0.0018884106866994266
State Street Communication Services Select Sector SPDR ETF,2026-02-26,116.3487,1,0,0.4773094,0.011395056412319082
State Street Communication Services Select Sector SPDR ETF,2026-02-27,117.6745,0,1,0.5513379,-0.0015245444000187014
State Street Communication Services Select Sector SPDR ETF,2026-03-02,117.4951,1,1,0.577141,0.0007634360922286199
State Street Communication Services Select Sector SPDR ETF,2026-03-03,117.5848,1,1,0.8491485,0.007035773331246942
State Street Communication Services Select Sector SPDR ETF,2026-03-04,118.4121,0,1,0.8657981,-0.0029464894212669623
State Street Communication Services Select Sector SPDR ETF,2026-03-05,118.0632,0,1,0.66083896,-0.008273534852519693
State Street Communication Services Select Sector SPDR ETF,2026-03-06,117.0864,1,0,0.46281493,0.0008506538761121618
State Street Communication Services Select Sector SPDR ETF,2026-03-09,117.186,0,1,0.60680526,-0.0015308995955147786
State Street Communication Services Select Sector SPDR ETF,2026-03-10,117.0066,0,1,0.5998516,-0.0032374242136768983
State Street Communication Services Select Sector SPDR ETF,2026-03-11,116.6278,0,1,0.603056,-0.014786354539826574
State Street Communication Services Select Sector SPDR ETF,2026-03-12,114.9033,0,0,0.47019684,-0.00711380787148852
State Street Communication Services Select Sector SPDR ETF,2026-03-13,114.0859,1,1,0.6932736,0.007688943155990335
State Street Communication Services Select Sector SPDR ETF,2026-03-16,114.9631,1,1,0.7461483,0.00034706788526062127
State Street Communication Services Select Sector SPDR ETF,2026-03-17,115.003,0,1,0.86870635,-0.014821352486456885
State Street Communication Services Select Sector SPDR ETF,2026-03-18,113.2985,0,0,0.4252178,-0.004575523947801585
State Street Communication Services Select Sector SPDR ETF,2026-03-19,112.7801,0,0,0.086086795,-0.008043085615281442
State Street Communication Services Select Sector SPDR ETF,2026-03-20,111.873,1,0,0.1385593,0.007481697996835512
State Street Communication Services Select Sector SPDR ETF,2026-03-23,112.71,0,0,0.35015827,-0.014018276994055556
State Street Communication Services Select Sector SPDR ETF,2026-03-24,111.13,1,1,0.5440139,0.002789525780617419
State Street Communication Services Select Sector SPDR ETF,2026-03-25,111.44,0,0,0.44393235,-0.02360014357501794
State Street Communication Services Select Sector SPDR ETF,2026-03-26,108.81,0,0,0.1985736,-0.0162668872346291
State Street Communication Services Select Sector SPDR ETF,2026-03-27,107.04,1,1,0.6432648,0.008594917787742684
State Street Communication Services Select Sector SPDR ETF,2026-03-30,107.96,1,0,0.467913,0.026861800666913682
State Street Communication Services Select Sector SPDR ETF,2026-03-31,110.86,1,1,0.68768346,0.003427746707558965
State Street Communication Services Select Sector SPDR ETF,2026-04-01,111.24,1,0,0.442099,0.00413520316432936
State Street Communication Services Select Sector SPDR ETF,2026-04-02,111.7,1,0,0.38487917,0.0005371530886302267
State Street Communication Services Select Sector SPDR ETF,2026-04-06,111.76,1,1,0.7327278,0.0005368647100929547
State Street Communication Services Select Sector SPDR ETF,2026-04-07,111.82,1,1,0.7327247,0.01779645859416923
State Street Communication Services Select Sector SPDR ETF,2026-04-08,113.81,1,1,0.647658,0.004041824092786195
State Street Communication Services Select Sector SPDR ETF,2026-04-09,114.27,0,1,0.85479707,-0.002800385052944665
State Street Communication Services Select Sector SPDR ETF,2026-04-10,113.95,1,1,0.8922631,0.007634927599824426
State Street Communication Services Select Sector SPDR ETF,2026-04-13,114.82,1,1,0.7297596,0.015154154328514302
State Street Communication Services Select Sector SPDR ETF,2026-04-14,116.56,1,1,0.6666783,0.006863417982155173
State Street Communication Services Select Sector SPDR ETF,2026-04-15,117.36,1,1,0.6192939,0.012525562372188048
State Street Communication Services Select Sector SPDR ETF,2026-04-16,118.83,1,1,0.64409995,0.002272153496591711
State Street Communication Services Select Sector SPDR ETF,2026-04-17,119.1,0,1,0.5357536,-0.002938706968933613
State Street Communication Services Select Sector SPDR ETF,2026-04-20,118.75,0,1,0.5556696,-0.013389473684210507
State Street Communication Services Select Sector SPDR ETF,2026-04-21,117.16,1,0,0.4609265,0.006145442130419898
State Street Communication Services Select Sector SPDR ETF,2026-04-22,117.88,0,0,0.43951905,-0.004156769596199483
State Street Communication Services Select Sector SPDR ETF,2026-04-23,117.39,0,0,0.38399398,-0.015759434364085445
State Street Communication Services Select Sector SPDR ETF,2026-04-24,115.54,1,0,0.38508224,0.0023368530379088703
State Street Communication Services Select Sector SPDR ETF,2026-04-27,115.81,0,0,0.38447484,-0.0005180899749590573
State Street Communication Services Select Sector SPDR ETF,2026-04-28,115.75,0,0,0.40662032,-0.003974082073434082
State Street Communication Services Select Sector SPDR ETF,2026-04-29,115.29,1,0,0.46891809,0.01058201058201047
State Street Communication Services Select Sector SPDR ETF,2026-04-30,116.51,0,0,0.2996839,0.0
State Street Communication Services Select Sector SPDR ETF,2026-04-30,116.51,1,1,0.6861848,0.0018024203930993021
State Street Communication Services Select Sector SPDR ETF,2026-05-01,116.72,0,0,0.42400283,0.0
State Street Communication Services Select Sector SPDR ETF,2026-05-01,116.72,0,1,0.7195567,0.0
State Street Communication Services Select Sector SPDR ETF,2026-05-01,116.72,0,1,0.81274015,-0.005311857436600453
State Street Communication Services Select Sector SPDR ETF,2026-05-04,116.1,0,1,0.8671806,-0.004048234280792373
State Street Communication Services Select Sector SPDR ETF,2026-05-05,115.63,1,1,0.57779396,0.014875032431030055
State Street Communication Services Select Sector SPDR ETF,2026-05-06,117.35,1,0,0.24462852,0.0002556455048998707
State Street Communication Services Select Sector SPDR ETF,2026-05-07,117.38,0,1,0.74502206,-0.0037485091156925776
State Street Communication Services Select Sector SPDR ETF,2026-05-08,116.94,0,1,0.9279757,0.0
State Street Communication Services Select Sector SPDR ETF,2026-05-08,116.94,0,1,0.9395434,0.0
State Street Energy Select Sector SPDR ETF,2025-06-05,39.6617,1,0,0.49555805,0.01880907777528429
State Street Energy Select Sector SPDR ETF,2025-06-06,40.4077,1,0,0.48352277,0.0019179512815625799
State Street Energy Select Sector SPDR ETF,2025-06-09,40.4852,1,1,0.5733512,0.017831207453588016
State Street Energy Select Sector SPDR ETF,2025-06-10,41.2071,1,1,0.62064236,0.014458673383955789
State Street Energy Select Sector SPDR ETF,2025-06-11,41.8029,1,1,0.7190973,0.003478227587081273
State Street Energy Select Sector SPDR ETF,2025-06-12,41.9483,1,1,0.5502399,0.017438132176989196
State Street Energy Select Sector SPDR ETF,2025-06-13,42.6798,0,0,0.36554453,-0.002952216270929009
State Street Energy Select Sector SPDR ETF,2025-06-16,42.5538,1,0,0.3847065,0.009336416489243993
State Street Energy Select Sector SPDR ETF,2025-06-17,42.9511,0,1,0.5348702,-0.006542323712314668
State Street Energy Select Sector SPDR ETF,2025-06-18,42.6701,1,1,0.7035896,0.010217927776124291
State Street Energy Select Sector SPDR ETF,2025-06-20,43.1061,0,1,0.72687995,-0.025288764235224193
State Street Energy Select Sector SPDR ETF,2025-06-23,42.016,0,1,0.6644902,-0.013018849961919154
State Street Energy Select Sector SPDR ETF,2025-06-24,41.469,0,1,0.6442803,-0.004357471846439531
State Street Energy Select Sector SPDR ETF,2025-06-25,41.2883,1,1,0.50922686,0.014313982411482185
State Street Energy Select Sector SPDR ETF,2025-06-26,41.8793,0,1,0.664888,-0.005248416282029544
State Street Energy Select Sector SPDR ETF,2025-06-27,41.6595,0,1,0.70088536,-0.005744188000336048
State Street Energy Select Sector SPDR ETF,2025-06-30,41.4202,1,1,0.5142783,0.007662927750228032
State Street Energy Select Sector SPDR ETF,2025-07-01,41.7376,1,1,0.63405555,0.01720271409951679
State Street Energy Select Sector SPDR ETF,2025-07-02,42.4556,1,1,0.8140853,0.0011494361167903033
State Street Energy Select Sector SPDR ETF,2025-07-03,42.5044,0,1,0.79761016,-0.00965076556779998
State Street Energy Select Sector SPDR ETF,2025-07-07,42.0942,1,1,0.80031353,0.0269158221322654
State Street Energy Select Sector SPDR ETF,2025-07-08,43.2272,0,1,0.52328295,-0.005084761446496833
State Street Energy Select Sector SPDR ETF,2025-07-09,43.0074,1,0,0.41828224,0.00761031822430569
State Street Energy Select Sector SPDR ETF,2025-07-10,43.3347,1,0,0.24995172,0.0045067809399859105
State Street Energy Select Sector SPDR ETF,2025-07-11,43.53,0,0,0.30713475,-0.010994716287617723
State Street Energy Select Sector SPDR ETF,2025-07-14,43.0514,0,0,0.47987142,-0.014408358380912145
State Street Energy Select Sector SPDR ETF,2025-07-15,42.4311,0,1,0.5750689,-0.0086328188522099
State Street Energy Select Sector SPDR ETF,2025-07-16,42.0648,1,1,0.8107433,0.006154789752952583
State Street Energy Select Sector SPDR ETF,2025-07-17,42.3237,0,1,0.6472956,-0.008078216224006951
State Street Energy Select Sector SPDR ETF,2025-07-18,41.9818,0,1,0.6925572,-0.010352104959768349
State Street Energy Select Sector SPDR ETF,2025-07-21,41.5472,1,1,0.7015039,0.00470067778334049
State Street Energy Select Sector SPDR ETF,2025-07-22,41.7425,1,0,0.31770775,0.01567946337665438
State Street Energy Select Sector SPDR ETF,2025-07-23,42.397,1,0,0.28061688,0.007142014765195714
State Street Energy Select Sector SPDR ETF,2025-07-24,42.6998,0,0,0.33915818,-0.003775193326432502
State Street Energy Select Sector SPDR ETF,2025-07-25,42.5386,1,0,0.34623396,0.011366147451961295
State Street Energy Select Sector SPDR ETF,2025-07-28,43.0221,1,1,0.5188484,0.00976242442837516
State Street Energy Select Sector SPDR ETF,2025-07-29,43.4421,0,1,0.77052635,-0.014276473743212281
State Street Energy Select Sector SPDR ETF,2025-07-30,42.8219,0,1,0.84114003,-0.005361742472893449
State Street Energy Select Sector SPDR ETF,2025-07-31,42.5923,0,0,0.43381375,-0.018576127609920223
State Street Energy Select Sector SPDR ETF,2025-08-01,41.8011,0,0,0.16631737,-0.0022200372717463557
State Street Energy Select Sector SPDR ETF,2025-08-04,41.7083,1,0,0.16318563,0.0012899111208080072
State Street Energy Select Sector SPDR ETF,2025-08-05,41.7621,0,1,0.51578397,-0.009240435706058814
State Street Energy Select Sector SPDR ETF,2025-08-06,41.3762,0,1,0.83594555,-0.003893542664623606
State Street Energy Select Sector SPDR ETF,2025-08-07,41.2151,1,1,0.8522366,0.00639814048734566
State Street Energy Select Sector SPDR ETF,2025-08-08,41.4788,0,1,0.719689,-0.008006499705873749
State Street Energy Select Sector SPDR ETF,2025-08-11,41.1467,1,1,0.7227713,0.004865517769347072
State Street Energy Select Sector SPDR ETF,2025-08-12,41.3469,1,1,0.63621414,0.011575232967888871
State Street Energy Select Sector SPDR ETF,2025-08-13,41.8255,0,1,0.61084723,-0.0009324455176865643
State Street Energy Select Sector SPDR ETF,2025-08-14,41.7865,0,0,0.49972627,0.0
State Street Energy Select Sector SPDR ETF,2025-08-15,41.7865,0,0,0.33378008,-0.005961255429385082
State Street Energy Select Sector SPDR ETF,2025-08-18,41.5374,1,0,0.22775248,0.00035149046401561357
State Street Energy Select Sector SPDR ETF,2025-08-19,41.552,1,0,0.368854,0.008346168656141684
State Street Energy Select Sector SPDR ETF,2025-08-20,41.8988,1,1,0.5206154,0.0068784786199127534
State Street Energy Select Sector SPDR ETF,2025-08-21,42.187,1,1,0.62064654,0.020373574797923677
State Street Energy Select Sector SPDR ETF,2025-08-22,43.0465,1,1,0.63056326,0.002608806755485249
State Street Energy Select Sector SPDR ETF,2025-08-25,43.1588,0,1,0.75411874,-0.0015825277811245542
State Street Energy Select Sector SPDR ETF,2025-08-26,43.0905,1,1,0.69424796,0.011220570659426166
State Street Energy Select Sector SPDR ETF,2025-08-27,43.574,1,1,0.6815858,0.0076215174186442525
State Street Energy Select Sector SPDR ETF,2025-08-28,43.9061,1,1,0.5146187,0.005450267730451985
State Street Energy Select Sector SPDR ETF,2025-08-29,44.1454,1,1,0.6869708,0.001438428465933006
State Street Energy Select Sector SPDR ETF,2025-09-02,44.2089,0,1,0.7796186,-0.02242761072996613
State Street Energy Select Sector SPDR ETF,2025-09-03,43.2174,1,1,0.806553,0.006668610328247393
State Street Energy Select Sector SPDR ETF,2025-09-04,43.5056,0,1,0.81853837,-0.019307859218123724
State Street Energy Select Sector SPDR ETF,2025-09-05,42.6656,0,1,0.8370817,-0.0022899009975247964
State Street Energy Select Sector SPDR ETF,2025-09-08,42.5679,1,1,0.73062336,0.004818184594495012
State Street Energy Select Sector SPDR ETF,2025-09-09,42.773,1,1,0.77497035,0.017471301989572696
State Street Energy Select Sector SPDR ETF,2025-09-10,43.5203,1,1,0.6623876,0.00022288449298368818
State Street Energy Select Sector SPDR ETF,2025-09-11,43.53,0,1,0.52760005,-0.0059453250631748
State Street Energy Select Sector SPDR ETF,2025-09-12,43.2712,0,1,0.7054769,-0.0033856236942817475
State Street Energy Select Sector SPDR ETF,2025-09-15,43.1247,1,1,0.7277296,0.016760696306293177
State Street Energy Select Sector SPDR ETF,2025-09-16,43.8475,1,1,0.7555781,0.0023376475283654052
State Street Energy Select Sector SPDR ETF,2025-09-17,43.95,0,1,0.576676,-0.003110352673492689
State Street Energy Select Sector SPDR ETF,2025-09-18,43.8133,0,1,0.61073756,-0.013265378321194565
State Street Energy Select Sector SPDR ETF,2025-09-19,43.2321,0,1,0.7741624,-0.0011496087398021881
State Street Energy Select Sector SPDR ETF,2025-09-22,43.1824,1,1,0.7981593,0.01722229426803512
State Street Energy Select Sector SPDR ETF,2025-09-23,43.9261,1,1,0.56362665,0.013008211518892088
State Street Energy Select Sector SPDR ETF,2025-09-24,44.4975,1,1,0.7766886,0.00896679588740934
State Street Energy Select Sector SPDR ETF,2025-09-25,44.8965,1,1,0.773301,0.009214526744846463
State Street Energy Select Sector SPDR ETF,2025-09-26,45.3102,0,1,0.7342626,-0.018371139390247704
State Street Energy Select Sector SPDR ETF,2025-09-29,44.4778,0,1,0.7312144,-0.010632270481004014
State Street Energy Select Sector SPDR ETF,2025-09-30,44.0049,0,1,0.82478607,0.0
State Street Energy Select Sector SPDR ETF,2025-10-01,44.0049,0,1,0.78527087,-0.010073878136298453
State Street Energy Select Sector SPDR ETF,2025-10-02,43.5616,1,1,0.77852184,0.005314313523837599
State Street Energy Select Sector SPDR ETF,2025-10-03,43.7931,1,0,0.4065932,0.004948268106162779
State Street Energy Select Sector SPDR ETF,2025-10-06,44.0098,1,0,0.49942467,0.0015678326190984304
State Street Energy Select Sector SPDR ETF,2025-10-07,44.0788,0,1,0.5491318,-0.005810049275388751
State Street Energy Select Sector SPDR ETF,2025-10-08,43.8227,0,0,0.33216894,-0.013600257400844695
State Street Energy Select Sector SPDR ETF,2025-10-09,43.2267,0,1,0.5081065,-0.028942759914589833
State Street Energy Select Sector SPDR ETF,2025-10-10,41.9756,1,1,0.57762,0.013612670217935996
State Street Energy Select Sector SPDR ETF,2025-10-13,42.547,0,0,0.35829207,-0.00011751709873775162
State Street Energy Select Sector SPDR ETF,2025-10-14,42.542,0,1,0.6344688,-0.0005782520802971591
State Street Energy Select Sector SPDR ETF,2025-10-15,42.5174,0,1,0.89619756,-0.01204918456914117
State Street Energy Select Sector SPDR ETF,2025-10-16,42.0051,1,1,0.89808494,0.008208527059809345
State Street Energy Select Sector SPDR ETF,2025-10-17,42.3499,1,0,0.25827888,0.01058562121752371
State Street Energy Select Sector SPDR ETF,2025-10-20,42.7982,0,0,0.3939196,-0.0023038352080229085
State Street Energy Select Sector SPDR ETF,2025-10-21,42.6996,1,0,0.24441606,0.012805740568998303
State Street Energy Select Sector SPDR ETF,2025-10-22,43.2464,1,1,0.61069554,0.013325964704576476
State Street Energy Select Sector SPDR ETF,2025-10-23,43.8227,0,1,0.54640645,-0.010115761922473987
State Street Energy Select Sector SPDR ETF,2025-10-24,43.3794,1,0,0.49554586,0.0023836198748714565
State Street Energy Select Sector SPDR ETF,2025-10-27,43.4828,0,0,0.3754202,-0.010420212129853668
State Street Energy Select Sector SPDR ETF,2025-10-28,43.0297,1,1,0.58381253,0.007439047913418095
State Street Energy Select Sector SPDR ETF,2025-10-29,43.3498,0,1,0.56041473,-0.005907755053079944
State Street Energy Select Sector SPDR ETF,2025-10-30,43.0937,1,1,0.7335075,0.00731429420077645
State Street Energy Select Sector SPDR ETF,2025-10-31,43.4089,1,1,0.57213354,0.00011518375264052416
State Street Energy Select Sector SPDR ETF,2025-11-03,43.4139,0,1,0.6651107,-0.010779957571192544
State Street Energy Select Sector SPDR ETF,2025-11-04,42.9459,1,1,0.5028611,0.0026382029483604796
State Street Energy Select Sector SPDR ETF,2025-11-05,43.0592,1,1,0.9324224,0.009723822086801448
State Street Energy Select Sector SPDR ETF,2025-11-06,43.4779,1,1,0.7220192,0.014386619408941259
State Street Energy Select Sector SPDR ETF,2025-11-07,44.1034,1,0,0.49396726,0.009046921552533282
State Street Energy Select Sector SPDR ETF,2025-11-10,44.5024,1,1,0.6643411,0.013059969799381399
State Street Energy Select Sector SPDR ETF,2025-11-11,45.0836,0,1,0.6039967,-0.01398512984766076
State Street Energy Select Sector SPDR ETF,2025-11-12,44.4531,1,1,0.5870363,0.00254875363023066
State Street Energy Select Sector SPDR ETF,2025-11-13,44.5664,1,1,0.6426381,0.017021792202197128
State Street Energy Select Sector SPDR ETF,2025-11-14,45.325,0,1,0.7198875,-0.0182570325427468
State Street Energy Select Sector SPDR ETF,2025-11-17,44.4975,1,1,0.6810808,0.007968987021742757
State Street Energy Select Sector SPDR ETF,2025-11-18,44.8521,0,0,0.4976714,-0.012958144657663762
State Street Energy Select Sector SPDR ETF,2025-11-19,44.2709,0,0,0.34822077,-0.011348312322541299
State Street Energy Select Sector SPDR ETF,2025-11-20,43.7685,1,0,0.290018,0.006301335435301647
State Street Energy Select Sector SPDR ETF,2025-11-21,44.0443,0,0,0.3688759,-0.002794913303197033
State Street Energy Select Sector SPDR ETF,2025-11-24,43.9212,0,0,0.42295137,-0.0062794277023395795
State Street Energy Select Sector SPDR ETF,2025-11-25,43.6454,1,1,0.77390164,0.007560934256531038
State Street Energy Select Sector SPDR ETF,2025-11-26,43.9754,1,1,0.71628106,0.013105054189387566
State Street Energy Select Sector SPDR ETF,2025-11-28,44.5517,1,1,0.5911896,0.009618039266739764
State Street Energy Select Sector SPDR ETF,2025-12-01,44.9802,0,1,0.7877154,-0.012921240901552333
State Street Energy Select Sector SPDR ETF,2025-12-02,44.399,1,1,0.6507657,0.018748170003829
State Street Energy Select Sector SPDR ETF,2025-12-03,45.2314,1,1,0.59914,0.004247049615974774
State Street Energy Select Sector SPDR ETF,2025-12-04,45.4235,0,1,0.8030028,-0.0041212147897012885
State Street Energy Select Sector SPDR ETF,2025-12-05,45.2363,0,1,0.7854702,-0.010887274158142946
State Street Energy Select Sector SPDR ETF,2025-12-08,44.7438,1,1,0.6379077,0.006163982495898779
State Street Energy Select Sector SPDR ETF,2025-12-09,45.0196,1,1,0.7014579,0.010502092421967424
State Street Energy Select Sector SPDR ETF,2025-12-10,45.4924,0,1,0.6091076,-0.004763433012986873
State Street Energy Select Sector SPDR ETF,2025-12-11,45.2757,0,0,0.39559674,-0.009791124157108588
State Street Energy Select Sector SPDR ETF,2025-12-12,44.8324,0,0,0.40966442,-0.007030629633925423
State Street Energy Select Sector SPDR ETF,2025-12-15,44.5172,0,1,0.5526496,-0.030538758053067272
State Street Energy Select Sector SPDR ETF,2025-12-16,43.1577,1,1,0.8140554,0.022142051128767326
State Street Energy Select Sector SPDR ETF,2025-12-17,44.1133,0,1,0.8585907,-0.014514896867838134
State Street Energy Select Sector SPDR ETF,2025-12-18,43.473,0,1,0.8287792,0.0
State Street Energy Select Sector SPDR ETF,2025-12-19,43.473,1,1,0.7057696,0.010351252501552777
State Street Energy Select Sector SPDR ETF,2025-12-22,43.923,1,1,0.57701004,0.006559205883022612
State Street Energy Select Sector SPDR ETF,2025-12-23,44.2111,0,0,0.20798853,-0.002920081156089771
State Street Energy Select Sector SPDR ETF,2025-12-24,44.082,0,0,0.44510174,-0.0038314958486457273
State Street Energy Select Sector SPDR ETF,2025-12-26,43.9131,1,1,0.8499702,0.00950285905572601
State Street Energy Select Sector SPDR ETF,2025-12-29,44.3304,1,1,0.82330614,0.0076200530561421065
State Street Energy Select Sector SPDR ETF,2025-12-30,44.6682,0,1,0.8211056,-0.0055610031297432805
State Street Energy Select Sector SPDR ETF,2025-12-31,44.4198,1,1,0.67026675,0.021024408034254982
State Street Energy Select Sector SPDR ETF,2026-01-02,45.3537,1,1,0.7279342,0.027162061750198863
State Street Energy Select Sector SPDR ETF,2026-01-05,46.5856,0,1,0.60005236,-0.026658452397307353
State Street Energy Select Sector SPDR ETF,2026-01-06,45.3437,0,1,0.8085337,-0.011174650502715822
State Street Energy Select Sector SPDR ETF,2026-01-07,44.837,1,1,0.9095306,0.03146508463991782
State Street Energy Select Sector SPDR ETF,2026-01-08,46.2478,1,1,0.8441824,0.0025795821639083005
State Street Energy Select Sector SPDR ETF,2026-01-09,46.3671,0,1,0.71506435,-0.007071824634277357
State Street Energy Select Sector SPDR ETF,2026-01-12,46.0392,1,1,0.56866986,0.014242210985421
State Street Energy Select Sector SPDR ETF,2026-01-13,46.6949,1,1,0.7158022,0.02255278413702566
State Street Energy Select Sector SPDR ETF,2026-01-14,47.748,0,1,0.803577,-0.009363742983999335
State Street Energy Select Sector SPDR ETF,2026-01-15,47.3009,1,1,0.88981944,0.0016807291193190466
State Street Energy Select Sector SPDR ETF,2026-01-16,47.3804,0,1,0.8260709,-0.0018868561683734741
State Street Energy Select Sector SPDR ETF,2026-01-20,47.291,1,1,0.76442003,0.02415893087479648
State Street Energy Select Sector SPDR ETF,2026-01-21,48.4335,1,1,0.5853349,0.003282851745176396
State Street Energy Select Sector SPDR ETF,2026-01-22,48.5925,1,1,0.6224081,0.005725163348253348
State Street Energy Select Sector SPDR ETF,2026-01-23,48.8707,1,1,0.6328805,0.0006097723175646497
State Street Energy Select Sector SPDR ETF,2026-01-26,48.9005,1,1,0.64732957,0.009143055796975386
State Street Energy Select Sector SPDR ETF,2026-01-27,49.3476,1,1,0.781555,0.007649814783292408
State Street Energy Select Sector SPDR ETF,2026-01-28,49.7251,1,1,0.9216627,0.009190529531363456
State Street Energy Select Sector SPDR ETF,2026-01-29,50.1821,1,1,0.78528625,0.010691063148015045
State Street Energy Select Sector SPDR ETF,2026-01-30,50.7186,0,0,0.39906064,-0.019588474445272674
State Street Energy Select Sector SPDR ETF,2026-02-02,49.7251,1,0,0.32669556,0.0323679590387953
State Street Energy Select Sector SPDR ETF,2026-02-03,51.3346,1,1,0.5750334,0.022450744721883353
State Street Energy Select Sector SPDR ETF,2026-02-04,52.4871,0,1,0.65225595,-0.01173621708953243
State Street Energy Select Sector SPDR ETF,2026-02-05,51.8711,1,1,0.74737126,0.01991860592892758
State Street Energy Select Sector SPDR ETF,2026-02-06,52.9043,1,1,0.8344803,0.007324546397929899
State Street Energy Select Sector SPDR ETF,2026-02-09,53.2918,0,1,0.5327535,-0.0011183709313629109
State Street Energy Select Sector SPDR ETF,2026-02-10,53.2322,1,1,0.5129885,0.026128921968282315
State Street Energy Select Sector SPDR ETF,2026-02-11,54.6231,0,0,0.4170425,-0.018188275656269903
State Street Energy Select Sector SPDR ETF,2026-02-12,53.6296,1,1,0.570063,0.0068544236764771505
State Street Energy Select Sector SPDR ETF,2026-02-13,53.9972,0,1,0.6528982,-0.01103946130540101
State Street Energy Select Sector SPDR ETF,2026-02-17,53.4011,1,1,0.76040834,0.019162526614620257
State Street Energy Select Sector SPDR ETF,2026-02-18,54.4244,1,1,0.85225093,0.007301871954491057
State Street Energy Select Sector SPDR ETF,2026-02-19,54.8218,0,1,0.54980785,-0.005435793790061649
State Street Energy Select Sector SPDR ETF,2026-02-20,54.5238,1,1,0.5810893,0.004918952824271239
State Street Energy Select Sector SPDR ETF,2026-02-23,54.792,0,1,0.5348592,-0.0009070667250693498
State Street Energy Select Sector SPDR ETF,2026-02-24,54.7423,0,1,0.6226544,-0.004174103024534914
State Street Energy Select Sector SPDR ETF,2026-02-25,54.5138,1,1,0.73384666,0.003281737835190368
State Street Energy Select Sector SPDR ETF,2026-02-26,54.6927,1,0,0.4243321,0.01580284023279166
State Street Energy Select Sector SPDR ETF,2026-02-27,55.557,1,0,0.44404578,0.020028079269938992
State Street Energy Select Sector SPDR ETF,2026-03-02,56.6697,0,1,0.5201012,-0.009115982615048202
State Street Energy Select Sector SPDR ETF,2026-03-03,56.1531,0,1,0.8325281,-0.005837611814841992
State Street Energy Select Sector SPDR ETF,2026-03-04,55.8253,1,1,0.8415947,0.0051607425307163
State Street Energy Select Sector SPDR ETF,2026-03-05,56.1134,1,0,0.44143197,0.0015932023366969084
State Street Energy Select Sector SPDR ETF,2026-03-06,56.2028,0,0,0.17814478,-0.004419708626616559
State Street Energy Select Sector SPDR ETF,2026-03-09,55.9544,0,0,0.47087172,-0.012783623807957945
State Street Energy Select Sector SPDR ETF,2026-03-10,55.2391,1,1,0.6644019,0.024819376130313486
State Street Energy Select Sector SPDR ETF,2026-03-11,56.6101,1,1,0.5231194,0.009302226987763618
State Street Energy Select Sector SPDR ETF,2026-03-12,57.1367,1,0,0.4738289,0.003304356044363743
State Street Energy Select Sector SPDR ETF,2026-03-13,57.3255,1,1,0.6346689,0.003466171250141814
State Street Energy Select Sector SPDR ETF,2026-03-16,57.5242,1,0,0.35284966,0.010534696701562263
State Street Energy Select Sector SPDR ETF,2026-03-17,58.1302,0,1,0.7445376,-0.0013676195850006456
State Street Energy Select Sector SPDR ETF,2026-03-18,58.0507,1,0,0.4493784,0.015917120723781153
State Street Energy Select Sector SPDR ETF,2026-03-19,58.9747,0,0,0.09311412,-0.0008427342572323582
State Street Energy Select Sector SPDR ETF,2026-03-20,58.925,1,0,0.10699524,0.0119643614764533
State Street Energy Select Sector SPDR ETF,2026-03-23,59.63,1,0,0.3001193,0.020291799429817292
State Street Energy Select Sector SPDR ETF,2026-03-24,60.84,0,0,0.49556416,-0.004437869822485285
State Street Energy Select Sector SPDR ETF,2026-03-25,60.57,1,0,0.33733672,0.015684332177645643
State Street Energy Select Sector SPDR ETF,2026-03-26,61.52,1,0,0.32610604,0.016905071521456483
State Street Energy Select Sector SPDR ETF,2026-03-27,62.56,0,1,0.6333833,-0.009590792838874651
State Street Energy Select Sector SPDR ETF,2026-03-30,61.96,0,1,0.5170662,-0.011297611362169224
State Street Energy Select Sector SPDR ETF,2026-03-31,61.26,0,1,0.7226704,-0.037381651975187724
State Street Energy Select Sector SPDR ETF,2026-04-01,58.97,1,1,0.7065179,0.004748177039172408
State Street Energy Select Sector SPDR ETF,2026-04-02,59.25,1,1,0.6459926,0.007257383966244646
State Street Energy Select Sector SPDR ETF,2026-04-06,59.68,1,1,0.71193206,0.008042895442359255
State Street Energy Select Sector SPDR ETF,2026-04-07,60.16,0,1,0.7215176,-0.035073138297872286
State Street Energy Select Sector SPDR ETF,2026-04-08,58.05,0,1,0.73619115,-0.012403100775193798
State Street Energy Select Sector SPDR ETF,2026-04-09,57.33,0,1,0.87434477,-0.006802721088435382
State Street Energy Select Sector SPDR ETF,2026-04-10,56.94,1,1,0.91178423,0.0029855988760099095
State Street Energy Select Sector SPDR ETF,2026-04-13,57.11,0,1,0.65348095,-0.020311679215548883
State Street Energy Select Sector SPDR ETF,2026-04-14,55.95,0,1,0.62032837,-0.003395889186774026
State Street Energy Select Sector SPDR ETF,2026-04-15,55.76,1,1,0.69659007,0.014705882352941124
State Street Energy Select Sector SPDR ETF,2026-04-16,56.58,0,1,0.72988236,-0.02757158006362659
State Street Energy Select Sector SPDR ETF,2026-04-17,55.02,1,1,0.5629282,0.0009087604507451719
State Street Energy Select Sector SPDR ETF,2026-04-20,55.07,1,1,0.5338886,0.014526965680043524
State Street Energy Select Sector SPDR ETF,2026-04-21,55.87,1,1,0.5072175,0.011992124574906171
State Street Energy Select Sector SPDR ETF,2026-04-22,56.54,1,0,0.47249582,0.0077821011673151474
State Street Energy Select Sector SPDR ETF,2026-04-23,56.98,0,0,0.42227873,-0.0019305019305019266
State Street Energy Select Sector SPDR ETF,2026-04-24,56.87,0,0,0.47558978,-0.0017583963425354954
State Street Energy Select Sector SPDR ETF,2026-04-27,56.77,1,0,0.48662955,0.016558041218953656
State Street Energy Select Sector SPDR ETF,2026-04-28,57.71,1,1,0.50034994,0.02287298561774387
State Street Energy Select Sector SPDR ETF,2026-04-29,59.03,1,1,0.5217451,0.010503133999661074
State Street Energy Select Sector SPDR ETF,2026-04-30,59.65,0,0,0.29271314,0.0
State Street Energy Select Sector SPDR ETF,2026-04-30,59.65,0,1,0.7099383,-0.013411567476948827
State Street Energy Select Sector SPDR ETF,2026-05-01,58.85,0,1,0.8793869,0.0
State Street Energy Select Sector SPDR ETF,2026-05-01,58.85,0,1,0.5978363,0.0
State Street Energy Select Sector SPDR ETF,2026-05-01,58.85,1,0,0.42950752,0.009175870858113777
State Street Energy Select Sector SPDR ETF,2026-05-04,59.39,1,1,0.6276558,0.0010102710894090983
State Street Energy Select Sector SPDR ETF,2026-05-05,59.45,0,1,0.5368383,-0.04121110176619014
State Street Energy Select Sector SPDR ETF,2026-05-06,57.0,0,0,0.26960978,-0.018421052631578894
State Street Energy Select Sector SPDR ETF,2026-05-07,55.95,0,1,0.7158358,-0.0044682752457551045
State Street Energy Select Sector SPDR ETF,2026-05-08,55.7,0,1,0.95874274,0.0
State Street Energy Select Sector SPDR ETF,2026-05-08,55.7,0,1,0.8449116,0.0
State Street Energy Select Sector SPDR ETF,2026-05-08,55.7,1,1,0.6415415,0.026391382405745123
State Street Energy Select Sector SPDR ETF,2026-05-11,57.17,1,1,0.5975462,0.006996676578625127
State Street Energy Select Sector SPDR ETF,2026-05-12,57.57,1,1,0.8096924,0.0010422094841062712
State Street Energy Select Sector SPDR ETF,2026-05-13,57.63,0,1,0.5694956,0.0
State Street Energy Select Sector SPDR ETF,2026-05-13,57.63,1,1,0.61451954,0.007634912372028513
State Street Energy Select Sector SPDR ETF,2026-05-14,58.07,1,0,0.36118385,0.023592216290683643
State Street Energy Select Sector SPDR ETF,2026-05-15,59.44,1,1,0.78970623,0.019179004037685132
State Street Energy Select Sector SPDR ETF,2026-05-15,59.44,0,1,0.9242806,0.0
State Street Energy Select Sector SPDR ETF,2026-05-15,59.44,0,1,0.8643927,0.0
State Street Energy Select Sector SPDR ETF,2026-05-15,59.44,0,1,0.86557573,0.0
State Street Energy Select Sector SPDR ETF,2026-05-15,59.44,0,1,0.8221467,0.0
State Street Energy Select Sector SPDR ETF,2026-05-15,59.44,0,1,0.77770704,0.0
State Street Energy Select Sector SPDR ETF,2026-05-18,60.58,1,1,0.6742686,0.011720039617035383
State Street Energy Select Sector SPDR ETF,2026-05-19,61.29,0,0,0.49916825,-0.024310654266601395
State Street Energy Select Sector SPDR ETF,2026-05-20,59.8,0,1,0.8326728,-0.011204013377926314
State Street Energy Select Sector SPDR ETF,2026-05-21,59.13,1,1,0.5380175,0.0060882800608828
State Street Energy Select Sector SPDR ETF,2026-05-22,59.49,0,1,0.70624256,0.0
State Street Energy Select Sector SPDR ETF,2026-05-22,59.49,0,1,0.7472036,0.0
State Street Financial Select Sector SPDR ETF,2025-06-05,49.8798,1,0,0.3429505,0.012437900713314631
State Street Financial Select Sector SPDR ETF,2025-06-06,50.5002,0,0,0.424122,-0.005461364509447453
State Street Financial Select Sector SPDR ETF,2025-06-09,50.2244,1,1,0.60671,0.0011767188856410815
State Street Financial Select Sector SPDR ETF,2025-06-10,50.2835,0,1,0.5132263,-0.001175335845754466
State Street Financial Select Sector SPDR ETF,2025-06-11,50.2244,0,1,0.62853616,0.0
State Street Financial Select Sector SPDR ETF,2025-06-12,50.2244,0,0,0.38659236,-0.0203924785562396
State Street Financial Select Sector SPDR ETF,2025-06-13,49.2002,1,0,0.3831477,0.011410522721452265
State Street Financial Select Sector SPDR ETF,2025-06-16,49.7616,0,0,0.27652332,-0.005739365293720544
State Street Financial Select Sector SPDR ETF,2025-06-17,49.476,0,1,0.59361154,-0.0003981728514835803
State Street Financial Select Sector SPDR ETF,2025-06-18,49.4563,1,1,0.57272357,0.002788320193787275
State Street Financial Select Sector SPDR ETF,2025-06-20,49.5942,1,0,0.4552401,0.012592198281250688
State Street Financial Select Sector SPDR ETF,2025-06-23,50.2187,1,0,0.35265452,0.014954588629335408
State Street Financial Select Sector SPDR ETF,2025-06-24,50.9697,0,0,0.4955506,-0.0032960759039195597
State Street Financial Select Sector SPDR ETF,2025-06-25,50.8017,1,1,0.5418645,0.007391484930622472
State Street Financial Select Sector SPDR ETF,2025-06-26,51.1772,1,1,0.6540529,0.002895820795197901
State Street Financial Select Sector SPDR ETF,2025-06-27,51.3254,1,1,0.72696215,0.008280500492933163
State Street Financial Select Sector SPDR ETF,2025-06-30,51.7504,1,1,0.6876129,0.005536189092258281
State Street Financial Select Sector SPDR ETF,2025-07-01,52.0369,0,1,0.5719217,-0.0007590767320883041
State Street Financial Select Sector SPDR ETF,2025-07-02,51.9974,1,1,0.7182357,0.010831310796309168
State Street Financial Select Sector SPDR ETF,2025-07-03,52.5606,0,1,0.6522565,-0.009587029067400277
State Street Financial Select Sector SPDR ETF,2025-07-07,52.0567,0,1,0.7572252,-0.008922962846281135
State Street Financial Select Sector SPDR ETF,2025-07-08,51.5922,1,1,0.6762983,0.0036400851291473746
State Street Financial Select Sector SPDR ETF,2025-07-09,51.78,1,1,0.53241307,0.005915411355735811
State Street Financial Select Sector SPDR ETF,2025-07-10,52.0863,0,0,0.3755929,-0.010434605644862538
State Street Financial Select Sector SPDR ETF,2025-07-11,51.5428,1,1,0.5125403,0.0074772810169412285
State Street Financial Select Sector SPDR ETF,2025-07-14,51.9282,0,0,0.48674154,-0.017125569536398322
State Street Financial Select Sector SPDR ETF,2025-07-15,51.0389,1,0,0.3684167,0.006969194085295616
State Street Financial Select Sector SPDR ETF,2025-07-16,51.3946,1,1,0.61480045,0.00961385048234642
State Street Financial Select Sector SPDR ETF,2025-07-17,51.8887,1,1,0.592618,0.000570451755391943
State Street Financial Select Sector SPDR ETF,2025-07-18,51.9183,0,1,0.5234452,-0.002854484834827087
State Street Financial Select Sector SPDR ETF,2025-07-21,51.7701,1,1,0.58715177,0.005536014031265246
State Street Financial Select Sector SPDR ETF,2025-07-22,52.0567,1,0,0.30701908,0.007972076601090672
State Street Financial Select Sector SPDR ETF,2025-07-23,52.4717,0,0,0.28636613,-0.0005641136079066467
State Street Financial Select Sector SPDR ETF,2025-07-24,52.4421,1,0,0.35686868,0.0069714980902746415
State Street Financial Select Sector SPDR ETF,2025-07-25,52.8077,0,0,0.34159875,-0.006923232786127609
State Street Financial Select Sector SPDR ETF,2025-07-28,52.4421,0,1,0.53944165,-0.005087515564784817
State Street Financial Select Sector SPDR ETF,2025-07-29,52.1753,0,1,0.7326406,-0.001895532943749223
State Street Financial Select Sector SPDR ETF,2025-07-30,52.0764,0,1,0.6775554,-0.006260033335637627
State Street Financial Select Sector SPDR ETF,2025-07-31,51.7504,0,0,0.4409646,-0.01852352832055404
State Street Financial Select Sector SPDR ETF,2025-08-01,50.7918,1,0,0.34529206,0.009922861564268137
State Street Financial Select Sector SPDR ETF,2025-08-04,51.2958,0,0,0.4350849,-0.004045165491131875
State Street Financial Select Sector SPDR ETF,2025-08-05,51.0883,1,1,0.7556873,0.004834766472949781
State Street Financial Select Sector SPDR ETF,2025-08-06,51.3353,0,1,0.69976616,-0.01116385800803732
State Street Financial Select Sector SPDR ETF,2025-08-07,50.7622,1,1,0.6781026,0.009343566669687275
State Street Financial Select Sector SPDR ETF,2025-08-08,51.2365,0,1,0.77455133,-0.0003864432582240118
State Street Financial Select Sector SPDR ETF,2025-08-11,51.2167,1,1,0.87571055,0.0121561912423096
State Street Financial Select Sector SPDR ETF,2025-08-12,51.8393,1,1,0.8006895,0.005717669798781966
State Street Financial Select Sector SPDR ETF,2025-08-13,52.1357,1,1,0.6230937,0.004739554662160472
State Street Financial Select Sector SPDR ETF,2025-08-14,52.3828,0,0,0.39313203,-0.010375543117206454
State Street Financial Select Sector SPDR ETF,2025-08-15,51.8393,1,0,0.33256978,0.0007619701654921762
State Street Financial Select Sector SPDR ETF,2025-08-18,51.8788,1,0,0.22605892,0.0019044388073741203
State Street Financial Select Sector SPDR ETF,2025-08-19,51.9776,1,0,0.3608359,0.0051329803607707
State Street Financial Select Sector SPDR ETF,2025-08-20,52.2444,0,1,0.5708023,-0.0032156556492178856
State Street Financial Select Sector SPDR ETF,2025-08-21,52.0764,1,1,0.73226845,0.016510357858838143
State Street Financial Select Sector SPDR ETF,2025-08-22,52.9362,0,1,0.7124957,-0.0057880996369213955
State Street Financial Select Sector SPDR ETF,2025-08-25,52.6298,1,1,0.79106915,0.007699060228235632
State Street Financial Select Sector SPDR ETF,2025-08-26,53.035,1,1,0.6507126,0.002049589893466708
State Street Financial Select Sector SPDR ETF,2025-08-27,53.1437,1,1,0.60721225,0.001300248194988196
State Street Financial Select Sector SPDR ETF,2025-08-28,53.2128,1,0,0.4173951,0.002600877984244354
State Street Financial Select Sector SPDR ETF,2025-08-29,53.3512,0,1,0.63017243,-0.007409392853394037
State Street Financial Select Sector SPDR ETF,2025-09-02,52.9559,0,1,0.7833322,-0.0016787553417089152
State Street Financial Select Sector SPDR ETF,2025-09-03,52.867,1,1,0.81498927,0.010467777630658093
State Street Financial Select Sector SPDR ETF,2025-09-04,53.4204,0,1,0.7977455,-0.018313228654221914
State Street Financial Select Sector SPDR ETF,2025-09-05,52.4421,1,1,0.8367943,0.0007532116372150899
State Street Financial Select Sector SPDR ETF,2025-09-08,52.4816,1,1,0.70832074,0.004331041736532315
State Street Financial Select Sector SPDR ETF,2025-09-09,52.7089,0,1,0.7633077,-0.0033751415795055806
State Street Financial Select Sector SPDR ETF,2025-09-10,52.531,1,1,0.6677078,0.016365574613085743
State Street Financial Select Sector SPDR ETF,2025-09-11,53.3907,0,0,0.41322097,-0.004257295746262879
State Street Financial Select Sector SPDR ETF,2025-09-12,53.1634,0,1,0.6899255,-0.002228977078215566
State Street Financial Select Sector SPDR ETF,2025-09-15,53.0449,0,1,0.72934985,-0.002235841711455744
State Street Financial Select Sector SPDR ETF,2025-09-16,52.9263,1,1,0.76282096,0.009707839013874064
State Street Financial Select Sector SPDR ETF,2025-09-17,53.4401,1,1,0.51330924,0.0009243994678154177
State Street Financial Select Sector SPDR ETF,2025-09-18,53.4895,1,1,0.5899969,0.002217257592611599
State Street Financial Select Sector SPDR ETF,2025-09-19,53.6081,0,1,0.76159906,-0.0013318882780772867
State Street Financial Select Sector SPDR ETF,2025-09-22,53.5367,0,1,0.8233793,-0.00444368069006873
State Street Financial Select Sector SPDR ETF,2025-09-23,53.2988,0,1,0.69143283,-0.0027899314806336672
State Street Financial Select Sector SPDR ETF,2025-09-24,53.1501,0,1,0.80454195,-0.002611472038622775
State Street Financial Select Sector SPDR ETF,2025-09-25,53.0113,1,1,0.74240273,0.007292784745893899
State Street Financial Select Sector SPDR ETF,2025-09-26,53.3979,1,1,0.6633644,0.005013305766706111
State Street Financial Select Sector SPDR ETF,2025-09-29,53.6656,0,1,0.7156439,-0.00480382218777009
State Street Financial Select Sector SPDR ETF,2025-09-30,53.4078,0,1,0.83449346,-0.008908811072539935
State Street Financial Select Sector SPDR ETF,2025-10-01,52.932,0,1,0.81332034,-0.0007500188921636397
State Street Financial Select Sector SPDR ETF,2025-10-02,52.8923,1,1,0.7630744,0.006934846849163234
State Street Financial Select Sector SPDR ETF,2025-10-03,53.2591,0,0,0.3444051,-0.00037176745382472287
State Street Financial Select Sector SPDR ETF,2025-10-06,53.2393,1,1,0.5548124,0.0013035483186292218
State Street Financial Select Sector SPDR ETF,2025-10-07,53.3087,0,1,0.6103058,-0.004835983619934536
State Street Financial Select Sector SPDR ETF,2025-10-08,53.0509,0,0,0.33995694,-0.0035494214047263606
State Street Financial Select Sector SPDR ETF,2025-10-09,52.8626,0,1,0.5993845,-0.021756402447098755
State Street Financial Select Sector SPDR ETF,2025-10-10,51.7125,1,1,0.6107756,0.00958569011360888
State Street Financial Select Sector SPDR ETF,2025-10-13,52.2082,1,0,0.19966157,0.011013595565447565
State Street Financial Select Sector SPDR ETF,2025-10-14,52.7832,0,0,0.4789457,0.0
State Street Financial Select Sector SPDR ETF,2025-10-15,52.7832,0,1,0.8882594,-0.02779861774200887
State Street Financial Select Sector SPDR ETF,2025-10-16,51.3159,1,1,0.896096,0.008114444061197545
State Street Financial Select Sector SPDR ETF,2025-10-17,51.7323,1,0,0.1975953,0.011690955167274586
State Street Financial Select Sector SPDR ETF,2025-10-20,52.3371,0,0,0.4192314,-0.0011368608501426403
State Street Financial Select Sector SPDR ETF,2025-10-21,52.2776,0,0,0.1836761,-0.005688861003565471
State Street Financial Select Sector SPDR ETF,2025-10-22,51.9802,1,1,0.71588117,0.0020988761105189546
State Street Financial Select Sector SPDR ETF,2025-10-23,52.0893,1,1,0.6991752,0.01084867717554272
State Street Financial Select Sector SPDR ETF,2025-10-24,52.6544,1,0,0.3693486,0.0041421039837126195
State Street Financial Select Sector SPDR ETF,2025-10-27,52.8725,0,0,0.17257851,-0.006375715163837503
State Street Financial Select Sector SPDR ETF,2025-10-28,52.5354,0,0,0.41762587,-0.016984737910056946
State Street Financial Select Sector SPDR ETF,2025-10-29,51.6431,1,0,0.48988748,0.002687677540659017
State Street Financial Select Sector SPDR ETF,2025-10-30,51.7819,1,1,0.7656653,0.0026804732927914188
State Street Financial Select Sector SPDR ETF,2025-10-31,51.9207,0,1,0.75834745,-0.004200636740259611
State Street Financial Select Sector SPDR ETF,2025-11-03,51.7026,1,1,0.6812768,0.005177689323167645
State Street Financial Select Sector SPDR ETF,2025-11-04,51.9703,1,1,0.8531296,0.0034327298476244383
State Street Financial Select Sector SPDR ETF,2025-11-05,52.1487,0,1,0.77597606,-0.003610828266092936
State Street Financial Select Sector SPDR ETF,2025-11-06,51.9604,1,1,0.57227063,0.007059222022925082
State Street Financial Select Sector SPDR ETF,2025-11-07,52.3272,1,0,0.23142818,0.003600421960280764
State Street Financial Select Sector SPDR ETF,2025-11-10,52.5156,1,1,0.51464427,0.00453008248977449
State Street Financial Select Sector SPDR ETF,2025-11-11,52.7535,1,0,0.38588235,0.008645871837887453
State Street Financial Select Sector SPDR ETF,2025-11-12,53.2096,0,0,0.4873533,-0.012856702549915777
State Street Financial Select Sector SPDR ETF,2025-11-13,52.5255,0,1,0.7036456,-0.010004664401100483
State Street Financial Select Sector SPDR ETF,2025-11-14,52.0,0,1,0.83185774,-0.01906538461538454
State Street Financial Select Sector SPDR ETF,2025-11-17,51.0086,0,1,0.73182064,-0.0015546398058366995
State Street Financial Select Sector SPDR ETF,2025-11-18,50.9293,1,0,0.37340307,0.0036992458172406817
State Street Financial Select Sector SPDR ETF,2025-11-19,51.1177,0,0,0.25583953,-0.008728874734191816
State Street Financial Select Sector SPDR ETF,2025-11-20,50.6715,1,0,0.31734613,0.010956849511066347
State Street Financial Select Sector SPDR ETF,2025-11-21,51.2267,1,0,0.35951295,0.004257545381607608
State Street Financial Select Sector SPDR ETF,2025-11-24,51.4448,1,0,0.3390806,0.012527991167231578
State Street Financial Select Sector SPDR ETF,2025-11-25,52.0893,1,1,0.7126758,0.007801986204460265
State Street Financial Select Sector SPDR ETF,2025-11-26,52.4957,1,1,0.7139053,0.007177730747470745
State Street Financial Select Sector SPDR ETF,2025-11-28,52.8725,0,1,0.6038296,-0.008251926805049936
State Street Financial Select Sector SPDR ETF,2025-12-01,52.4362,0,1,0.804552,-0.0009440043328845515
State Street Financial Select Sector SPDR ETF,2025-12-02,52.3867,1,1,0.53387576,0.013436616545802638
State Street Financial Select Sector SPDR ETF,2025-12-03,53.0906,1,1,0.5898476,0.0020530941447260975
State Street Financial Select Sector SPDR ETF,2025-12-04,53.1996,1,1,0.90152365,0.0003740629628794512
State Street Financial Select Sector SPDR ETF,2025-12-05,53.2195,0,1,0.8426664,-0.003726077847405529
State Street Financial Select Sector SPDR ETF,2025-12-08,53.0212,0,1,0.651322,-0.0037400134285908715
State Street Financial Select Sector SPDR ETF,2025-12-09,52.8229,1,1,0.7216463,0.011449579633075802
State Street Financial Select Sector SPDR ETF,2025-12-10,53.4277,1,0,0.4911193,0.018185323343508975
State Street Financial Select Sector SPDR ETF,2025-12-11,54.3993,1,0,0.16000485,0.001457739345910758
State Street Financial Select Sector SPDR ETF,2025-12-12,54.4786,1,0,0.18967414,0.0007268909259783296
State Street Financial Select Sector SPDR ETF,2025-12-15,54.5182,0,0,0.32871094,-0.006364846968535343
State Street Financial Select Sector SPDR ETF,2025-12-16,54.1712,0,1,0.6983028,-0.00018275393567068754
State Street Financial Select Sector SPDR ETF,2025-12-17,54.1613,0,1,0.91391915,-0.0016469324037642341
State Street Financial Select Sector SPDR ETF,2025-12-18,54.0721,1,1,0.8976708,0.005500063803699273
State Street Financial Select Sector SPDR ETF,2025-12-19,54.3695,1,1,0.7228272,0.012278943157468802
State Street Financial Select Sector SPDR ETF,2025-12-22,55.0371,1,1,0.6050472,0.0019877500813088034
State Street Financial Select Sector SPDR ETF,2025-12-23,55.1465,1,0,0.315583,0.0054128548502623275
State Street Financial Select Sector SPDR ETF,2025-12-24,55.445,0,1,0.67069834,-0.00197312652177839
State Street Financial Select Sector SPDR ETF,2025-12-26,55.3356,0,1,0.89824563,-0.005394357339578826
State Street Financial Select Sector SPDR ETF,2025-12-29,55.0371,0,1,0.88113815,-0.002531019984701288
State Street Financial Select Sector SPDR ETF,2025-12-30,54.8978,0,1,0.88148373,-0.007430170243616252
State Street Financial Select Sector SPDR ETF,2025-12-31,54.4899,1,1,0.6082878,0.0029216423594096153
State Street Financial Select Sector SPDR ETF,2026-01-02,54.6491,1,1,0.6746188,0.02184482452592995
State Street Financial Select Sector SPDR ETF,2026-01-05,55.8429,1,1,0.557718,0.0048117128587519264
State Street Financial Select Sector SPDR ETF,2026-01-06,56.1116,0,1,0.7331415,-0.014007798743931765
State Street Financial Select Sector SPDR ETF,2026-01-07,55.3256,1,1,0.79210186,0.005214584206949313
State Street Financial Select Sector SPDR ETF,2026-01-08,55.6141,0,1,0.7863678,-0.003040595820124725
State Street Financial Select Sector SPDR ETF,2026-01-09,55.445,0,1,0.75940186,-0.007896113265398186
State Street Financial Select Sector SPDR ETF,2026-01-12,55.0072,0,1,0.6160929,-0.019170217716953375
State Street Financial Select Sector SPDR ETF,2026-01-13,53.9527,0,1,0.76512474,-0.0014753663857415278
State Street Financial Select Sector SPDR ETF,2026-01-14,53.8731,1,1,0.8717233,0.004061396132763795
State Street Financial Select Sector SPDR ETF,2026-01-15,54.0919,1,1,0.90441036,0.0012885478232416148
State Street Financial Select Sector SPDR ETF,2026-01-16,54.1616,0,1,0.70452446,-0.022778130631295967
State Street Financial Select Sector SPDR ETF,2026-01-20,52.9279,1,1,0.55071646,0.004887781302488792
State Street Financial Select Sector SPDR ETF,2026-01-21,53.1866,1,0,0.46301433,0.006546761778342569
State Street Financial Select Sector SPDR ETF,2026-01-22,53.5348,0,1,0.562327,-0.013751802565807547
State Street Financial Select Sector SPDR ETF,2026-01-23,52.7986,1,0,0.4579308,0.006407366862000163
State Street Financial Select Sector SPDR ETF,2026-01-26,53.1369,0,1,0.72543776,-0.007676398133876772
State Street Financial Select Sector SPDR ETF,2026-01-27,52.729,0,1,0.8187104,-0.00018964895977546803
State Street Financial Select Sector SPDR ETF,2026-01-28,52.719,1,1,0.89131486,0.010567347635577207
State Street Financial Select Sector SPDR ETF,2026-01-29,53.2761,0,1,0.73131925,-0.0020534536124078295
State Street Financial Select Sector SPDR ETF,2026-01-30,53.1667,1,0,0.38841277,0.011040745428999799
State Street Financial Select Sector SPDR ETF,2026-02-02,53.7537,0,0,0.48223808,-0.009255176852942304
State Street Financial Select Sector SPDR ETF,2026-02-03,53.2562,1,1,0.86851466,0.008032867534671917
State Street Financial Select Sector SPDR ETF,2026-02-04,53.684,0,1,0.7526622,-0.01241524476566569
State Street Financial Select Sector SPDR ETF,2026-02-05,53.0175,1,1,0.72092116,0.01820153722827378
State Street Financial Select Sector SPDR ETF,2026-02-06,53.9825,0,1,0.51121384,-0.005898207752512485
State Street Financial Select Sector SPDR ETF,2026-02-09,53.6641,0,0,0.40721777,-0.0072301594548310755
State Street Financial Select Sector SPDR ETF,2026-02-10,53.2761,0,0,0.46760595,-0.01512498099523052
State Street Financial Select Sector SPDR ETF,2026-02-11,52.4703,0,0,0.4522962,-0.01990840532644189
State Street Financial Select Sector SPDR ETF,2026-02-12,51.4257,0,1,0.75058204,-0.0007739321000977961
State Street Financial Select Sector SPDR ETF,2026-02-13,51.3859,1,1,0.86096436,0.010646889516384928
State Street Financial Select Sector SPDR ETF,2026-02-17,51.933,1,1,0.7311578,0.007473090327922538
State Street Financial Select Sector SPDR ETF,2026-02-18,52.3211,0,1,0.7620881,-0.00836756107956449
State Street Financial Select Sector SPDR ETF,2026-02-19,51.8833,1,1,0.53776574,0.00652040251872954
State Street Financial Select Sector SPDR ETF,2026-02-20,52.2216,0,0,0.35141942,-0.033530186742650625
State Street Financial Select Sector SPDR ETF,2026-02-23,50.4706,1,1,0.7036573,0.004927621228992818
State Street Financial Select Sector SPDR ETF,2026-02-24,50.7193,1,1,0.8334606,0.017456865532450294
State Street Financial Select Sector SPDR ETF,2026-02-25,51.6047,1,1,0.85332733,0.012146180483560531
State Street Financial Select Sector SPDR ETF,2026-02-26,52.2315,0,0,0.40169963,-0.020380421776131197
State Street Financial Select Sector SPDR ETF,2026-02-27,51.167,0,1,0.5138648,-0.002528973752614072
State Street Financial Select Sector SPDR ETF,2026-03-02,51.0376,0,1,0.65426534,-0.0017536091038763413
State Street Financial Select Sector SPDR ETF,2026-03-03,50.9481,1,1,0.8905834,0.005662625299079016
State Street Financial Select Sector SPDR ETF,2026-03-04,51.2366,0,1,0.908193,-0.005242346291518207
State Street Financial Select Sector SPDR ETF,2026-03-05,50.968,0,0,0.47505963,-0.012882592999529208
State Street Financial Select Sector SPDR ETF,2026-03-06,50.3114,0,0,0.28060743,-0.004746439176806838
State Street Financial Select Sector SPDR ETF,2026-03-09,50.0726,0,1,0.6606304,-0.005364211165387878
State Street Financial Select Sector SPDR ETF,2026-03-10,49.804,0,1,0.7477768,-0.008390892297807429
State Street Financial Select Sector SPDR ETF,2026-03-11,49.3861,0,1,0.6665846,-0.01631633192335491
State Street Financial Select Sector SPDR ETF,2026-03-12,48.5803,1,0,0.24965245,0.0012288931933315261
State Street Financial Select Sector SPDR ETF,2026-03-13,48.64,1,1,0.63730353,0.008386101973684168
State Street Financial Select Sector SPDR ETF,2026-03-16,49.0479,1,1,0.777089,0.0052723969833570195
State Street Financial Select Sector SPDR ETF,2026-03-17,49.3065,0,1,0.91048884,-0.011903095940697495
State Street Financial Select Sector SPDR ETF,2026-03-18,48.7196,1,1,0.65803033,0.0004084598395717176
State Street Financial Select Sector SPDR ETF,2026-03-19,48.7395,1,0,0.06895706,0.0018362929451471999
State Street Financial Select Sector SPDR ETF,2026-03-20,48.829,1,0,0.09728624,0.009031518155194762
State Street Financial Select Sector SPDR ETF,2026-03-23,49.27,1,0,0.23163345,0.00020296326364932504
State Street Financial Select Sector SPDR ETF,2026-03-24,49.28,1,0,0.44087982,0.0012175324675325339
State Street Financial Select Sector SPDR ETF,2026-03-25,49.34,0,0,0.3918294,-0.005877584110255518
State Street Financial Select Sector SPDR ETF,2026-03-26,49.05,0,0,0.16480193,-0.02528032619775733
State Street Financial Select Sector SPDR ETF,2026-03-27,47.81,1,1,0.66430867,0.011503869483371565
State Street Financial Select Sector SPDR ETF,2026-03-30,48.36,1,0,0.36695465,0.020885028949545026
State Street Financial Select Sector SPDR ETF,2026-03-31,49.37,1,1,0.6435855,0.0014178651002634268
State Street Financial Select Sector SPDR ETF,2026-04-01,49.44,1,1,0.6660982,0.001820388349514701
State Street Financial Select Sector SPDR ETF,2026-04-02,49.53,1,0,0.43307924,0.007066424389259085
State Street Financial Select Sector SPDR ETF,2026-04-06,49.88,0,1,0.6468475,0.0
State Street Financial Select Sector SPDR ETF,2026-04-07,49.88,1,1,0.7102333,0.02646351242983158
State Street Financial Select Sector SPDR ETF,2026-04-08,51.2,1,1,0.5819621,0.002539062499999911
State Street Financial Select Sector SPDR ETF,2026-04-09,51.33,0,1,0.8350233,-0.010909799337619264
State Street Financial Select Sector SPDR ETF,2026-04-10,50.77,1,1,0.88981885,0.017530037423675315
State Street Financial Select Sector SPDR ETF,2026-04-13,51.66,1,1,0.6940683,0.0023228803716608404
State Street Financial Select Sector SPDR ETF,2026-04-14,51.78,1,1,0.6436104,0.007531865585167941
State Street Financial Select Sector SPDR ETF,2026-04-15,52.17,0,1,0.6277546,-0.0026835345984281833
State Street Financial Select Sector SPDR ETF,2026-04-16,52.03,1,1,0.65688396,0.007687872381318517
State Street Financial Select Sector SPDR ETF,2026-04-17,52.43,1,1,0.5460844,0.0038146099561320312
State Street Financial Select Sector SPDR ETF,2026-04-20,52.63,0,1,0.54944587,-0.006270188105643282
State Street Financial Select Sector SPDR ETF,2026-04-21,52.3,0,0,0.44704452,-0.0017208413001911227
State Street Financial Select Sector SPDR ETF,2026-04-22,52.21,0,0,0.4274716,-0.00785290174296116
State Street Financial Select Sector SPDR ETF,2026-04-23,51.8,0,0,0.37511942,-0.007335907335907277
State Street Financial Select Sector SPDR ETF,2026-04-24,51.42,1,0,0.3547464,0.0075845974329054044
State Street Financial Select Sector SPDR ETF,2026-04-27,51.81,1,0,0.36831626,0.0007720517274656391
State Street Financial Select Sector SPDR ETF,2026-04-28,51.85,1,0,0.38211125,0.0013500482160078153
State Street Financial Select Sector SPDR ETF,2026-04-29,51.92,1,0,0.44609034,0.004044684129429932
State Street Financial Select Sector SPDR ETF,2026-04-30,52.13,0,0,0.3117501,0.0
State Street Financial Select Sector SPDR ETF,2026-04-30,52.13,0,0,0.30715734,-0.004028390562056394
State Street Financial Select Sector SPDR ETF,2026-05-01,51.92,0,1,0.61356896,0.0
State Street Financial Select Sector SPDR ETF,2026-05-01,51.92,0,0,0.3339058,0.0
State Street Financial Select Sector SPDR ETF,2026-05-01,51.92,0,1,0.6647793,-0.006548536209553202
State Street Financial Select Sector SPDR ETF,2026-05-04,51.58,1,1,0.88997304,0.00019387359441647156
State Street Financial Select Sector SPDR ETF,2026-05-05,51.59,1,0,0.48420635,0.004845900368288358
State Street Financial Select Sector SPDR ETF,2026-05-06,51.84,0,0,0.21798468,-0.005594135802469258
State Street Financial Select Sector SPDR ETF,2026-05-07,51.55,0,1,0.8011311,-0.006013579049466422
State Street Financial Select Sector SPDR ETF,2026-05-08,51.24,0,1,0.97883487,0.0
State Street Financial Select Sector SPDR ETF,2026-05-08,51.24,0,0,0.34387347,0.0
State Street Industrial Select Sector SPDR ETF,2025-06-05,141.8089,1,1,0.64366937,0.008418371484441467
State Street Industrial Select Sector SPDR ETF,2025-06-06,143.0027,0,1,0.60258025,-0.0008964865698339874
State Street Industrial Select Sector SPDR ETF,2025-06-09,142.8745,0,1,0.6295861,-0.004351371308386032
State Street Industrial Select Sector SPDR ETF,2025-06-10,142.2528,1,1,0.61459804,0.0004857549376884318
State Street Industrial Select Sector SPDR ETF,2025-06-11,142.3219,0,1,0.6792329,-0.0026341694426507134
State Street Industrial Select Sector SPDR ETF,2025-06-12,141.947,0,1,0.5654153,-0.008410885753133313
State Street Industrial Select Sector SPDR ETF,2025-06-13,140.7531,1,0,0.3237439,0.0068694756989367
State Street Industrial Select Sector SPDR ETF,2025-06-16,141.72,0,0,0.33861452,-0.007519051651142972
State Street Industrial Select Sector SPDR ETF,2025-06-17,140.6544,0,1,0.69022524,-0.0023852790954281833
State Street Industrial Select Sector SPDR ETF,2025-06-18,140.3189,1,1,0.7196,0.0011252938841452842
State Street Industrial Select Sector SPDR ETF,2025-06-20,140.4768,1,1,0.55339557,0.013541025991480327
State Street Industrial Select Sector SPDR ETF,2025-06-23,142.379,1,1,0.50572073,0.008341117721012203
State Street Industrial Select Sector SPDR ETF,2025-06-24,143.5666,0,1,0.6624845,-0.008823779347006844
State Street Industrial Select Sector SPDR ETF,2025-06-25,142.2998,1,1,0.6410989,0.010850331483248654
State Street Industrial Select Sector SPDR ETF,2025-06-26,143.8438,1,1,0.67666674,0.009976099074134659
State Street Industrial Select Sector SPDR ETF,2025-06-27,145.2788,1,1,0.71991855,0.004973196364507437
State Street Industrial Select Sector SPDR ETF,2025-06-30,146.0013,1,1,0.5721168,0.0033218882297625374
State Street Industrial Select Sector SPDR ETF,2025-07-01,146.4863,1,1,0.54104036,0.0010130640203214192
State Street Industrial Select Sector SPDR ETF,2025-07-02,146.6347,1,1,0.8105195,0.008504808207061343
State Street Industrial Select Sector SPDR ETF,2025-07-03,147.8818,0,1,0.7981828,-0.003480482385256334
State Street Industrial Select Sector SPDR ETF,2025-07-07,147.3671,0,1,0.8441339,-0.0002687166945675168
State Street Industrial Select Sector SPDR ETF,2025-07-08,147.3275,1,1,0.6799811,0.006986475708880002
State Street Industrial Select Sector SPDR ETF,2025-07-09,148.3568,1,0,0.48595864,0.005604057245775174
State Street Industrial Select Sector SPDR ETF,2025-07-10,149.1882,0,0,0.3273009,-0.003582723030373769
State Street Industrial Select Sector SPDR ETF,2025-07-11,148.6537,1,0,0.41127688,0.005393071279087058
State Street Industrial Select Sector SPDR ETF,2025-07-14,149.4554,0,1,0.5063454,-0.00748316889185674
State Street Industrial Select Sector SPDR ETF,2025-07-15,148.337,1,1,0.51949596,0.0035365417933490573
State Street Industrial Select Sector SPDR ETF,2025-07-16,148.8616,1,1,0.75763494,0.009241469929115231
State Street Industrial Select Sector SPDR ETF,2025-07-17,150.2373,0,1,0.76196647,-0.0022397899855761683
State Street Industrial Select Sector SPDR ETF,2025-07-18,149.9008,0,1,0.7080104,-0.005282159935103725
State Street Industrial Select Sector SPDR ETF,2025-07-21,149.109,1,1,0.740275,0.0023895271244525063
State Street Industrial Select Sector SPDR ETF,2025-07-22,149.4653,1,0,0.40443134,0.01794463330284679
State Street Industrial Select Sector SPDR ETF,2025-07-23,152.1474,0,0,0.38442585,-0.0016911232134102505
State Street Industrial Select Sector SPDR ETF,2025-07-24,151.8901,1,0,0.37683538,0.009903871285883659
State Street Industrial Select Sector SPDR ETF,2025-07-25,153.3944,0,0,0.2375033,-0.0030965928352012506
State Street Industrial Select Sector SPDR ETF,2025-07-28,152.9194,0,0,0.47530526,-0.0113909680524511
State Street Industrial Select Sector SPDR ETF,2025-07-29,151.1775,0,1,0.7856496,-0.004910122207339107
State Street Industrial Select Sector SPDR ETF,2025-07-30,150.4352,1,1,0.82184494,6.58090659630961e-05
State Street Industrial Select Sector SPDR ETF,2025-07-31,150.4451,0,0,0.4133235,-0.014933022079150482
State Street Industrial Select Sector SPDR ETF,2025-08-01,148.1985,1,0,0.19059268,0.009216017705982127
State Street Industrial Select Sector SPDR ETF,2025-08-04,149.5643,0,0,0.20670557,-0.002051960260570307
State Street Industrial Select Sector SPDR ETF,2025-08-05,149.2574,1,1,0.6674226,0.000795940435784237
State Street Industrial Select Sector SPDR ETF,2025-08-06,149.3762,0,1,0.83489597,-0.0014573941498043919
State Street Industrial Select Sector SPDR ETF,2025-08-07,149.1585,1,1,0.8284068,0.0007964681865264556
State Street Industrial Select Sector SPDR ETF,2025-08-08,149.2773,0,1,0.80071473,-0.003248986952470223
State Street Industrial Select Sector SPDR ETF,2025-08-11,148.7923,1,1,0.80936605,0.010376208983932544
State Street Industrial Select Sector SPDR ETF,2025-08-12,150.3362,1,1,0.6940309,0.0038187741874546877
State Street Industrial Select Sector SPDR ETF,2025-08-13,150.9103,0,1,0.6407034,-0.008853603763295248
State Street Industrial Select Sector SPDR ETF,2025-08-14,149.5742,0,1,0.5650742,-0.004565626959729618
State Street Industrial Select Sector SPDR ETF,2025-08-15,148.8913,1,0,0.32533437,0.003921652910546136
State Street Industrial Select Sector SPDR ETF,2025-08-18,149.4752,1,0,0.23480935,0.002184977842478064
State Street Industrial Select Sector SPDR ETF,2025-08-19,149.8018,0,0,0.37091532,-0.0009252225273661541
State Street Industrial Select Sector SPDR ETF,2025-08-20,149.6632,0,1,0.5969055,-0.0035706840425701047
State Street Industrial Select Sector SPDR ETF,2025-08-21,149.1288,1,1,0.7418374,0.01632615564532136
State Street Industrial Select Sector SPDR ETF,2025-08-22,151.5635,0,1,0.7043295,-0.00999119181069319
State Street Industrial Select Sector SPDR ETF,2025-08-25,150.0492,1,1,0.81278753,0.010289958227034823
State Street Industrial Select Sector SPDR ETF,2025-08-26,151.5932,0,1,0.66875625,-0.00013061271877634617
State Street Industrial Select Sector SPDR ETF,2025-08-27,151.5734,1,1,0.6675149,0.001762842292909017
State Street Industrial Select Sector SPDR ETF,2025-08-28,151.8406,0,0,0.44279915,-0.009190559046789892
State Street Industrial Select Sector SPDR ETF,2025-08-29,150.4451,0,1,0.71491235,-0.009539027858002758
State Street Industrial Select Sector SPDR ETF,2025-09-02,149.01,0,1,0.81249046,-0.0050479833568216614
State Street Industrial Select Sector SPDR ETF,2025-09-03,148.2578,1,1,0.80773515,0.011282374350624291
State Street Industrial Select Sector SPDR ETF,2025-09-04,149.9305,0,1,0.76920235,-0.0036970462981180674
State Street Industrial Select Sector SPDR ETF,2025-09-05,149.3762,1,1,0.8284822,0.0022527015682551887
State Street Industrial Select Sector SPDR ETF,2025-09-08,149.7127,0,1,0.6703528,-0.006742914929728783
State Street Industrial Select Sector SPDR ETF,2025-09-09,148.7032,1,1,0.7802161,0.007387870603994928
State Street Industrial Select Sector SPDR ETF,2025-09-10,149.8018,1,1,0.63970494,0.0095139043723107
State Street Industrial Select Sector SPDR ETF,2025-09-11,151.227,0,0,0.48055223,-0.007984685274455061
State Street Industrial Select Sector SPDR ETF,2025-09-12,150.0195,1,1,0.7337529,0.0046180663180452886
State Street Industrial Select Sector SPDR ETF,2025-09-15,150.7123,0,1,0.6932553,-0.00295463608477875
State Street Industrial Select Sector SPDR ETF,2025-09-16,150.267,0,1,0.7513871,-0.0045445773190386785
State Street Industrial Select Sector SPDR ETF,2025-09-17,149.5841,1,1,0.5600847,0.010652201671166983
State Street Industrial Select Sector SPDR ETF,2025-09-18,151.1775,1,1,0.5482381,0.0024223181359659396
State Street Industrial Select Sector SPDR ETF,2025-09-19,151.5437,1,1,0.7684301,0.003344249876438221
State Street Industrial Select Sector SPDR ETF,2025-09-22,152.0505,1,1,0.8085535,0.0002617551405619256
State Street Industrial Select Sector SPDR ETF,2025-09-23,152.0903,0,1,0.68034416,-0.0051620649048624845
State Street Industrial Select Sector SPDR ETF,2025-09-24,151.3052,0,1,0.8276032,-0.006765134311312648
State Street Industrial Select Sector SPDR ETF,2025-09-25,150.2816,1,1,0.78447527,0.008993116921832245
State Street Industrial Select Sector SPDR ETF,2025-09-26,151.6331,1,1,0.65368104,0.0030804619835642644
State Street Industrial Select Sector SPDR ETF,2025-09-29,152.1002,1,1,0.7251857,0.00771004903346606
State Street Industrial Select Sector SPDR ETF,2025-09-30,153.2729,0,1,0.81237054,-0.002787837902199275
State Street Industrial Select Sector SPDR ETF,2025-10-01,152.8456,1,1,0.7870523,0.0026006636762851976
State Street Industrial Select Sector SPDR ETF,2025-10-02,153.2431,1,1,0.76936936,0.0013618883982378094
State Street Industrial Select Sector SPDR ETF,2025-10-03,153.4518,1,0,0.44025502,0.004662701903790145
State Street Industrial Select Sector SPDR ETF,2025-10-06,154.1673,0,1,0.59231716,-0.005672409129562572
State Street Industrial Select Sector SPDR ETF,2025-10-07,153.2928,1,1,0.6705972,0.008686644121576492
State Street Industrial Select Sector SPDR ETF,2025-10-08,154.6244,0,0,0.35915592,-0.014782272396853369
State Street Industrial Select Sector SPDR ETF,2025-10-09,152.3387,0,1,0.6867399,-0.02211519462881062
State Street Industrial Select Sector SPDR ETF,2025-10-10,148.9697,1,1,0.6063572,0.010407485549075002
State Street Industrial Select Sector SPDR ETF,2025-10-13,150.5201,1,0,0.180442,0.011751918846718556
State Street Industrial Select Sector SPDR ETF,2025-10-14,152.289,0,0,0.3996646,-0.004176270117999259
State Street Industrial Select Sector SPDR ETF,2025-10-15,151.653,0,1,0.8770258,-0.006553117973267852
State Street Industrial Select Sector SPDR ETF,2025-10-16,150.6592,1,1,0.9208295,0.0008575646226716138
State Street Industrial Select Sector SPDR ETF,2025-10-17,150.7884,1,0,0.36750543,0.01179732658480348
State Street Industrial Select Sector SPDR ETF,2025-10-20,152.5673,1,1,0.5269366,0.008859041223119313
State Street Industrial Select Sector SPDR ETF,2025-10-21,153.9189,0,0,0.15727837,-0.01297826322823259
State Street Industrial Select Sector SPDR ETF,2025-10-22,151.9213,1,1,0.68151104,0.012494627152348059
State Street Industrial Select Sector SPDR ETF,2025-10-23,153.8195,1,1,0.6931277,0.0008399455205614359
State Street Industrial Select Sector SPDR ETF,2025-10-24,153.9487,1,1,0.52159965,0.005680463686929649
State Street Industrial Select Sector SPDR ETF,2025-10-27,154.8232,0,0,0.20687976,-0.007124901177601339
State Street Industrial Select Sector SPDR ETF,2025-10-28,153.7201,1,0,0.4699203,0.0025858687315452045
State Street Industrial Select Sector SPDR ETF,2025-10-29,154.1176,0,1,0.50048804,-0.002514962599988735
State Street Industrial Select Sector SPDR ETF,2025-10-30,153.73,1,1,0.79951644,0.0023918558511677457
State Street Industrial Select Sector SPDR ETF,2025-10-31,154.0977,0,1,0.7634693,-0.004256390588568193
State Street Industrial Select Sector SPDR ETF,2025-11-03,153.4418,0,1,0.71096873,-0.011593320724861078
State Street Industrial Select Sector SPDR ETF,2025-11-04,151.6629,1,1,0.82655406,0.003866469650784632
State Street Industrial Select Sector SPDR ETF,2025-11-05,152.2493,0,1,0.7325183,-0.003981627501735696
State Street Industrial Select Sector SPDR ETF,2025-11-06,151.6431,1,1,0.8447373,0.0048495447534375735
State Street Industrial Select Sector SPDR ETF,2025-11-07,152.3785,1,1,0.5189995,0.005674028816401222
State Street Industrial Select Sector SPDR ETF,2025-11-10,153.2431,1,1,0.69465196,0.00025906549789200817
State Street Industrial Select Sector SPDR ETF,2025-11-11,153.2828,1,0,0.42362815,0.0009727118763487308
State Street Industrial Select Sector SPDR ETF,2025-11-12,153.4319,0,0,0.45496264,-0.015480483523960809
State Street Industrial Select Sector SPDR ETF,2025-11-13,151.0567,1,1,0.7260694,6.620030756665507e-05
State Street Industrial Select Sector SPDR ETF,2025-11-14,151.0667,0,1,0.8463384,-0.009802292629679354
State Street Industrial Select Sector SPDR ETF,2025-11-17,149.5859,0,1,0.70072246,-0.0044509542677486635
State Street Industrial Select Sector SPDR ETF,2025-11-18,148.9201,1,0,0.348077,0.003336688600128701
State Street Industrial Select Sector SPDR ETF,2025-11-19,149.417,0,0,0.3268078,-0.016761144983502563
State Street Industrial Select Sector SPDR ETF,2025-11-20,146.9126,1,0,0.46105555,0.01217594678740963
State Street Industrial Select Sector SPDR ETF,2025-11-21,148.7014,1,0,0.43620872,0.002472740673591378
State Street Industrial Select Sector SPDR ETF,2025-11-24,149.0691,1,0,0.3411569,0.012800104112790756
State Street Industrial Select Sector SPDR ETF,2025-11-25,150.9772,1,1,0.7324139,0.0057929276738473146
State Street Industrial Select Sector SPDR ETF,2025-11-26,151.8518,1,1,0.7779732,0.005824099549692541
State Street Industrial Select Sector SPDR ETF,2025-11-28,152.7362,0,1,0.5735262,-0.014639620469803383
State Street Industrial Select Sector SPDR ETF,2025-12-01,150.5002,1,1,0.84693533,0.008716267486687856
State Street Industrial Select Sector SPDR ETF,2025-12-02,151.812,1,1,0.5696753,0.00949200326719879
State Street Industrial Select Sector SPDR ETF,2025-12-03,153.253,1,1,0.6218831,0.005187500407822565
State Street Industrial Select Sector SPDR ETF,2025-12-04,154.048,0,1,0.89887965,-0.0027738107602824913
State Street Industrial Select Sector SPDR ETF,2025-12-05,153.6207,0,1,0.8323394,-0.001229001039573352
State Street Industrial Select Sector SPDR ETF,2025-12-08,153.4319,0,1,0.6105228,-0.0073192080655979375
State Street Industrial Select Sector SPDR ETF,2025-12-09,152.3089,1,1,0.7290059,0.01826945109576661
State Street Industrial Select Sector SPDR ETF,2025-12-10,155.0915,1,0,0.47407082,0.01070142464287227
State Street Industrial Select Sector SPDR ETF,2025-12-11,156.7512,0,0,0.194405,-0.0062768259509337065
State Street Industrial Select Sector SPDR ETF,2025-12-12,155.7673,1,0,0.24887899,0.0015953284161696057
State Street Industrial Select Sector SPDR ETF,2025-12-15,156.0158,0,0,0.42956623,-0.00592439996461902
State Street Industrial Select Sector SPDR ETF,2025-12-16,155.0915,0,1,0.7717644,-0.016211720178088362
State Street Industrial Select Sector SPDR ETF,2025-12-17,152.5772,1,1,0.9289612,0.006513424024034986
State Street Industrial Select Sector SPDR ETF,2025-12-18,153.571,1,1,0.91683537,0.008607093787238451
State Street Industrial Select Sector SPDR ETF,2025-12-19,154.8928,1,1,0.68094057,0.011085731551111477
State Street Industrial Select Sector SPDR ETF,2025-12-22,156.6099,0,1,0.5643923,-0.00038184048390310643
State Street Industrial Select Sector SPDR ETF,2025-12-23,156.5501,1,0,0.3087579,0.003248800224337156
State Street Industrial Select Sector SPDR ETF,2025-12-24,157.0587,0,1,0.71664274,-0.0018413497628593234
State Street Industrial Select Sector SPDR ETF,2025-12-26,156.7695,0,1,0.9118457,-0.0021624104178427084
State Street Industrial Select Sector SPDR ETF,2025-12-29,156.4305,0,1,0.8849957,-0.002869005724587037
State Street Industrial Select Sector SPDR ETF,2025-12-30,155.9817,0,1,0.88701135,-0.008311231381629924
State Street Industrial Select Sector SPDR ETF,2025-12-31,154.6853,1,1,0.63511586,0.018437433938454317
State Street Industrial Select Sector SPDR ETF,2026-01-02,157.5373,1,1,0.65667355,0.011837196651205861
State Street Industrial Select Sector SPDR ETF,2026-01-05,159.4021,1,1,0.6075012,0.013575103464759986
State Street Industrial Select Sector SPDR ETF,2026-01-06,161.566,0,1,0.74369425,-0.01882450515578782
State Street Industrial Select Sector SPDR ETF,2026-01-07,158.5246,1,1,0.8108551,0.007548355271043139
State Street Industrial Select Sector SPDR ETF,2026-01-08,159.7212,1,1,0.7861862,0.01098852250045712
State Street Industrial Select Sector SPDR ETF,2026-01-09,161.4763,1,1,0.7364711,0.0076574704770915325
State Street Industrial Select Sector SPDR ETF,2026-01-12,162.7128,1,1,0.60435367,0.005147720400607847
State Street Industrial Select Sector SPDR ETF,2026-01-13,163.5504,1,1,0.7647646,0.0015854439976912271
State Street Industrial Select Sector SPDR ETF,2026-01-14,163.8097,1,1,0.8618504,0.009192373833784018
State Street Industrial Select Sector SPDR ETF,2026-01-15,165.3155,1,1,0.90364987,0.006755567384788552
State Street Industrial Select Sector SPDR ETF,2026-01-16,166.4323,0,1,0.8048742,-0.020191393137029334
State Street Industrial Select Sector SPDR ETF,2026-01-20,163.0718,1,1,0.7651677,0.017305873854339016
State Street Industrial Select Sector SPDR ETF,2026-01-21,165.8939,0,1,0.59393907,-0.005169569224667048
State Street Industrial Select Sector SPDR ETF,2026-01-22,165.0363,0,1,0.6130893,-0.007734056083419372
State Street Industrial Select Sector SPDR ETF,2026-01-23,163.7599,1,1,0.5283582,0.0009739869162108672
State Street Industrial Select Sector SPDR ETF,2026-01-26,163.9194,1,1,0.7161354,0.004136789178096123
State Street Industrial Select Sector SPDR ETF,2026-01-27,164.5975,0,1,0.82159173,-0.005573596196782993
State Street Industrial Select Sector SPDR ETF,2026-01-28,163.6801,1,1,0.9187873,0.010478976980097032
State Street Industrial Select Sector SPDR ETF,2026-01-29,165.3953,0,1,0.73816323,-0.0025327200954318174
State Street Industrial Select Sector SPDR ETF,2026-01-30,164.9764,1,0,0.2296579,0.012633322099403266
State Street Industrial Select Sector SPDR ETF,2026-02-02,167.0606,1,0,0.20028728,0.008416107687869046
State Street Industrial Select Sector SPDR ETF,2026-02-03,168.4666,1,1,0.7334309,0.002664029546509461
State Street Industrial Select Sector SPDR ETF,2026-02-04,168.9154,0,1,0.8337704,-0.006021949449250941
State Street Industrial Select Sector SPDR ETF,2026-02-05,167.8982,1,1,0.79776984,0.02856790602877224
State Street Industrial Select Sector SPDR ETF,2026-02-06,172.6947,1,1,0.7422566,0.003002987352825448
State Street Industrial Select Sector SPDR ETF,2026-02-09,173.2133,1,0,0.48932943,0.0012089140960884759
State Street Industrial Select Sector SPDR ETF,2026-02-10,173.4227,1,1,0.5356858,0.005347627502051422
State Street Industrial Select Sector SPDR ETF,2026-02-11,174.3501,0,0,0.4515066,-0.011954108428959942
State Street Industrial Select Sector SPDR ETF,2026-02-12,172.2659,1,1,0.6733091,0.008220431321579014
State Street Industrial Select Sector SPDR ETF,2026-02-13,173.682,1,1,0.7928639,0.005224490735942888
State Street Industrial Select Sector SPDR ETF,2026-02-17,174.5894,0,1,0.7610508,-0.00022853621124774293
State Street Industrial Select Sector SPDR ETF,2026-02-18,174.5495,1,1,0.8454563,0.007427119527698478
State Street Industrial Select Sector SPDR ETF,2026-02-19,175.8459,1,1,0.55592585,0.0050470326575711155
State Street Industrial Select Sector SPDR ETF,2026-02-20,176.7334,0,0,0.48686785,-0.013541865883867965
State Street Industrial Select Sector SPDR ETF,2026-02-23,174.3401,1,1,0.69823533,0.01229780182528284
State Street Industrial Select Sector SPDR ETF,2026-02-24,176.4841,0,1,0.77438873,-0.0077973029865013865
State Street Industrial Select Sector SPDR ETF,2026-02-25,175.108,1,1,0.81733793,0.0062641341343627754
State Street Industrial Select Sector SPDR ETF,2026-02-26,176.2049,1,0,0.43649784,0.00248971509872864
State Street Industrial Select Sector SPDR ETF,2026-02-27,176.6436,1,0,0.47233427,0.00993582558326489
State Street Industrial Select Sector SPDR ETF,2026-03-02,178.3987,0,1,0.54478055,-0.019340387570088824
State Street Industrial Select Sector SPDR ETF,2026-03-03,174.9484,1,1,0.88105506,0.0030208907312099242
State Street Industrial Select Sector SPDR ETF,2026-03-04,175.4769,0,1,0.9040817,-0.02221944882773741
State Street Industrial Select Sector SPDR ETF,2026-03-05,171.5779,0,1,0.6101973,-0.012321516931959264
State Street Industrial Select Sector SPDR ETF,2026-03-06,169.4638,1,0,0.42852482,0.005884442577116955
State Street Industrial Select Sector SPDR ETF,2026-03-09,170.461,0,1,0.58184063,-0.005381876206287717
State Street Industrial Select Sector SPDR ETF,2026-03-10,169.5436,0,1,0.67537606,-0.0031171922738458813
State Street Industrial Select Sector SPDR ETF,2026-03-11,169.0151,0,1,0.60312665,-0.025075274339393383
State Street Industrial Select Sector SPDR ETF,2026-03-12,164.777,0,0,0.2563701,-0.003570886713558208
State Street Industrial Select Sector SPDR ETF,2026-03-13,164.1886,1,1,0.5763109,0.00856393196604377
State Street Industrial Select Sector SPDR ETF,2026-03-16,165.5947,1,1,0.7874441,0.002649843261891993
State Street Industrial Select Sector SPDR ETF,2026-03-17,166.0335,0,1,0.8656336,-0.00792791816109406
State Street Industrial Select Sector SPDR ETF,2026-03-18,164.7172,0,0,0.44782448,-0.006780712639602782
State Street Industrial Select Sector SPDR ETF,2026-03-19,163.6003,0,0,0.08647844,-0.014567821697148431
State Street Industrial Select Sector SPDR ETF,2026-03-20,161.217,1,0,0.15961306,0.01136976869684947
State Street Industrial Select Sector SPDR ETF,2026-03-23,163.05,1,1,0.5541968,0.0058264336093223346
State Street Industrial Select Sector SPDR ETF,2026-03-24,164.0,1,1,0.63670313,0.006707317073170627
State Street Industrial Select Sector SPDR ETF,2026-03-25,165.1,0,0,0.38117892,-0.0231980617807388
State Street Industrial Select Sector SPDR ETF,2026-03-26,161.27,0,0,0.35374492,-0.012835617287778378
State Street Industrial Select Sector SPDR ETF,2026-03-27,159.2,0,1,0.83928883,-0.016268844221105416
State Street Industrial Select Sector SPDR ETF,2026-03-30,156.61,1,1,0.58549744,0.03269267607432469
State Street Industrial Select Sector SPDR ETF,2026-03-31,161.73,1,1,0.5799722,0.016694490818030205
State Street Industrial Select Sector SPDR ETF,2026-04-01,164.43,0,0,0.44808778,-0.0040138660828316075
State Street Industrial Select Sector SPDR ETF,2026-04-02,163.77,1,0,0.35925692,0.005129144531965668
State Street Industrial Select Sector SPDR ETF,2026-04-06,164.61,0,1,0.62748027,-0.002004738472753842
State Street Industrial Select Sector SPDR ETF,2026-04-07,164.28,1,1,0.70488036,0.03749695641587536
State Street Industrial Select Sector SPDR ETF,2026-04-08,170.44,1,1,0.5865673,0.010267542830321608
State Street Industrial Select Sector SPDR ETF,2026-04-09,172.19,0,1,0.8393359,-0.0038910505836574627
State Street Industrial Select Sector SPDR ETF,2026-04-10,171.52,1,1,0.90218467,0.007054570895522305
State Street Industrial Select Sector SPDR ETF,2026-04-13,172.73,1,1,0.7483942,0.0035894170092052313
State Street Industrial Select Sector SPDR ETF,2026-04-14,173.35,0,1,0.68359596,-0.012518027112777497
State Street Industrial Select Sector SPDR ETF,2026-04-15,171.18,0,1,0.67227334,-0.004965533356700469
State Street Industrial Select Sector SPDR ETF,2026-04-16,170.33,1,1,0.6694828,0.018669641284565053
State Street Industrial Select Sector SPDR ETF,2026-04-17,173.51,1,1,0.52959436,0.002247709065759995
State Street Industrial Select Sector SPDR ETF,2026-04-20,173.9,0,1,0.54383045,-0.014146060954571604
State Street Industrial Select Sector SPDR ETF,2026-04-21,171.44,0,0,0.45296815,-0.002333177788147456
State Street Industrial Select Sector SPDR ETF,2026-04-22,171.04,1,0,0.4345577,0.017715154349859707
State Street Industrial Select Sector SPDR ETF,2026-04-23,174.07,0,0,0.37867472,-0.009191704486700703
State Street Industrial Select Sector SPDR ETF,2026-04-24,172.47,1,0,0.3592779,0.00023192439264785314
State Street Industrial Select Sector SPDR ETF,2026-04-27,172.51,0,0,0.3656154,-0.008869051069503198
State Street Industrial Select Sector SPDR ETF,2026-04-28,170.98,0,0,0.40257302,-0.006141069130892407
State Street Industrial Select Sector SPDR ETF,2026-04-29,169.93,1,0,0.46591008,0.027364208791855527
State Street Industrial Select Sector SPDR ETF,2026-04-30,174.58,0,0,0.28421345,0.0
State Street Industrial Select Sector SPDR ETF,2026-04-30,174.58,0,1,0.7100385,-0.009279413449421514
State Street Industrial Select Sector SPDR ETF,2026-05-01,172.96,0,1,0.9014549,0.0
State Street Industrial Select Sector SPDR ETF,2026-05-01,172.96,0,1,0.845831,0.0
State Street Industrial Select Sector SPDR ETF,2026-05-01,172.96,0,1,0.51523453,-0.011447733580018604
State Street Industrial Select Sector SPDR ETF,2026-05-04,170.98,1,1,0.83356947,0.008363551292548843
State Street Industrial Select Sector SPDR ETF,2026-05-05,172.41,1,0,0.49319905,0.025868569108520534
State Street Industrial Select Sector SPDR ETF,2026-05-06,176.87,0,0,0.22698194,-0.016226607112568625
State Street Industrial Select Sector SPDR ETF,2026-05-07,174.0,0,1,0.7023081,-0.0045977011494253706
State Street Industrial Select Sector SPDR ETF,2026-05-08,173.2,0,1,0.9717552,0.0
State Street Industrial Select Sector SPDR ETF,2026-05-08,173.2,0,0,0.3763685,0.0
State Street Technology Select Sector SPDR ETF,2025-06-05,117.3941,1,1,0.6915818,0.009444256568260201
State Street Technology Select Sector SPDR ETF,2025-06-06,118.5028,1,1,0.6933424,0.004907900910358309
State Street Technology Select Sector SPDR ETF,2025-06-09,119.0844,1,1,0.6696789,0.005594351569139233
State Street Technology Select Sector SPDR ETF,2025-06-10,119.7506,0,1,0.6285321,-0.0021995714426483737
State Street Technology Select Sector SPDR ETF,2025-06-11,119.4872,1,1,0.7313263,0.00927798123983159
State Street Technology Select Sector SPDR ETF,2025-06-12,120.5958,0,1,0.5760418,-0.014016242688385416
State Street Technology Select Sector SPDR ETF,2025-06-13,118.9055,1,0,0.486417,0.016180916778450127
State Street Technology Select Sector SPDR ETF,2025-06-16,120.8295,0,0,0.43184873,-0.007076914164173442
State Street Technology Select Sector SPDR ETF,2025-06-17,119.9744,1,1,0.6622411,0.0012010895657739162
State Street Technology Select Sector SPDR ETF,2025-06-18,120.1185,0,1,0.6893459,-0.004428127224365919
State Street Technology Select Sector SPDR ETF,2025-06-20,119.5866,1,1,0.74396837,0.011401779129099676
State Street Technology Select Sector SPDR ETF,2025-06-23,120.9501,1,1,0.60675216,0.017951204670355825
State Street Technology Select Sector SPDR ETF,2025-06-24,123.1213,1,1,0.59329176,0.008533860509919888
State Street Technology Select Sector SPDR ETF,2025-06-25,124.172,1,1,0.57697403,0.006897690300550874
State Street Technology Select Sector SPDR ETF,2025-06-26,125.0285,0,1,0.77482665,-0.0011941277388755056
State Street Technology Select Sector SPDR ETF,2025-06-27,124.8792,1,1,0.79403967,0.009809479881357497
State Street Technology Select Sector SPDR ETF,2025-06-30,126.1042,0,1,0.6361742,-0.008925158717949189
State Street Technology Select Sector SPDR ETF,2025-07-01,124.9787,1,1,0.5550137,0.010559399321644403
State Street Technology Select Sector SPDR ETF,2025-07-02,126.2984,1,1,0.73243344,0.013169604682244485
State Street Technology Select Sector SPDR ETF,2025-07-03,127.9617,0,1,0.7643874,-0.007939094275865255
State Street Technology Select Sector SPDR ETF,2025-07-07,126.9458,1,1,0.8443512,0.005373946991550582
State Street Technology Select Sector SPDR ETF,2025-07-08,127.628,1,1,0.6777902,0.006008869527063032
State Street Technology Select Sector SPDR ETF,2025-07-09,128.3949,0,1,0.5111242,-0.0032968599220063455
State Street Technology Select Sector SPDR ETF,2025-07-10,127.9716,0,0,0.36567757,-0.004397069349761917
State Street Technology Select Sector SPDR ETF,2025-07-11,127.4089,0,0,0.44879618,-0.0008209787542314828
State Street Technology Select Sector SPDR ETF,2025-07-14,127.3043,1,1,0.54827493,0.008880297052024089
State Street Technology Select Sector SPDR ETF,2025-07-15,128.4348,1,0,0.4776497,0.003101184414193048
State Street Technology Select Sector SPDR ETF,2025-07-16,128.8331,1,1,0.72326654,0.009083845688724335
State Street Technology Select Sector SPDR ETF,2025-07-17,130.0034,0,1,0.7791761,-0.000651521421747403
State Street Technology Select Sector SPDR ETF,2025-07-18,129.9187,1,1,0.69814765,0.0013038923572972205
State Street Technology Select Sector SPDR ETF,2025-07-21,130.0881,0,1,0.6683626,-0.009264490756648702
State Street Technology Select Sector SPDR ETF,2025-07-22,128.8829,1,0,0.39887294,0.005718369155256475
State Street Technology Select Sector SPDR ETF,2025-07-23,129.6199,1,0,0.38209185,0.004226202921002065
State Street Technology Select Sector SPDR ETF,2025-07-24,130.1677,1,0,0.37321666,0.0022955003430189524
State Street Technology Select Sector SPDR ETF,2025-07-25,130.4665,1,0,0.32058617,0.007977526798066847
State Street Technology Select Sector SPDR ETF,2025-07-28,131.5073,1,1,0.5148636,3.8020703033492254e-05
State Street Technology Select Sector SPDR ETF,2025-07-29,131.5123,1,1,0.7748818,0.002234011571541128
State Street Technology Select Sector SPDR ETF,2025-07-30,131.8061,0,1,0.7944611,-0.007329706288252136
State Street Technology Select Sector SPDR ETF,2025-07-31,130.84,0,0,0.49223453,-0.02158055640476919
State Street Technology Select Sector SPDR ETF,2025-08-01,128.0164,1,0,0.26608372,0.02030599204476924
State Street Technology Select Sector SPDR ETF,2025-08-04,130.6159,0,0,0.27332377,-0.008273112232124902
State Street Technology Select Sector SPDR ETF,2025-08-05,129.5353,1,1,0.6799643,0.011264111018386647
State Street Technology Select Sector SPDR ETF,2025-08-06,130.9944,1,1,0.7620547,0.0009122527375216016
State Street Technology Select Sector SPDR ETF,2025-08-07,131.1139,1,1,0.74785244,0.009989024809726521
State Street Technology Select Sector SPDR ETF,2025-08-08,132.4236,0,1,0.79021424,-0.006769186157150275
State Street Technology Select Sector SPDR ETF,2025-08-11,131.5272,1,1,0.8441271,0.015485009944711026
State Street Technology Select Sector SPDR ETF,2025-08-12,133.5639,1,1,0.75120574,0.0003736039453774431
State Street Technology Select Sector SPDR ETF,2025-08-13,133.6138,0,1,0.6651848,-0.002161453382809375
State Street Technology Select Sector SPDR ETF,2025-08-14,133.325,0,1,0.563901,-0.007582973935870929
State Street Technology Select Sector SPDR ETF,2025-08-15,132.314,1,1,0.5014206,0.002145653521169466
State Street Technology Select Sector SPDR ETF,2025-08-18,132.5979,0,0,0.29674947,-0.017463323325633495
State Street Technology Select Sector SPDR ETF,2025-08-19,130.2823,0,0,0.4203796,-0.006766076435555601
State Street Technology Select Sector SPDR ETF,2025-08-20,129.4008,0,1,0.68007314,-0.003617442859704001
State Street Technology Select Sector SPDR ETF,2025-08-21,128.9327,1,1,0.73884255,0.01355668499922813
State Street Technology Select Sector SPDR ETF,2025-08-22,130.6806,0,1,0.6995945,-0.0022482296530625945
State Street Technology Select Sector SPDR ETF,2025-08-25,130.3868,1,1,0.76707166,0.004583286038157164
State Street Technology Select Sector SPDR ETF,2025-08-26,130.9844,1,1,0.68329084,0.005399116230635048
State Street Technology Select Sector SPDR ETF,2025-08-27,131.6916,1,1,0.64273524,0.007902554149239682
State Street Technology Select Sector SPDR ETF,2025-08-28,132.7323,0,1,0.50505555,-0.015344418803863058
State Street Technology Select Sector SPDR ETF,2025-08-29,130.6956,0,1,0.7512883,-0.010097509020961737
State Street Technology Select Sector SPDR ETF,2025-09-02,129.3759,1,1,0.8090645,0.0059663353066528035
State Street Technology Select Sector SPDR ETF,2025-09-03,130.1478,1,1,0.78331333,0.004935926692575698
State Street Technology Select Sector SPDR ETF,2025-09-04,130.7902,1,1,0.7794464,0.0008372186906970835
State Street Technology Select Sector SPDR ETF,2025-09-05,130.8997,1,1,0.8248702,0.007495051554740062
State Street Technology Select Sector SPDR ETF,2025-09-08,131.8808,1,1,0.6544242,0.001925981644030239
State Street Technology Select Sector SPDR ETF,2025-09-09,132.1348,1,1,0.74332196,0.01812694309144902
State Street Technology Select Sector SPDR ETF,2025-09-10,134.53,1,1,0.61084175,0.003368765331152934
State Street Technology Select Sector SPDR ETF,2025-09-11,134.9832,0,1,0.51564616,-0.0006637863082221696
State Street Technology Select Sector SPDR ETF,2025-09-12,134.8936,1,1,0.6924094,0.009007840253355326
State Street Technology Select Sector SPDR ETF,2025-09-15,136.1087,0,1,0.6833772,-0.0034758983077495254
State Street Technology Select Sector SPDR ETF,2025-09-16,135.6356,0,1,0.73681456,-0.003451158840304669
State Street Technology Select Sector SPDR ETF,2025-09-17,135.1675,1,1,0.5509146,0.01727856178445264
State Street Technology Select Sector SPDR ETF,2025-09-18,137.503,1,1,0.5661458,0.010140869653753048
State Street Technology Select Sector SPDR ETF,2025-09-19,138.8974,1,1,0.76216227,0.014710858518589998
State Street Technology Select Sector SPDR ETF,2025-09-22,140.9407,0,1,0.8048593,-0.008631999131549661
State Street Technology Select Sector SPDR ETF,2025-09-23,139.7241,0,1,0.7711283,-0.0061735949632166776
State Street Technology Select Sector SPDR ETF,2025-09-24,138.8615,0,1,0.8207438,-0.0017600270773397986
State Street Technology Select Sector SPDR ETF,2025-09-25,138.6171,1,1,0.7529826,0.0030219936789905866
State Street Technology Select Sector SPDR ETF,2025-09-26,139.036,1,1,0.74356186,0.005343220460887865
State Street Technology Select Sector SPDR ETF,2025-09-29,139.7789,1,1,0.71771765,0.0054579053061656335
State Street Technology Select Sector SPDR ETF,2025-09-30,140.5418,1,1,0.8105058,0.009792104555370829
State Street Technology Select Sector SPDR ETF,2025-10-01,141.918,1,1,0.76790684,0.005410871066390488
State Street Technology Select Sector SPDR ETF,2025-10-02,142.6859,0,1,0.7573752,-0.005032031896634592
State Street Technology Select Sector SPDR ETF,2025-10-03,141.9679,1,0,0.4939708,0.010114962607744582
State Street Technology Select Sector SPDR ETF,2025-10-06,143.4039,0,1,0.6019984,-0.006676247996044826
State Street Technology Select Sector SPDR ETF,2025-10-07,142.4465,1,1,0.681215,0.017537812441864364
State Street Technology Select Sector SPDR ETF,2025-10-08,144.9447,0,0,0.37007457,-0.001686160308034812
State Street Technology Select Sector SPDR ETF,2025-10-09,144.7003,0,1,0.6487227,-0.040695838225629166
State Street Technology Select Sector SPDR ETF,2025-10-10,138.8116,1,1,0.56923115,0.024354592843825573
State Street Technology Select Sector SPDR ETF,2025-10-13,142.1923,0,0,0.22412959,-0.012834731557193946
State Street Technology Select Sector SPDR ETF,2025-10-14,140.3673,1,1,0.5136805,0.009911140272698793
State Street Technology Select Sector SPDR ETF,2025-10-15,141.7585,1,1,0.8784963,0.0007385800498735939
State Street Technology Select Sector SPDR ETF,2025-10-16,141.8632,1,1,0.8994014,0.0017573267767820866
State Street Technology Select Sector SPDR ETF,2025-10-17,142.1125,1,1,0.5084665,0.011157357727152872
State Street Technology Select Sector SPDR ETF,2025-10-20,143.6981,1,1,0.578779,0.0005205357621289597
State Street Technology Select Sector SPDR ETF,2025-10-21,143.7729,0,0,0.18991238,-0.009884338425391714
State Street Technology Select Sector SPDR ETF,2025-10-22,142.3518,1,1,0.7006858,0.012610307702466628
State Street Technology Select Sector SPDR ETF,2025-10-23,144.1469,1,1,0.676644,0.015531378059465917
State Street Technology Select Sector SPDR ETF,2025-10-24,146.3857,1,0,0.4891529,0.018461502728750023
State Street Technology Select Sector SPDR ETF,2025-10-27,149.0882,1,0,0.2676391,0.009899509149617458
State Street Technology Select Sector SPDR ETF,2025-10-28,150.5641,1,1,0.5412546,0.0071869721932387165
State Street Technology Select Sector SPDR ETF,2025-10-29,151.6462,0,1,0.5840098,-0.012297703470314447
State Street Technology Select Sector SPDR ETF,2025-10-30,149.7813,1,1,0.77809185,0.000965407564228915
State Street Technology Select Sector SPDR ETF,2025-10-31,149.9259,1,1,0.7063639,0.004090687466274945
State Street Technology Select Sector SPDR ETF,2025-11-03,150.5392,0,1,0.6574677,-0.026398439741940893
State Street Technology Select Sector SPDR ETF,2025-11-04,146.5652,1,1,0.8367386,0.003912252021625928
State Street Technology Select Sector SPDR ETF,2025-11-05,147.1386,0,1,0.8170466,-0.02009533868067237
State Street Technology Select Sector SPDR ETF,2025-11-06,144.1818,0,1,0.8880749,-0.003458827674505449
State Street Technology Select Sector SPDR ETF,2025-11-07,143.6831,1,1,0.6753018,0.025576424784821583
State Street Technology Select Sector SPDR ETF,2025-11-10,147.358,0,1,0.626564,-0.0085268529703173
State Street Technology Select Sector SPDR ETF,2025-11-11,146.1015,1,0,0.38161978,0.003105375372600694
State Street Technology Select Sector SPDR ETF,2025-11-12,146.5552,0,0,0.48591244,-0.024938726159153823
State Street Technology Select Sector SPDR ETF,2025-11-13,142.9003,1,1,0.7377457,0.0054436554716821295
State Street Technology Select Sector SPDR ETF,2025-11-14,143.6782,0,1,0.8350777,-0.015651643742753074
State Street Technology Select Sector SPDR ETF,2025-11-17,141.4294,0,1,0.73401475,-0.016253339121851562
State Street Technology Select Sector SPDR ETF,2025-11-18,139.1307,1,0,0.4309141,0.006953174245511562
State Street Technology Select Sector SPDR ETF,2025-11-19,140.0981,0,0,0.37054867,-0.03139157490358535
State Street Technology Select Sector SPDR ETF,2025-11-20,135.7002,1,0,0.45522013,0.0038585057354374452
State Street Technology Select Sector SPDR ETF,2025-11-21,136.2238,1,0,0.45364624,0.023828435266084025
State Street Technology Select Sector SPDR ETF,2025-11-24,139.4698,1,0,0.33662426,0.0026815841135499063
State Street Technology Select Sector SPDR ETF,2025-11-25,139.8438,1,1,0.7446223,0.011837492974304364
State Street Technology Select Sector SPDR ETF,2025-11-26,141.4992,1,1,0.7711198,0.008597928468853544
State Street Technology Select Sector SPDR ETF,2025-11-28,142.7158,1,1,0.56673306,0.0004540492363143134
State Street Technology Select Sector SPDR ETF,2025-12-01,142.7806,1,1,0.82356864,0.010302520090264444
State Street Technology Select Sector SPDR ETF,2025-12-02,144.2516,1,1,0.56002736,0.0023847222491812925
State Street Technology Select Sector SPDR ETF,2025-12-03,144.5956,1,1,0.5987817,0.003724179712245812
State Street Technology Select Sector SPDR ETF,2025-12-04,145.1341,1,1,0.8808057,0.007318059642771768
State Street Technology Select Sector SPDR ETF,2025-12-05,146.1962,1,1,0.83387893,0.007026174414930031
State Street Technology Select Sector SPDR ETF,2025-12-08,147.2234,1,1,0.5861632,0.0026415637731502795
State Street Technology Select Sector SPDR ETF,2025-12-09,147.6123,1,1,0.7325029,0.004796348271790318
State Street Technology Select Sector SPDR ETF,2025-12-10,148.3203,0,1,0.5864867,-0.005109887183345818
State Street Technology Select Sector SPDR ETF,2025-12-11,147.5624,0,0,0.23190491,-0.02892471252839479
State Street Technology Select Sector SPDR ETF,2025-12-12,143.2942,0,0,0.28731626,-0.009673106099200135
State Street Technology Select Sector SPDR ETF,2025-12-15,141.9081,1,0,0.4740947,0.0018265342147489871
State Street Technology Select Sector SPDR ETF,2025-12-16,142.1673,0,1,0.7746438,-0.02223577433066537
State Street Technology Select Sector SPDR ETF,2025-12-17,139.0061,1,1,0.92362666,0.015423783560577498
State Street Technology Select Sector SPDR ETF,2025-12-18,141.1501,1,1,0.90614104,0.02161953834960073
State Street Technology Select Sector SPDR ETF,2025-12-19,144.2017,1,1,0.66555524,0.0053952207220859805
State Street Technology Select Sector SPDR ETF,2025-12-22,144.9797,1,1,0.586463,0.005442830961851941
State Street Technology Select Sector SPDR ETF,2025-12-23,145.7688,1,0,0.32064837,0.002397632415167106
State Street Technology Select Sector SPDR ETF,2025-12-24,146.1183,1,1,0.68052465,0.0015720139092776364
State Street Technology Select Sector SPDR ETF,2025-12-26,146.348,0,1,0.90193397,-0.004503648837018814
State Street Technology Select Sector SPDR ETF,2025-12-29,145.6889,0,1,0.8567689,-0.0031539808454864593
State Street Technology Select Sector SPDR ETF,2025-12-30,145.2294,0,1,0.8443705,-0.009902953534201675
State Street Technology Select Sector SPDR ETF,2025-12-31,143.7912,1,1,0.5728528,0.0022922125971547302
State Street Technology Select Sector SPDR ETF,2026-01-02,144.1208,1,1,0.6869056,0.002217584137751194
State Street Technology Select Sector SPDR ETF,2026-01-05,144.4404,1,1,0.6322569,0.01403693149562013
State Street Technology Select Sector SPDR ETF,2026-01-06,146.4679,0,1,0.772556,-0.0008186094017867962
State Street Technology Select Sector SPDR ETF,2026-01-07,146.348,0,1,0.7638976,-0.015627818624101564
State Street Technology Select Sector SPDR ETF,2026-01-08,144.0609,1,1,0.79300797,0.013241622119534169
State Street Technology Select Sector SPDR ETF,2026-01-09,145.9685,1,1,0.7145223,0.004379026981848666
State Street Technology Select Sector SPDR ETF,2026-01-12,146.6077,0,1,0.5963553,-0.002111758113659712
State Street Technology Select Sector SPDR ETF,2026-01-13,146.2981,0,1,0.77100134,-0.012151900810742022
State Street Technology Select Sector SPDR ETF,2026-01-14,144.5203,1,1,0.86842936,0.0052525492958430675
State Street Technology Select Sector SPDR ETF,2026-01-15,145.2794,1,1,0.88771147,0.0010999494766634754
State Street Technology Select Sector SPDR ETF,2026-01-16,145.4392,0,1,0.77086526,-0.0259579260611994
State Street Technology Select Sector SPDR ETF,2026-01-20,141.6639,1,1,0.736421,0.013888506528480393
State Street Technology Select Sector SPDR ETF,2026-01-21,143.6314,1,1,0.5530048,0.007440573579314602
State Street Technology Select Sector SPDR ETF,2026-01-22,144.7001,1,1,0.6010923,0.001449204250722591
State Street Technology Select Sector SPDR ETF,2026-01-23,144.9098,1,1,0.5262919,0.006823555066669096
State Street Technology Select Sector SPDR ETF,2026-01-26,145.8986,1,1,0.67144984,0.013485393279990321
State Street Technology Select Sector SPDR ETF,2026-01-27,147.8661,1,1,0.7675451,0.007970724865266732
State Street Technology Select Sector SPDR ETF,2026-01-28,149.0447,0,1,0.89612395,-0.015814718671646855
State Street Technology Select Sector SPDR ETF,2026-01-29,146.6876,0,1,0.7807458,-0.02035823068889253
State Street Technology Select Sector SPDR ETF,2026-01-30,143.7013,1,0,0.4034337,0.009591423320457038
State Street Technology Select Sector SPDR ETF,2026-02-02,145.0796,0,0,0.2702407,-0.021891430635320064
State Street Technology Select Sector SPDR ETF,2026-02-03,141.9036,0,1,0.71931785,-0.027871738278662517
State Street Technology Select Sector SPDR ETF,2026-02-04,137.9485,0,1,0.77623945,-0.01802774223713921
State Street Technology Select Sector SPDR ETF,2026-02-05,135.4616,1,1,0.8168033,0.04055097533175456
State Street Technology Select Sector SPDR ETF,2026-02-06,140.9547,1,1,0.80915403,0.015730585783943374
State Street Technology Select Sector SPDR ETF,2026-02-09,143.172,0,1,0.5108278,-0.0055807001368983755
State Street Technology Select Sector SPDR ETF,2026-02-10,142.373,1,0,0.41867995,0.0029464856398333517
State Street Technology Select Sector SPDR ETF,2026-02-11,142.7925,0,0,0.32097632,-0.02629970061452791
State Street Technology Select Sector SPDR ETF,2026-02-12,139.0371,1,1,0.6880495,0.0025144367942080414
State Street Technology Select Sector SPDR ETF,2026-02-13,139.3867,0,1,0.88240594,-0.0005732254225114808
State Street Technology Select Sector SPDR ETF,2026-02-17,139.3068,1,1,0.7887092,0.01025219156566659
State Street Technology Select Sector SPDR ETF,2026-02-18,140.735,0,1,0.78074217,-0.004967492095072412
State Street Technology Select Sector SPDR ETF,2026-02-19,140.0359,1,1,0.5851895,0.004778774585659784
State Street Technology Select Sector SPDR ETF,2026-02-20,140.7051,0,0,0.4224149,-0.016752058027747263
State Street Technology Select Sector SPDR ETF,2026-02-23,138.348,1,1,0.7094301,0.012994766819903303
State Street Technology Select Sector SPDR ETF,2026-02-24,140.1458,1,1,0.81407875,0.019170035777026584
State Street Technology Select Sector SPDR ETF,2026-02-25,142.8324,0,1,0.8554124,-0.013984922188523097
State Street Technology Select Sector SPDR ETF,2026-02-26,140.8349,0,0,0.4906646,-0.01595627220241569
State Street Technology Select Sector SPDR ETF,2026-02-27,138.5877,1,1,0.5402643,0.0056209894528880255
State Street Technology Select Sector SPDR ETF,2026-03-02,139.3667,0,1,0.64296645,-0.014618987175559317
State Street Technology Select Sector SPDR ETF,2026-03-03,137.3293,1,1,0.9242629,0.01701749007677189
State Street Technology Select Sector SPDR ETF,2026-03-04,139.6663,1,1,0.91726273,0.002431509963391143
State Street Technology Select Sector SPDR ETF,2026-03-05,140.0059,0,1,0.5455341,-0.020616274028451675
State Street Technology Select Sector SPDR ETF,2026-03-06,137.1195,1,0,0.36902884,0.017990876571166048
State Street Technology Select Sector SPDR ETF,2026-03-09,139.5864,0,1,0.5918229,0.0
State Street Technology Select Sector SPDR ETF,2026-03-10,139.5864,1,1,0.6686575,0.004794163328232459
State Street Technology Select Sector SPDR ETF,2026-03-11,140.2556,0,1,0.79992867,-0.018443470349846836
State Street Technology Select Sector SPDR ETF,2026-03-12,137.6688,0,1,0.52694434,-0.007544919400764738
State Street Technology Select Sector SPDR ETF,2026-03-13,136.6301,1,1,0.57610404,0.014474116611200571
State Street Technology Select Sector SPDR ETF,2026-03-16,138.6077,1,1,0.70196253,0.005475886260287277
State Street Technology Select Sector SPDR ETF,2026-03-17,139.3667,0,1,0.9103363,-0.011322647375592632
State Street Technology Select Sector SPDR ETF,2026-03-18,137.7887,1,1,0.5042462,0.0034066654232169924
State Street Technology Select Sector SPDR ETF,2026-03-19,138.2581,0,0,0.09467612,-0.022682938648802442
State Street Technology Select Sector SPDR ETF,2026-03-20,135.122,1,0,0.1529761,0.013528514971655081
State Street Technology Select Sector SPDR ETF,2026-03-23,136.95,0,0,0.33149546,-0.00584154801022263
State Street Technology Select Sector SPDR ETF,2026-03-24,136.15,1,1,0.55061114,0.004480352552331812
State Street Technology Select Sector SPDR ETF,2026-03-25,136.76,0,0,0.45316836,-0.03114945890611287
State Street Technology Select Sector SPDR ETF,2026-03-26,132.5,0,0,0.26456675,-0.01947169811320759
State Street Technology Select Sector SPDR ETF,2026-03-27,129.92,0,1,0.70417446,-0.018626847290640347
State Street Technology Select Sector SPDR ETF,2026-03-30,127.5,1,1,0.5749175,0.042352941176470704
State Street Technology Select Sector SPDR ETF,2026-03-31,132.9,1,1,0.66953903,0.015124153498871307
State Street Technology Select Sector SPDR ETF,2026-04-01,134.91,1,0,0.46424693,0.008005336891260928
State Street Technology Select Sector SPDR ETF,2026-04-02,135.99,1,0,0.2736937,0.005809250680196998
State Street Technology Select Sector SPDR ETF,2026-04-06,136.78,1,1,0.6564978,0.004752156748062619
State Street Technology Select Sector SPDR ETF,2026-04-07,137.43,1,1,0.7226812,0.030997598777559476
State Street Technology Select Sector SPDR ETF,2026-04-08,141.69,1,1,0.6514923,0.002681911214623467
State Street Technology Select Sector SPDR ETF,2026-04-09,142.07,1,1,0.83431107,0.003871331033997505
State Street Technology Select Sector SPDR ETF,2026-04-10,142.62,1,1,0.89279044,0.020964801570607206
State Street Technology Select Sector SPDR ETF,2026-04-13,145.61,1,1,0.7446351,0.016001648238445076
State Street Technology Select Sector SPDR ETF,2026-04-14,147.94,1,1,0.685895,0.015952413140462474
State Street Technology Select Sector SPDR ETF,2026-04-15,150.3,1,1,0.6629439,0.011443779108449847
State Street Technology Select Sector SPDR ETF,2026-04-16,152.02,1,1,0.6794164,0.015326930667017402
State Street Technology Select Sector SPDR ETF,2026-04-17,154.35,1,1,0.55823666,0.0013605442176871652
State Street Technology Select Sector SPDR ETF,2026-04-20,154.56,1,1,0.55987096,0.0008410973084886919
State Street Technology Select Sector SPDR ETF,2026-04-21,154.69,1,0,0.47902277,0.021979442756480783
State Street Technology Select Sector SPDR ETF,2026-04-22,158.09,0,0,0.45786148,-0.014232399266240758
State Street Technology Select Sector SPDR ETF,2026-04-23,155.84,1,0,0.40648487,0.02810574948665301
State Street Technology Select Sector SPDR ETF,2026-04-24,160.22,1,0,0.36847293,0.0021844963175632337
State Street Technology Select Sector SPDR ETF,2026-04-27,160.57,0,0,0.3629037,-0.016939652488011436
State Street Technology Select Sector SPDR ETF,2026-04-28,157.85,1,0,0.3871707,0.007982261640798294
State Street Technology Select Sector SPDR ETF,2026-04-29,159.11,1,0,0.44081914,0.0024511344352962094
State Street Technology Select Sector SPDR ETF,2026-04-30,159.5,0,0,0.31853017,0.0
State Street Technology Select Sector SPDR ETF,2026-04-30,159.5,1,0,0.30719024,0.014858934169279081
State Street Technology Select Sector SPDR ETF,2026-05-01,161.87,0,0,0.21532631,0.0
State Street Technology Select Sector SPDR ETF,2026-05-01,161.87,0,1,0.7230174,0.0
State Street Technology Select Sector SPDR ETF,2026-05-01,161.87,1,1,0.87228894,0.001112003459566413
State Street Technology Select Sector SPDR ETF,2026-05-04,162.05,1,1,0.91999185,0.02209194692995986
State Street Technology Select Sector SPDR ETF,2026-05-05,165.63,1,1,0.6861026,0.02656523576646741
State Street Technology Select Sector SPDR ETF,2026-05-06,170.03,0,0,0.34981734,-0.0019996471210963485
State Street Technology Select Sector SPDR ETF,2026-05-07,169.69,1,1,0.7113414,0.03435676822440925
State Street Technology Select Sector SPDR ETF,2026-05-08,175.52,0,1,0.91021365,0.0
State Street Technology Select Sector SPDR ETF,2026-05-08,175.52,0,1,0.9195444,0.0
State Street Consumer Staples Select Sector SPDR ETF,2025-06-05,79.2387,1,1,0.7274713,0.0031928842850779127
State Street Consumer Staples Select Sector SPDR ETF,2025-06-06,79.4917,0,1,0.73170024,-0.0013460524809508767
State Street Consumer Staples Select Sector SPDR ETF,2025-06-09,79.3847,1,1,0.6501144,0.00220571470321107
State Street Consumer Staples Select Sector SPDR ETF,2025-06-10,79.5598,0,1,0.6416311,-0.003423839677827112
State Street Consumer Staples Select Sector SPDR ETF,2025-06-11,79.2874,1,1,0.67801565,0.005889964862008323
State Street Consumer Staples Select Sector SPDR ETF,2025-06-12,79.7544,0,0,0.46111333,-0.012199953858345158
State Street Consumer Staples Select Sector SPDR ETF,2025-06-13,78.7814,1,1,0.53255534,0.003211417923520088
State Street Consumer Staples Select Sector SPDR ETF,2025-06-16,79.0344,0,0,0.4916037,-0.008496300345166241
State Street Consumer Staples Select Sector SPDR ETF,2025-06-17,78.3629,0,1,0.6836618,-0.0012416589993478055
State Street Consumer Staples Select Sector SPDR ETF,2025-06-18,78.2656,1,1,0.6025412,0.0073365565459153625
State Street Consumer Staples Select Sector SPDR ETF,2025-06-20,78.8398,1,1,0.57310814,0.011581713804448945
State Street Consumer Staples Select Sector SPDR ETF,2025-06-23,79.7529,0,0,0.49109825,-0.0008601568093449252
State Street Consumer Staples Select Sector SPDR ETF,2025-06-24,79.6843,0,1,0.6386959,-0.013401636206881284
State Street Consumer Staples Select Sector SPDR ETF,2025-06-25,78.6164,0,1,0.54830694,-0.0008725914694643899
State Street Consumer Staples Select Sector SPDR ETF,2025-06-26,78.5478,1,1,0.70585996,0.004739789020189011
State Street Consumer Staples Select Sector SPDR ETF,2025-06-27,78.9201,1,1,0.691785,0.005214134295318695
State Street Consumer Staples Select Sector SPDR ETF,2025-06-30,79.3316,1,1,0.5875338,0.0124742221258618
State Street Consumer Staples Select Sector SPDR ETF,2025-07-01,80.3212,1,1,0.5688229,0.0029269981026178726
State Street Consumer Staples Select Sector SPDR ETF,2025-07-02,80.5563,0,1,0.6612159,-0.0004866161926503354
State Street Consumer Staples Select Sector SPDR ETF,2025-07-03,80.5171,0,1,0.68310404,-0.0008519929306942675
State Street Consumer Staples Select Sector SPDR ETF,2025-07-07,80.4485,0,1,0.7088025,-0.00925561073233172
State Street Consumer Staples Select Sector SPDR ETF,2025-07-08,79.7039,0,1,0.6310344,-0.006515364994686634
State Street Consumer Staples Select Sector SPDR ETF,2025-07-09,79.1846,1,1,0.54377335,0.0035890817153840793
State Street Consumer Staples Select Sector SPDR ETF,2025-07-10,79.4688,0,0,0.4138525,-0.003699565112345926
State Street Consumer Staples Select Sector SPDR ETF,2025-07-11,79.1748,1,0,0.4759541,0.0008664373007571946
State Street Consumer Staples Select Sector SPDR ETF,2025-07-14,79.2434,0,1,0.5222477,-0.01001471415916022
State Street Consumer Staples Select Sector SPDR ETF,2025-07-15,78.4498,1,0,0.4914267,0.0034965034965035446
State Street Consumer Staples Select Sector SPDR ETF,2025-07-16,78.7241,1,1,0.6495716,0.009459619100123051
State Street Consumer Staples Select Sector SPDR ETF,2025-07-17,79.4688,0,1,0.5412997,-0.0027130144157203606
State Street Consumer Staples Select Sector SPDR ETF,2025-07-18,79.2532,0,1,0.66837615,-0.0001236543130120893
State Street Consumer Staples Select Sector SPDR ETF,2025-07-21,79.2434,1,1,0.65287346,0.009149026922115944
State Street Consumer Staples Select Sector SPDR ETF,2025-07-22,79.9684,1,0,0.3623184,0.00036764521986176746
State Street Consumer Staples Select Sector SPDR ETF,2025-07-23,79.9978,0,0,0.42879465,-0.0035513476620606665
State Street Consumer Staples Select Sector SPDR ETF,2025-07-24,79.7137,1,0,0.4162774,0.0017211595999180318
State Street Consumer Staples Select Sector SPDR ETF,2025-07-25,79.8509,0,0,0.39615566,-0.010306709129139335
State Street Consumer Staples Select Sector SPDR ETF,2025-07-28,79.0279,1,1,0.5856979,0.006569831667044168
State Street Consumer Staples Select Sector SPDR ETF,2025-07-29,79.5471,0,1,0.7015715,-0.008867702279529932
State Street Consumer Staples Select Sector SPDR ETF,2025-07-30,78.8417,0,1,0.73095286,-0.008574142871094925
State Street Consumer Staples Select Sector SPDR ETF,2025-07-31,78.1657,1,0,0.49054104,0.004762958689041197
State Street Consumer Staples Select Sector SPDR ETF,2025-08-01,78.538,1,0,0.29238954,0.00486516081387367
State Street Consumer Staples Select Sector SPDR ETF,2025-08-04,78.9201,0,0,0.29415846,-0.000993409790408295
State Street Consumer Staples Select Sector SPDR ETF,2025-08-05,78.8417,1,1,0.5865494,0.01429066090660136
State Street Consumer Staples Select Sector SPDR ETF,2025-08-06,79.9684,1,1,0.6802294,0.007596750716533096
State Street Consumer Staples Select Sector SPDR ETF,2025-08-07,80.5759,1,1,0.6302975,0.0029177458768689934
State Street Consumer Staples Select Sector SPDR ETF,2025-08-08,80.811,0,1,0.7342158,-0.0008476568783952754
State Street Consumer Staples Select Sector SPDR ETF,2025-08-11,80.7425,1,1,0.76147884,0.0026689785428986035
State Street Consumer Staples Select Sector SPDR ETF,2025-08-12,80.958,0,1,0.75108093,0.0
State Street Consumer Staples Select Sector SPDR ETF,2025-08-13,80.958,0,1,0.7036185,-0.00895526075248887
State Street Consumer Staples Select Sector SPDR ETF,2025-08-14,80.233,1,1,0.5761502,0.001586628943202717
State Street Consumer Staples Select Sector SPDR ETF,2025-08-15,80.3603,0,0,0.39948252,-0.001340214011147256
State Street Consumer Staples Select Sector SPDR ETF,2025-08-18,80.2526,1,0,0.3125732,0.010255119460303996
State Street Consumer Staples Select Sector SPDR ETF,2025-08-19,81.0756,1,0,0.39835307,0.005679883960155729
State Street Consumer Staples Select Sector SPDR ETF,2025-08-20,81.5361,0,0,0.47832498,-0.009013185570563298
State Street Consumer Staples Select Sector SPDR ETF,2025-08-21,80.8012,0,1,0.6149597,0.0
State Street Consumer Staples Select Sector SPDR ETF,2025-08-22,80.8012,0,1,0.70033556,-0.017096280748305714
State Street Consumer Staples Select Sector SPDR ETF,2025-08-25,79.4198,0,1,0.79326314,-0.006538671716624811
State Street Consumer Staples Select Sector SPDR ETF,2025-08-26,78.9005,1,1,0.7056266,0.002979702283255614
State Street Consumer Staples Select Sector SPDR ETF,2025-08-27,79.1356,0,1,0.62488735,-0.006313214280298629
State Street Consumer Staples Select Sector SPDR ETF,2025-08-28,78.636,1,1,0.5090083,0.006477949030978092
State Street Consumer Staples Select Sector SPDR ETF,2025-08-29,79.1454,0,1,0.6987513,-0.0016084320756479809
State Street Consumer Staples Select Sector SPDR ETF,2025-09-02,79.0181,0,1,0.7684846,-0.0007441333061666278
State Street Consumer Staples Select Sector SPDR ETF,2025-09-03,78.9593,1,1,0.783221,0.0006205728774191233
State Street Consumer Staples Select Sector SPDR ETF,2025-09-04,79.0083,1,1,0.77202064,0.0028515991357869197
State Street Consumer Staples Select Sector SPDR ETF,2025-09-05,79.2336,0,1,0.78337264,-0.003709284949819147
State Street Consumer Staples Select Sector SPDR ETF,2025-09-08,78.9397,1,1,0.65321904,0.001986326271825156
State Street Consumer Staples Select Sector SPDR ETF,2025-09-09,79.0965,0,1,0.7544718,-0.009786779440304039
State Street Consumer Staples Select Sector SPDR ETF,2025-09-10,78.3224,1,1,0.67345905,0.008131773285803279
State Street Consumer Staples Select Sector SPDR ETF,2025-09-11,78.9593,0,1,0.52794695,-0.003351093538063288
State Street Consumer Staples Select Sector SPDR ETF,2025-09-12,78.6947,0,1,0.72956115,-0.01145312200186277
State Street Consumer Staples Select Sector SPDR ETF,2025-09-15,77.7934,1,1,0.72822183,0.004533803638869127
State Street Consumer Staples Select Sector SPDR ETF,2025-09-16,78.1461,1,1,0.73654306,0.006018214600600702
State Street Consumer Staples Select Sector SPDR ETF,2025-09-17,78.6164,0,1,0.5240929,-0.008724642695417284
State Street Consumer Staples Select Sector SPDR ETF,2025-09-18,77.9305,0,1,0.6032755,-0.0020107660030411756
State Street Consumer Staples Select Sector SPDR ETF,2025-09-19,77.7738,0,1,0.74726874,-0.011150284543123723
State Street Consumer Staples Select Sector SPDR ETF,2025-09-22,76.9066,1,1,0.8040361,0.0050034717436475695
State Street Consumer Staples Select Sector SPDR ETF,2025-09-23,77.2914,1,1,0.569814,0.002169710989838647
State Street Consumer Staples Select Sector SPDR ETF,2025-09-24,77.4591,0,1,0.8048818,-0.009552137837904207
State Street Consumer Staples Select Sector SPDR ETF,2025-09-25,76.7192,1,1,0.81260836,0.0024426740633374244
State Street Consumer Staples Select Sector SPDR ETF,2025-09-26,76.9066,1,1,0.6658447,0.0019244122090951166
State Street Consumer Staples Select Sector SPDR ETF,2025-09-29,77.0546,1,1,0.73114085,0.003328808403392003
State Street Consumer Staples Select Sector SPDR ETF,2025-09-30,77.3111,0,1,0.8318739,-0.0015314747817583019
State Street Consumer Staples Select Sector SPDR ETF,2025-10-01,77.1927,0,1,0.7547405,-0.003961514495541718
State Street Consumer Staples Select Sector SPDR ETF,2025-10-02,76.8869,1,1,0.7527251,0.0011549431697728263
State Street Consumer Staples Select Sector SPDR ETF,2025-10-03,76.9757,0,0,0.44196022,-0.0073049027160519975
State Street Consumer Staples Select Sector SPDR ETF,2025-10-06,76.4134,1,1,0.5402583,0.009295490058026434
State Street Consumer Staples Select Sector SPDR ETF,2025-10-07,77.1237,0,1,0.56624603,-0.004989387179297644
State Street Consumer Staples Select Sector SPDR ETF,2025-10-08,76.7389,1,0,0.4759703,0.0032147971889093796
State Street Consumer Staples Select Sector SPDR ETF,2025-10-09,76.9856,1,1,0.62711024,0.0007676760329204946
State Street Consumer Staples Select Sector SPDR ETF,2025-10-10,77.0447,0,1,0.56742996,-0.003327938196916791
State Street Consumer Staples Select Sector SPDR ETF,2025-10-13,76.7883,1,0,0.49321717,0.016058435985690345
State Street Consumer Staples Select Sector SPDR ETF,2025-10-14,78.0214,1,1,0.5401177,0.0017700271976661686
State Street Consumer Staples Select Sector SPDR ETF,2025-10-15,78.1595,0,1,0.82607293,-0.006942214318157003
State Street Consumer Staples Select Sector SPDR ETF,2025-10-16,77.6169,1,1,0.8171915,0.013345031816524466
State Street Consumer Staples Select Sector SPDR ETF,2025-10-17,78.6527,0,1,0.5788424,-0.000877274397446004
State Street Consumer Staples Select Sector SPDR ETF,2025-10-20,78.5837,0,1,0.5535684,-0.004644729123215008
State Street Consumer Staples Select Sector SPDR ETF,2025-10-21,78.2187,1,0,0.30671015,0.005675113495877682
State Street Consumer Staples Select Sector SPDR ETF,2025-10-22,78.6626,0,1,0.6026228,-0.004890507051635629
State Street Consumer Staples Select Sector SPDR ETF,2025-10-23,78.2779,0,1,0.6243429,-0.0032767869347543055
State Street Consumer Staples Select Sector SPDR ETF,2025-10-24,78.0214,1,1,0.53076667,0.0016431389336772906
State Street Consumer Staples Select Sector SPDR ETF,2025-10-27,78.1496,0,0,0.37888262,-0.00997190004811288
State Street Consumer Staples Select Sector SPDR ETF,2025-10-28,77.3703,0,1,0.56623244,-0.023587862526059822
State Street Consumer Staples Select Sector SPDR ETF,2025-10-29,75.5453,0,1,0.6277653,-0.0010444064687016308
State Street Consumer Staples Select Sector SPDR ETF,2025-10-30,75.4664,0,1,0.6854567,-0.002876776949741755
State Street Consumer Staples Select Sector SPDR ETF,2025-10-31,75.2493,0,1,0.71419704,-0.007865853901631081
State Street Consumer Staples Select Sector SPDR ETF,2025-11-03,74.6574,1,1,0.6792045,0.004097383514561237
State Street Consumer Staples Select Sector SPDR ETF,2025-11-04,74.9633,0,1,0.70140046,-0.0006589891320153418
State Street Consumer Staples Select Sector SPDR ETF,2025-11-05,74.9139,0,1,0.6779585,-0.004477139756440263
State Street Consumer Staples Select Sector SPDR ETF,2025-11-06,74.5785,1,1,0.8002115,0.01468251573845003
State Street Consumer Staples Select Sector SPDR ETF,2025-11-07,75.6735,0,1,0.60956675,-0.0036498906486418514
State Street Consumer Staples Select Sector SPDR ETF,2025-11-10,75.3973,1,1,0.7485191,0.01308402290267674
State Street Consumer Staples Select Sector SPDR ETF,2025-11-11,76.3838,0,1,0.56807494,-0.001420458264710489
State Street Consumer Staples Select Sector SPDR ETF,2025-11-12,76.2753,0,1,0.54308254,0.0
State Street Consumer Staples Select Sector SPDR ETF,2025-11-13,76.2753,0,1,0.6244034,-0.0007761359181805982
State Street Consumer Staples Select Sector SPDR ETF,2025-11-14,76.2161,0,1,0.7363454,-0.006342491940679262
State Street Consumer Staples Select Sector SPDR ETF,2025-11-17,75.7327,1,1,0.6778758,0.004299331728566447
State Street Consumer Staples Select Sector SPDR ETF,2025-11-18,76.0583,0,0,0.46798083,-0.007653339609220766
State Street Consumer Staples Select Sector SPDR ETF,2025-11-19,75.4762,1,0,0.39832318,0.007189021174886845
State Street Consumer Staples Select Sector SPDR ETF,2025-11-20,76.0188,1,0,0.3560741,0.010901250743237112
State Street Consumer Staples Select Sector SPDR ETF,2025-11-21,76.8475,0,0,0.4332552,-0.011554051855948488
State Street Consumer Staples Select Sector SPDR ETF,2025-11-24,75.9596,1,1,0.51648587,0.013766528523057042
State Street Consumer Staples Select Sector SPDR ETF,2025-11-25,77.0053,1,1,0.683216,0.010888860896587582
State Street Consumer Staples Select Sector SPDR ETF,2025-11-26,77.8438,1,1,0.71173835,0.0058296229115228915
State Street Consumer Staples Select Sector SPDR ETF,2025-11-28,78.2976,0,1,0.6112107,-0.00100769372241305
State Street Consumer Staples Select Sector SPDR ETF,2025-12-01,78.2187,0,1,0.7224834,-0.006558533956713797
State Street Consumer Staples Select Sector SPDR ETF,2025-12-02,77.7057,1,1,0.5643498,0.0007618488733773798
State Street Consumer Staples Select Sector SPDR ETF,2025-12-03,77.7649,0,1,0.5655143,-0.004820941067242401
State Street Consumer Staples Select Sector SPDR ETF,2025-12-04,77.39,1,1,0.8073729,0.0001279235043287752
State Street Consumer Staples Select Sector SPDR ETF,2025-12-05,77.3999,0,1,0.78153783,-0.008284248429261454
State Street Consumer Staples Select Sector SPDR ETF,2025-12-08,76.7587,1,1,0.6837559,0.002312441456147507
State Street Consumer Staples Select Sector SPDR ETF,2025-12-09,76.9362,1,1,0.70064265,0.0029491968670145585
State Street Consumer Staples Select Sector SPDR ETF,2025-12-10,77.1631,1,1,0.5760759,0.007415461535371204
State Street Consumer Staples Select Sector SPDR ETF,2025-12-11,77.7353,1,0,0.39760047,0.00786772547349801
State Street Consumer Staples Select Sector SPDR ETF,2025-12-12,78.3469,1,0,0.35186085,0.0027697330717615376
State Street Consumer Staples Select Sector SPDR ETF,2025-12-15,78.5639,0,0,0.45937607,-0.00451988763286959
State Street Consumer Staples Select Sector SPDR ETF,2025-12-16,78.2088,1,1,0.6661316,0.004666993995560809
State Street Consumer Staples Select Sector SPDR ETF,2025-12-17,78.5738,0,1,0.806217,-0.005775462049690927
State Street Consumer Staples Select Sector SPDR ETF,2025-12-18,78.12,0,1,0.83226955,-0.005176651305683677
State Street Consumer Staples Select Sector SPDR ETF,2025-12-19,77.7156,0,1,0.69021803,-0.0034935070951004343
State Street Consumer Staples Select Sector SPDR ETF,2025-12-22,77.4441,0,1,0.6134978,-0.004750523280663166
State Street Consumer Staples Select Sector SPDR ETF,2025-12-23,77.0762,1,0,0.46774504,0.007868836294472104
State Street Consumer Staples Select Sector SPDR ETF,2025-12-24,77.6827,1,1,0.6038515,0.00140829296613032
State Street Consumer Staples Select Sector SPDR ETF,2025-12-26,77.7921,1,1,0.8388607,0.0006401678319518656
State Street Consumer Staples Select Sector SPDR ETF,2025-12-29,77.8419,0,1,0.8047534,-0.0016610591468091407
State Street Consumer Staples Select Sector SPDR ETF,2025-12-30,77.7126,0,1,0.7703188,-0.006014468696195929
State Street Consumer Staples Select Sector SPDR ETF,2025-12-31,77.2452,1,1,0.6109373,0.00012816330335096993
State Street Consumer Staples Select Sector SPDR ETF,2026-01-02,77.2551,0,1,0.68387175,-0.0043751156881551845
State Street Consumer Staples Select Sector SPDR ETF,2026-01-05,76.9171,1,1,0.68134046,0.0015510205142938993
State Street Consumer Staples Select Sector SPDR ETF,2026-01-06,77.0364,0,1,0.75104153,-0.010972734966846809
State Street Consumer Staples Select Sector SPDR ETF,2026-01-07,76.1911,1,1,0.70002323,0.02375474300804159
State Street Consumer Staples Select Sector SPDR ETF,2026-01-08,78.001,1,1,0.6769377,0.010325508647324844
State Street Consumer Staples Select Sector SPDR ETF,2026-01-09,78.8064,1,1,0.6323527,0.011735087505583275
State Street Consumer Staples Select Sector SPDR ETF,2026-01-12,79.7312,1,1,0.5414899,0.011598972547760544
State Street Consumer Staples Select Sector SPDR ETF,2026-01-13,80.656,1,1,0.66486603,0.013808024201547253
State Street Consumer Staples Select Sector SPDR ETF,2026-01-14,81.7697,1,1,0.6984872,0.0017035650124679336
State Street Consumer Staples Select Sector SPDR ETF,2026-01-15,81.909,0,1,0.7750581,-0.003157162216606224
State Street Consumer Staples Select Sector SPDR ETF,2026-01-16,81.6504,1,1,0.777297,0.0030446880848102875
State Street Consumer Staples Select Sector SPDR ETF,2026-01-20,81.899,1,1,0.7411074,0.0009719288391798475
State Street Consumer Staples Select Sector SPDR ETF,2026-01-21,81.9786,0,1,0.6546633,-0.0020627334450697976
State Street Consumer Staples Select Sector SPDR ETF,2026-01-22,81.8095,1,1,0.6500654,0.007779047665613437
State Street Consumer Staples Select Sector SPDR ETF,2026-01-23,82.4459,0,1,0.5826435,-0.0015670882360432348
State Street Consumer Staples Select Sector SPDR ETF,2026-01-26,82.3167,1,1,0.6556353,0.004589591176517027
State Street Consumer Staples Select Sector SPDR ETF,2026-01-27,82.6945,0,1,0.7554783,-0.010101034530712538
State Street Consumer Staples Select Sector SPDR ETF,2026-01-28,81.8592,0,1,0.87913835,-0.0023076208905047357
State Street Consumer Staples Select Sector SPDR ETF,2026-01-29,81.6703,1,1,0.75295335,0.01680292591064303
State Street Consumer Staples Select Sector SPDR ETF,2026-01-30,83.0426,1,0,0.36683297,0.011854156782181713
State Street Consumer Staples Select Sector SPDR ETF,2026-02-02,84.027,1,0,0.33705056,0.01621383602889548
State Street Consumer Staples Select Sector SPDR ETF,2026-02-03,85.3894,1,1,0.6549073,0.013042602477590926
State Street Consumer Staples Select Sector SPDR ETF,2026-02-04,86.5031,0,1,0.6885508,-0.0008045954422443158
State Street Consumer Staples Select Sector SPDR ETF,2026-02-05,86.4335,1,1,0.68804586,0.01173503329149006
State Street Consumer Staples Select Sector SPDR ETF,2026-02-06,87.4478,0,1,0.77396107,-0.005800031561685959
State Street Consumer Staples Select Sector SPDR ETF,2026-02-09,86.9406,0,1,0.60844433,-0.0032021863203153256
State Street Consumer Staples Select Sector SPDR ETF,2026-02-10,86.6622,1,1,0.55458844,0.014343046910879176
State Street Consumer Staples Select Sector SPDR ETF,2026-02-11,87.9052,1,0,0.461994,0.009163280443022837
State Street Consumer Staples Select Sector SPDR ETF,2026-02-12,88.7107,1,1,0.57876664,0.003362615783665257
State Street Consumer Staples Select Sector SPDR ETF,2026-02-13,89.009,0,1,0.6558767,-0.014635598647327774
State Street Consumer Staples Select Sector SPDR ETF,2026-02-17,87.7063,0,1,0.68055785,-0.0018140087998238519
State Street Consumer Staples Select Sector SPDR ETF,2026-02-18,87.5472,0,1,0.80123127,-0.004202304585412264
State Street Consumer Staples Select Sector SPDR ETF,2026-02-19,87.1793,1,1,0.6555201,0.0025097700945064805
State Street Consumer Staples Select Sector SPDR ETF,2026-02-20,87.3981,1,1,0.56126946,0.012287452473223048
State Street Consumer Staples Select Sector SPDR ETF,2026-02-23,88.472,1,1,0.6373746,0.008654715616240205
State Street Consumer Staples Select Sector SPDR ETF,2026-02-24,89.2377,0,1,0.7104369,-0.008134454384189804
State Street Consumer Staples Select Sector SPDR ETF,2026-02-25,88.5118,0,1,0.7809388,-0.0016856509527541919
State Street Consumer Staples Select Sector SPDR ETF,2026-02-26,88.3626,1,1,0.53991574,0.012942127099021539
State Street Consumer Staples Select Sector SPDR ETF,2026-02-27,89.5062,0,1,0.55104077,-0.014442574927770457
State Street Consumer Staples Select Sector SPDR ETF,2026-03-02,88.2135,0,1,0.56993175,-0.010934834237389834
State Street Consumer Staples Select Sector SPDR ETF,2026-03-03,87.2489,0,1,0.8401075,-0.006610971599641968
State Street Consumer Staples Select Sector SPDR ETF,2026-03-04,86.6721,0,1,0.8721286,-0.020077972034830194
State Street Consumer Staples Select Sector SPDR ETF,2026-03-05,84.9319,1,1,0.6958373,0.004332883168750357
State Street Consumer Staples Select Sector SPDR ETF,2026-03-06,85.2999,1,1,0.51528704,0.0022145395246653266
State Street Consumer Staples Select Sector SPDR ETF,2026-03-09,85.4888,0,1,0.6227937,-0.0029079832679835826
State Street Consumer Staples Select Sector SPDR ETF,2026-03-10,85.2402,0,1,0.6842477,-0.01318274710758538
State Street Consumer Staples Select Sector SPDR ETF,2026-03-11,84.1165,0,1,0.6840651,-0.00401942543971745
State Street Consumer Staples Select Sector SPDR ETF,2026-03-12,83.7784,1,1,0.51545185,0.005816535049606886
State Street Consumer Staples Select Sector SPDR ETF,2026-03-13,84.2657,1,1,0.6971268,0.0028315198236057437
State Street Consumer Staples Select Sector SPDR ETF,2026-03-16,84.5043,0,1,0.69975823,-0.0032945069067491506
State Street Consumer Staples Select Sector SPDR ETF,2026-03-17,84.2259,0,1,0.87845284,-0.024321497306647788
State Street Consumer Staples Select Sector SPDR ETF,2026-03-18,82.1774,0,1,0.549862,-0.008106851762163414
State Street Consumer Staples Select Sector SPDR ETF,2026-03-19,81.5112,0,0,0.16987024,-0.008295792480051967
State Street Consumer Staples Select Sector SPDR ETF,2026-03-20,80.835,1,0,0.23811194,0.004267953238077826
State Street Consumer Staples Select Sector SPDR ETF,2026-03-23,81.18,0,0,0.440618,-0.0008622813500863691
State Street Consumer Staples Select Sector SPDR ETF,2026-03-24,81.11,1,1,0.6068348,0.0049315744051288135
State Street Consumer Staples Select Sector SPDR ETF,2026-03-25,81.51,0,1,0.5470353,-0.004539320328794116
State Street Consumer Staples Select Sector SPDR ETF,2026-03-26,81.14,1,0,0.2475667,0.007887601676115352
State Street Consumer Staples Select Sector SPDR ETF,2026-03-27,81.78,1,1,0.5580005,0.0012227928588897097
State Street Consumer Staples Select Sector SPDR ETF,2026-03-30,81.88,1,1,0.5225611,0.001221299462628389
State Street Consumer Staples Select Sector SPDR ETF,2026-03-31,81.98,0,1,0.70007336,-0.006343010490363676
State Street Consumer Staples Select Sector SPDR ETF,2026-04-01,81.46,1,0,0.4753555,0.005278664375153452
State Street Consumer Staples Select Sector SPDR ETF,2026-04-02,81.89,1,1,0.57138866,0.009402857491757288
State Street Consumer Staples Select Sector SPDR ETF,2026-04-06,82.66,0,1,0.7789708,-0.016936849745947113
State Street Consumer Staples Select Sector SPDR ETF,2026-04-07,81.26,1,1,0.74358356,0.018705390105833164
State Street Consumer Staples Select Sector SPDR ETF,2026-04-08,82.78,1,1,0.63970745,0.008093742449867047
State Street Consumer Staples Select Sector SPDR ETF,2026-04-09,83.45,0,1,0.77579445,-0.012941881366087427
State Street Consumer Staples Select Sector SPDR ETF,2026-04-10,82.37,0,1,0.8625315,-0.009955080733276778
State Street Consumer Staples Select Sector SPDR ETF,2026-04-13,81.55,0,1,0.7867278,-0.0009809932556713585
State Street Consumer Staples Select Sector SPDR ETF,2026-04-14,81.47,0,1,0.7061134,-0.005032527310666501
State Street Consumer Staples Select Sector SPDR ETF,2026-04-15,81.06,1,1,0.725736,0.004564520108561565
State Street Consumer Staples Select Sector SPDR ETF,2026-04-16,81.43,1,1,0.7307551,0.012648900896475412
State Street Consumer Staples Select Sector SPDR ETF,2026-04-17,82.46,0,1,0.57047874,-0.000848896434634927
State Street Consumer Staples Select Sector SPDR ETF,2026-04-20,82.39,0,1,0.58420175,-0.006675567423230944
State Street Consumer Staples Select Sector SPDR ETF,2026-04-21,81.84,1,1,0.5297553,0.0032991202346039916
State Street Consumer Staples Select Sector SPDR ETF,2026-04-22,82.11,1,1,0.50333774,0.016684934843502752
State Street Consumer Staples Select Sector SPDR ETF,2026-04-23,83.48,0,0,0.44085637,-0.0029947292764733735
State Street Consumer Staples Select Sector SPDR ETF,2026-04-24,83.23,0,0,0.3890381,-0.010693259641955999
State Street Consumer Staples Select Sector SPDR ETF,2026-04-27,82.34,1,0,0.43140626,0.008987126548457569
State Street Consumer Staples Select Sector SPDR ETF,2026-04-28,83.08,0,0,0.4665507,-0.001925854597977783
State Street Consumer Staples Select Sector SPDR ETF,2026-04-29,82.92,1,1,0.5087452,0.016763145200193064
State Street Consumer Staples Select Sector SPDR ETF,2026-04-30,84.31,0,0,0.34079286,0.0
State Street Consumer Staples Select Sector SPDR ETF,2026-04-30,84.31,0,0,0.3400147,-0.0016605384889100128
State Street Consumer Staples Select Sector SPDR ETF,2026-05-01,84.17,0,1,0.8143091,0.0
State Street Consumer Staples Select Sector SPDR ETF,2026-05-01,84.17,0,1,0.7795221,0.0
State Street Consumer Staples Select Sector SPDR ETF,2026-05-01,84.17,0,0,0.47053412,-0.007484852085065885
State Street Consumer Staples Select Sector SPDR ETF,2026-05-04,83.54,1,1,0.7842345,0.006224563083552681
State Street Consumer Staples Select Sector SPDR ETF,2026-05-05,84.06,1,1,0.51643854,0.0021413276231263545
State Street Consumer Staples Select Sector SPDR ETF,2026-05-06,84.24,0,0,0.24732623,-0.0030864197530863224
State Street Consumer Staples Select Sector SPDR ETF,2026-05-07,83.98,1,1,0.6640418,0.002381519409383248
State Street Consumer Staples Select Sector SPDR ETF,2026-05-08,84.18,0,1,0.94960666,0.0
State Street Consumer Staples Select Sector SPDR ETF,2026-05-08,84.18,0,0,0.36869514,0.0
State Street Real Estate Select Sector SPDR ETF,2025-06-05,40.3569,1,0,0.4776953,0.00287187568916325
State Street Real Estate Select Sector SPDR ETF,2025-06-06,40.4728,0,1,0.55700123,-0.0004768634737404298
State Street Real Estate Select Sector SPDR ETF,2025-06-09,40.4535,1,1,0.5198781,0.008839779005525017
State Street Real Estate Select Sector SPDR ETF,2025-06-10,40.8111,0,0,0.4924844,-0.0054470474944318115
State Street Real Estate Select Sector SPDR ETF,2025-06-11,40.5888,1,1,0.5828414,0.005476880321665156
State Street Real Estate Select Sector SPDR ETF,2025-06-12,40.8111,0,0,0.477456,-0.008051731024157682
State Street Real Estate Select Sector SPDR ETF,2025-06-13,40.4825,1,0,0.4743273,0.0009559686284197344
State Street Real Estate Select Sector SPDR ETF,2025-06-16,40.5212,0,0,0.39929828,-0.004054667680127855
State Street Real Estate Select Sector SPDR ETF,2025-06-17,40.3569,1,1,0.5121622,0.0019154097564479944
State Street Real Estate Select Sector SPDR ETF,2025-06-18,40.4342,0,0,0.47135356,-0.00023989592968320927
State Street Real Estate Select Sector SPDR ETF,2025-06-20,40.4245,1,1,0.6084206,0.01459510940147668
State Street Real Estate Select Sector SPDR ETF,2025-06-23,41.0145,1,0,0.40680435,0.0047544161211279246
State Street Real Estate Select Sector SPDR ETF,2025-06-24,41.2095,0,0,0.46430388,-0.024373020784042465
State Street Real Estate Select Sector SPDR ETF,2025-06-25,40.2051,0,1,0.5187836,-0.006305170239596536
State Street Real Estate Select Sector SPDR ETF,2025-06-26,39.9516,1,1,0.66024715,0.003659427907768409
State Street Real Estate Select Sector SPDR ETF,2025-06-27,40.0978,1,1,0.67122626,0.0072971584475955975
State Street Real Estate Select Sector SPDR ETF,2025-06-30,40.3904,1,1,0.64643204,0.006759031849152386
State Street Real Estate Select Sector SPDR ETF,2025-07-01,40.6634,1,1,0.63014627,0.0019181868707485172
State Street Real Estate Select Sector SPDR ETF,2025-07-02,40.7414,1,1,0.68923354,0.000478628618555188
State Street Real Estate Select Sector SPDR ETF,2025-07-03,40.7609,0,1,0.6606974,-0.007654394284718924
State Street Real Estate Select Sector SPDR ETF,2025-07-07,40.4489,0,1,0.7207666,-0.001446269243415843
State Street Real Estate Select Sector SPDR ETF,2025-07-08,40.3904,0,1,0.60928714,-0.0004827879892251863
State Street Real Estate Select Sector SPDR ETF,2025-07-09,40.3709,1,1,0.5089578,0.005072960969411122
State Street Real Estate Select Sector SPDR ETF,2025-07-10,40.5757,0,0,0.36969456,-0.0009611664124092867
State Street Real Estate Select Sector SPDR ETF,2025-07-11,40.5367,1,0,0.48445633,0.006734637994705972
State Street Real Estate Select Sector SPDR ETF,2025-07-14,40.8097,0,0,0.4989395,-0.01290379493110716
State Street Real Estate Select Sector SPDR ETF,2025-07-15,40.2831,1,0,0.4753541,0.010892905461595603
State Street Real Estate Select Sector SPDR ETF,2025-07-16,40.7219,0,1,0.5760064,-0.0009577156272178033
State Street Real Estate Select Sector SPDR ETF,2025-07-17,40.6829,1,1,0.5143656,0.002875901177153084
State Street Real Estate Select Sector SPDR ETF,2025-07-18,40.7999,1,1,0.52109385,0.003825989769582927
State Street Real Estate Select Sector SPDR ETF,2025-07-21,40.956,1,1,0.5293346,0.017379626916691038
State Street Real Estate Select Sector SPDR ETF,2025-07-22,41.6678,1,0,0.35941637,0.0028079236244773487
State Street Real Estate Select Sector SPDR ETF,2025-07-23,41.7848,0,0,0.44446075,-0.0014000306331487522
State Street Real Estate Select Sector SPDR ETF,2025-07-24,41.7263,0,1,0.5225151,0.0
State Street Real Estate Select Sector SPDR ETF,2025-07-25,41.7263,0,1,0.5142215,-0.017293649329080285
State Street Real Estate Select Sector SPDR ETF,2025-07-28,41.0047,1,1,0.5782069,0.016646872187822348
State Street Real Estate Select Sector SPDR ETF,2025-07-29,41.6873,0,1,0.602902,-0.01403544964533554
State Street Real Estate Select Sector SPDR ETF,2025-07-30,41.1022,0,1,0.6273261,-0.01755623786561311
State Street Real Estate Select Sector SPDR ETF,2025-07-31,40.3806,0,1,0.5417607,-0.002897430944562629
State Street Real Estate Select Sector SPDR ETF,2025-08-01,40.2636,1,0,0.45916244,0.008476638949324045
State Street Real Estate Select Sector SPDR ETF,2025-08-04,40.6049,1,1,0.52691674,0.0033616632475390595
State Street Real Estate Select Sector SPDR ETF,2025-08-05,40.7414,0,1,0.6165475,-0.0083772280775819
State Street Real Estate Select Sector SPDR ETF,2025-08-06,40.4001,1,1,0.66863245,0.003863851822148767
State Street Real Estate Select Sector SPDR ETF,2025-08-07,40.5562,0,1,0.62980235,-0.008176308431263157
State Street Real Estate Select Sector SPDR ETF,2025-08-08,40.2246,0,1,0.798602,-0.005817335660267653
State Street Real Estate Select Sector SPDR ETF,2025-08-11,39.9906,1,1,0.82843566,0.0017054007691807982
State Street Real Estate Select Sector SPDR ETF,2025-08-12,40.0588,1,1,0.80266625,0.0065728379282454785
State Street Real Estate Select Sector SPDR ETF,2025-08-13,40.3221,0,1,0.6899937,-0.0070135236012013324
State Street Real Estate Select Sector SPDR ETF,2025-08-14,40.0393,1,1,0.5337216,0.006576039041641613
State Street Real Estate Select Sector SPDR ETF,2025-08-15,40.3026,0,0,0.36659572,-0.009436115784093313
State Street Real Estate Select Sector SPDR ETF,2025-08-18,39.9223,1,0,0.3514429,0.017832138929871233
State Street Real Estate Select Sector SPDR ETF,2025-08-19,40.6342,1,0,0.43026748,0.0038391305845815182
State Street Real Estate Select Sector SPDR ETF,2025-08-20,40.7902,0,1,0.50340736,-0.0035866458119842015
State Street Real Estate Select Sector SPDR ETF,2025-08-21,40.6439,1,1,0.6203953,0.01583509456523613
State Street Real Estate Select Sector SPDR ETF,2025-08-22,41.2875,0,1,0.66281533,-0.00496033908567961
State Street Real Estate Select Sector SPDR ETF,2025-08-25,41.0827,0,1,0.76800877,-0.002847914085491121
State Street Real Estate Select Sector SPDR ETF,2025-08-26,40.9657,1,1,0.695144,0.004284071796649469
State Street Real Estate Select Sector SPDR ETF,2025-08-27,41.1412,0,1,0.64373344,-0.0026056605057703797
State Street Real Estate Select Sector SPDR ETF,2025-08-28,41.034,1,0,0.49113664,0.005466198762002161
State Street Real Estate Select Sector SPDR ETF,2025-08-29,41.2583,0,1,0.70724875,-0.017017181997319386
State Street Real Estate Select Sector SPDR ETF,2025-09-02,40.5562,0,1,0.7738473,-0.0026457113832162316
State Street Real Estate Select Sector SPDR ETF,2025-09-03,40.4489,1,1,0.732462,0.00674925646927349
State Street Real Estate Select Sector SPDR ETF,2025-09-04,40.7219,1,1,0.7325143,0.010058469766882405
State Street Real Estate Select Sector SPDR ETF,2025-09-05,41.1315,0,1,0.76782036,-0.00663724882389416
State Street Real Estate Select Sector SPDR ETF,2025-09-08,40.8585,0,1,0.6606153,-0.0004772568743346417
State Street Real Estate Select Sector SPDR ETF,2025-09-09,40.839,0,1,0.73155946,-0.0004799333969979225
State Street Real Estate Select Sector SPDR ETF,2025-09-10,40.8194,1,1,0.6468307,0.016244726772074003
State Street Real Estate Select Sector SPDR ETF,2025-09-11,41.4825,0,1,0.5171668,-0.004464533236907209
State Street Real Estate Select Sector SPDR ETF,2025-09-12,41.2973,0,1,0.7125618,-0.0011816753153354176
State Street Real Estate Select Sector SPDR ETF,2025-09-15,41.2485,0,1,0.6923702,-0.005910517958228834
State Street Real Estate Select Sector SPDR ETF,2025-09-16,41.0047,0,1,0.7419121,-0.0004755552412284425
State Street Real Estate Select Sector SPDR ETF,2025-09-17,40.9852,1,1,0.5648368,0.0007148922049911022
State Street Real Estate Select Sector SPDR ETF,2025-09-18,41.0145,0,1,0.60285217,-0.004993356008240912
State Street Real Estate Select Sector SPDR ETF,2025-09-19,40.8097,1,1,0.7502084,0.0032982354685282544
State Street Real Estate Select Sector SPDR ETF,2025-09-22,40.9443,1,1,0.78304243,0.007920516408877365
State Street Real Estate Select Sector SPDR ETF,2025-09-23,41.2686,0,1,0.6408786,-0.010237807921761322
State Street Real Estate Select Sector SPDR ETF,2025-09-24,40.8461,0,1,0.8234762,-0.002406594509634985
State Street Real Estate Select Sector SPDR ETF,2025-09-25,40.7478,1,1,0.7634983,0.009887650376216639
State Street Real Estate Select Sector SPDR ETF,2025-09-26,41.1507,1,1,0.6234147,0.0019100525628970022
State Street Real Estate Select Sector SPDR ETF,2025-09-29,41.2293,1,1,0.6960278,0.004050517471797743
State Street Real Estate Select Sector SPDR ETF,2025-09-30,41.3963,0,1,0.8039559,0.0
State Street Real Estate Select Sector SPDR ETF,2025-10-01,41.3963,0,1,0.72674084,-0.005222688984281021
State Street Real Estate Select Sector SPDR ETF,2025-10-02,41.1801,1,1,0.72140765,0.004057785192362218
State Street Real Estate Select Sector SPDR ETF,2025-10-03,41.3472,0,0,0.46480414,-0.009981328844516746
State Street Real Estate Select Sector SPDR ETF,2025-10-06,40.9345,0,1,0.59873956,-0.0031220608533144567
State Street Real Estate Select Sector SPDR ETF,2025-10-07,40.8067,0,1,0.6148419,-0.0050555423496631
State Street Real Estate Select Sector SPDR ETF,2025-10-08,40.6004,0,0,0.44376308,-0.004598476862296974
State Street Real Estate Select Sector SPDR ETF,2025-10-09,40.4137,0,1,0.64618975,-0.01093935967258619
State Street Real Estate Select Sector SPDR ETF,2025-10-10,39.9716,1,1,0.6412847,0.005651512573927375
State Street Real Estate Select Sector SPDR ETF,2025-10-13,40.1975,1,0,0.4349484,0.009535418869332846
State Street Real Estate Select Sector SPDR ETF,2025-10-14,40.5808,1,0,0.49200043,0.014526574143437054
State Street Real Estate Select Sector SPDR ETF,2025-10-15,41.1703,0,1,0.7854605,-0.003101750533758496
State Street Real Estate Select Sector SPDR ETF,2025-10-16,41.0426,1,1,0.80518246,0.00646401543761832
State Street Real Estate Select Sector SPDR ETF,2025-10-17,41.3079,1,1,0.57847595,0.010465310509612191
State Street Real Estate Select Sector SPDR ETF,2025-10-20,41.7402,0,1,0.5629185,-0.003059400769522047
State Street Real Estate Select Sector SPDR ETF,2025-10-21,41.6125,1,0,0.2996576,0.004486632622409115
State Street Real Estate Select Sector SPDR ETF,2025-10-22,41.7992,0,1,0.6500175,-0.0009402093819976809
State Street Real Estate Select Sector SPDR ETF,2025-10-23,41.7599,1,1,0.63443094,0.0035273072971917507
State Street Real Estate Select Sector SPDR ETF,2025-10-24,41.9072,1,1,0.52756464,0.0021118089492973002
State Street Real Estate Select Sector SPDR ETF,2025-10-27,41.9957,0,0,0.4120402,-0.02222846624773489
State Street Real Estate Select Sector SPDR ETF,2025-10-28,41.0622,0,1,0.5746279,-0.02727812927704787
State Street Real Estate Select Sector SPDR ETF,2025-10-29,39.9421,1,1,0.56670177,0.005658190230358517
State Street Real Estate Select Sector SPDR ETF,2025-10-30,40.1681,1,1,0.62606114,0.0004879493926772671
State Street Real Estate Select Sector SPDR ETF,2025-10-31,40.1877,0,1,0.61218303,-0.001711966596744885
State Street Real Estate Select Sector SPDR ETF,2025-11-03,40.1189,1,1,0.5693813,0.0026944906266124224
State Street Real Estate Select Sector SPDR ETF,2025-11-04,40.227,0,1,0.7216156,-0.000243617470852886
State Street Real Estate Select Sector SPDR ETF,2025-11-05,40.2172,0,1,0.6980716,-0.0048859691873128774
State Street Real Estate Select Sector SPDR ETF,2025-11-06,40.0207,1,1,0.83932865,0.01325813891311256
State Street Real Estate Select Sector SPDR ETF,2025-11-07,40.5513,0,1,0.65670544,-0.0007274735951744438
State Street Real Estate Select Sector SPDR ETF,2025-11-10,40.5218,1,1,0.7355592,0.01115448968209698
State Street Real Estate Select Sector SPDR ETF,2025-11-11,40.9738,0,1,0.57529634,-0.007914813856659486
State Street Real Estate Select Sector SPDR ETF,2025-11-12,40.6495,0,1,0.54053557,-0.013053051083039335
State Street Real Estate Select Sector SPDR ETF,2025-11-13,40.1189,1,1,0.6543583,0.0029412571132310106
State Street Real Estate Select Sector SPDR ETF,2025-11-14,40.2369,0,1,0.77700865,-0.006593450290653502
State Street Real Estate Select Sector SPDR ETF,2025-11-17,39.9716,1,1,0.6962747,0.0036851164326670016
State Street Real Estate Select Sector SPDR ETF,2025-11-18,40.1189,0,1,0.52646583,-0.00783670539321868
State Street Real Estate Select Sector SPDR ETF,2025-11-19,39.8045,0,0,0.43947846,-0.003454383298370667
State Street Real Estate Select Sector SPDR ETF,2025-11-20,39.667,1,0,0.42609274,0.013126780447223041
State Street Real Estate Select Sector SPDR ETF,2025-11-21,40.1877,1,0,0.46906614,0.0014681108896501538
State Street Real Estate Select Sector SPDR ETF,2025-11-24,40.2467,1,0,0.4472153,0.008055318821170498
State Street Real Estate Select Sector SPDR ETF,2025-11-25,40.5709,1,1,0.6796326,0.004360268073914986
State Street Real Estate Select Sector SPDR ETF,2025-11-26,40.7478,1,1,0.7276926,0.004822346237097541
State Street Real Estate Select Sector SPDR ETF,2025-11-28,40.9443,0,1,0.69491935,-0.013918909347577002
State Street Real Estate Select Sector SPDR ETF,2025-12-01,40.3744,0,1,0.7847439,-0.002432234287072954
State Street Real Estate Select Sector SPDR ETF,2025-12-02,40.2762,1,1,0.5429222,0.0019515247217958276
State Street Real Estate Select Sector SPDR ETF,2025-12-03,40.3548,0,1,0.5476947,-0.0017048777344949029
State Street Real Estate Select Sector SPDR ETF,2025-12-04,40.286,0,1,0.81148505,-0.0002432606860943709
State Street Real Estate Select Sector SPDR ETF,2025-12-05,40.2762,0,1,0.85457325,-0.00610037689752263
State Street Real Estate Select Sector SPDR ETF,2025-12-08,40.0305,0,1,0.72209793,-0.005890508487278567
State Street Real Estate Select Sector SPDR ETF,2025-12-09,39.7947,1,1,0.76513165,0.0019751373926679694
State Street Real Estate Select Sector SPDR ETF,2025-12-10,39.8733,1,1,0.56352216,0.0054221747384841645
State Street Real Estate Select Sector SPDR ETF,2025-12-11,40.0895,0,0,0.39569056,-0.0012272540191321513
State Street Real Estate Select Sector SPDR ETF,2025-12-12,40.0403,1,0,0.3817472,0.003926044510155879
State Street Real Estate Select Sector SPDR ETF,2025-12-15,40.1975,0,0,0.45644945,-0.008799054667578687
State Street Real Estate Select Sector SPDR ETF,2025-12-16,39.8438,1,1,0.6493455,0.004439837565693994
State Street Real Estate Select Sector SPDR ETF,2025-12-17,40.0207,0,1,0.77965635,-0.00613932290039898
State Street Real Estate Select Sector SPDR ETF,2025-12-18,39.775,0,1,0.80164176,-0.0037058453802639724
State Street Real Estate Select Sector SPDR ETF,2025-12-19,39.6276,1,1,0.6856538,0.007421595049914798
State Street Real Estate Select Sector SPDR ETF,2025-12-22,39.9217,0,1,0.60304546,-0.00025049033483037775
State Street Real Estate Select Sector SPDR ETF,2025-12-23,39.9117,1,0,0.44692928,0.006471786468629448
State Street Real Estate Select Sector SPDR ETF,2025-12-24,40.17,1,1,0.58518124,0.0019790888722925892
State Street Real Estate Select Sector SPDR ETF,2025-12-26,40.2495,1,1,0.8128044,0.0027130771810830456
State Street Real Estate Select Sector SPDR ETF,2025-12-29,40.3587,1,1,0.7554831,0.002215135769982668
State Street Real Estate Select Sector SPDR ETF,2025-12-30,40.4481,0,1,0.71277237,-0.009085717252479086
State Street Real Estate Select Sector SPDR ETF,2025-12-31,40.0806,1,1,0.6844301,0.0007435018437849106
State Street Real Estate Select Sector SPDR ETF,2026-01-02,40.1104,1,1,0.7308167,0.001239080138816906
State Street Real Estate Select Sector SPDR ETF,2026-01-05,40.1601,1,1,0.6817907,0.0066782702234307045
State Street Real Estate Select Sector SPDR ETF,2026-01-06,40.4283,0,1,0.6978557,-0.013760163054098218
State Street Real Estate Select Sector SPDR ETF,2026-01-07,39.872,1,1,0.71271086,0.007473916532905411
State Street Real Estate Select Sector SPDR ETF,2026-01-08,40.17,1,1,0.7085502,0.0014836942992282331
State Street Real Estate Select Sector SPDR ETF,2026-01-09,40.2296,1,1,0.6610731,0.0029629924234890748
State Street Real Estate Select Sector SPDR ETF,2026-01-12,40.3488,1,1,0.54028094,0.0076309580458404636
State Street Real Estate Select Sector SPDR ETF,2026-01-13,40.6567,1,1,0.6929575,0.011240459752021259
State Street Real Estate Select Sector SPDR ETF,2026-01-14,41.1137,1,1,0.732334,0.007488987855629459
State Street Real Estate Select Sector SPDR ETF,2026-01-15,41.4216,1,1,0.7843417,0.012230333932054638
State Street Real Estate Select Sector SPDR ETF,2026-01-16,41.9282,0,1,0.7567337,-0.01918994853106004
State Street Real Estate Select Sector SPDR ETF,2026-01-20,41.1236,1,1,0.79335535,0.00362322364773493
State Street Real Estate Select Sector SPDR ETF,2026-01-21,41.2726,0,1,0.62270373,-0.009868532634241589
State Street Real Estate Select Sector SPDR ETF,2026-01-22,40.8653,1,1,0.5904231,0.0026746408321975945
State Street Real Estate Select Sector SPDR ETF,2026-01-23,40.9746,0,1,0.52057993,-0.0007272798270148151
State Street Real Estate Select Sector SPDR ETF,2026-01-26,40.9448,1,1,0.6867687,0.0007278091479259174
State Street Real Estate Select Sector SPDR ETF,2026-01-27,40.9746,0,1,0.8091245,-0.009696250848086452
State Street Real Estate Select Sector SPDR ETF,2026-01-28,40.5773,1,1,0.9008291,0.012728791713593646
State Street Real Estate Select Sector SPDR ETF,2026-01-29,41.0938,1,1,0.7665879,0.0014503404406502884
State Street Real Estate Select Sector SPDR ETF,2026-01-30,41.1534,0,0,0.4492655,-0.011345356641249471
State Street Real Estate Select Sector SPDR ETF,2026-02-02,40.6865,0,0,0.40585163,-0.0036621483784547992
State Street Real Estate Select Sector SPDR ETF,2026-02-03,40.5375,1,1,0.75450695,0.01592846130126424
State Street Real Estate Select Sector SPDR ETF,2026-02-04,41.1832,0,1,0.7134831,-0.005548378950639976
State Street Real Estate Select Sector SPDR ETF,2026-02-05,40.9547,1,1,0.73117113,0.018435002576016712
State Street Real Estate Select Sector SPDR ETF,2026-02-06,41.7097,1,1,0.767965,0.006190406548117089
State Street Real Estate Select Sector SPDR ETF,2026-02-09,41.9679,1,1,0.65588915,0.013965435487598876
State Street Real Estate Select Sector SPDR ETF,2026-02-10,42.554,0,0,0.4791406,-0.0009352822296376795
State Street Real Estate Select Sector SPDR ETF,2026-02-11,42.5142,1,0,0.36132082,0.0016371000747983366
State Street Real Estate Select Sector SPDR ETF,2026-02-12,42.5838,1,1,0.53403085,0.014695729361870136
State Street Real Estate Select Sector SPDR ETF,2026-02-13,43.2096,1,1,0.6661047,0.010113493297785547
State Street Real Estate Select Sector SPDR ETF,2026-02-17,43.6466,0,1,0.67001104,-0.013426017146810909
State Street Real Estate Select Sector SPDR ETF,2026-02-18,43.0606,0,1,0.7838636,-0.0034602397551357633
State Street Real Estate Select Sector SPDR ETF,2026-02-19,42.9116,1,1,0.61517334,0.008333411012406922
State Street Real Estate Select Sector SPDR ETF,2026-02-20,43.2692,1,1,0.5499265,0.0011463119262664634
State Street Real Estate Select Sector SPDR ETF,2026-02-23,43.3188,1,1,0.6392008,0.002751692105967818
State Street Real Estate Select Sector SPDR ETF,2026-02-24,43.438,0,1,0.72658825,-0.006630139509185562
State Street Real Estate Select Sector SPDR ETF,2026-02-25,43.15,1,1,0.7914266,0.004373117033603879
State Street Real Estate Select Sector SPDR ETF,2026-02-26,43.3387,1,1,0.58456695,0.004813250051339812
State Street Real Estate Select Sector SPDR ETF,2026-02-27,43.5473,1,1,0.5409317,0.0018256011279689233
State Street Real Estate Select Sector SPDR ETF,2026-03-02,43.6268,0,1,0.5838679,-0.005010681507697123
State Street Real Estate Select Sector SPDR ETF,2026-03-03,43.4082,1,1,0.8608757,0.0013730124722977077
State Street Real Estate Select Sector SPDR ETF,2026-03-04,43.4678,0,1,0.8681379,-0.00959790925696713
State Street Real Estate Select Sector SPDR ETF,2026-03-05,43.0506,0,1,0.7022726,-0.010383130548703212
State Street Real Estate Select Sector SPDR ETF,2026-03-06,42.6036,1,1,0.5646573,0.002098414218516753
State Street Real Estate Select Sector SPDR ETF,2026-03-09,42.693,0,1,0.7109798,-0.0013960133979807887
State Street Real Estate Select Sector SPDR ETF,2026-03-10,42.6334,0,1,0.7097355,-0.011880356715626816
State Street Real Estate Select Sector SPDR ETF,2026-03-11,42.1269,0,1,0.69201255,-0.0063664784258988805
State Street Real Estate Select Sector SPDR ETF,2026-03-12,41.8587,1,1,0.5091789,0.0026087766700828574
State Street Real Estate Select Sector SPDR ETF,2026-03-13,41.9679,1,1,0.69484925,0.007810731535292437
State Street Real Estate Select Sector SPDR ETF,2026-03-16,42.2957,1,1,0.6249203,0.0032887503930660866
State Street Real Estate Select Sector SPDR ETF,2026-03-17,42.4348,0,1,0.8586969,-0.01638513672740305
State Street Real Estate Select Sector SPDR ETF,2026-03-18,41.7395,0,1,0.5593515,-0.0023814372476911316
State Street Real Estate Select Sector SPDR ETF,2026-03-19,41.6401,0,0,0.18407269,-0.031726628898585574
State Street Real Estate Select Sector SPDR ETF,2026-03-20,40.319,1,0,0.2848693,0.007465462933108347
State Street Real Estate Select Sector SPDR ETF,2026-03-23,40.62,0,0,0.48607424,-0.008124076809453484
State Street Real Estate Select Sector SPDR ETF,2026-03-24,40.29,0,1,0.61369705,-0.0004964010920822659
State Street Real Estate Select Sector SPDR ETF,2026-03-25,40.27,1,1,0.537614,0.0004966476285075405
State Street Real Estate Select Sector SPDR ETF,2026-03-26,40.29,0,0,0.25220647,-0.00694961528915361
State Street Real Estate Select Sector SPDR ETF,2026-03-27,40.01,1,1,0.6530393,0.004998750312422029
State Street Real Estate Select Sector SPDR ETF,2026-03-30,40.21,1,1,0.5798681,0.01541904998756527
State Street Real Estate Select Sector SPDR ETF,2026-03-31,40.83,1,1,0.7469531,0.0029390154298312154
State Street Real Estate Select Sector SPDR ETF,2026-04-01,40.95,1,0,0.47215667,0.01611721611721606
State Street Real Estate Select Sector SPDR ETF,2026-04-02,41.61,1,0,0.4265948,0.0036049026676279183
State Street Real Estate Select Sector SPDR ETF,2026-04-06,41.76,0,1,0.69432753,-0.0009578544061302763
State Street Real Estate Select Sector SPDR ETF,2026-04-07,41.72,1,1,0.7003608,0.01725790987535958
State Street Real Estate Select Sector SPDR ETF,2026-04-08,42.44,1,1,0.5237778,0.006833176248821848
State Street Real Estate Select Sector SPDR ETF,2026-04-09,42.73,1,1,0.77109754,0.0021062485373275486
State Street Real Estate Select Sector SPDR ETF,2026-04-10,42.82,1,1,0.8567237,0.004670714619336769
State Street Real Estate Select Sector SPDR ETF,2026-04-13,43.02,1,1,0.76049197,0.009530450953044944
State Street Real Estate Select Sector SPDR ETF,2026-04-14,43.43,0,1,0.70182556,-0.0004605111673958717
State Street Real Estate Select Sector SPDR ETF,2026-04-15,43.41,1,1,0.7276042,0.009214466712739178
State Street Real Estate Select Sector SPDR ETF,2026-04-16,43.81,1,1,0.73768544,0.01529331202921691
State Street Real Estate Select Sector SPDR ETF,2026-04-17,44.48,1,1,0.58610445,0.003597122302158251
State Street Real Estate Select Sector SPDR ETF,2026-04-20,44.64,0,1,0.60239446,-0.01926523297491034
State Street Real Estate Select Sector SPDR ETF,2026-04-21,43.78,0,1,0.5391095,-0.007309273640931924
State Street Real Estate Select Sector SPDR ETF,2026-04-22,43.46,1,1,0.5260922,0.011504832029452405
State Street Real Estate Select Sector SPDR ETF,2026-04-23,43.96,0,0,0.46444452,-0.002957233848953633
State Street Real Estate Select Sector SPDR ETF,2026-04-24,43.83,0,0,0.40803218,-0.007757243896874155
State Street Real Estate Select Sector SPDR ETF,2026-04-27,43.49,1,0,0.4215217,0.009657392504023754
State Street Real Estate Select Sector SPDR ETF,2026-04-28,43.91,0,0,0.46981868,-0.006148941015713838
State Street Real Estate Select Sector SPDR ETF,2026-04-29,43.64,1,1,0.51383233,0.01741521539871682
State Street Real Estate Select Sector SPDR ETF,2026-04-30,44.4,0,0,0.32553634,0.0
State Street Real Estate Select Sector SPDR ETF,2026-04-30,44.4,0,1,0.6050006,-0.0018018018018017834
State Street Real Estate Select Sector SPDR ETF,2026-05-01,44.32,0,0,0.34728497,0.0
State Street Real Estate Select Sector SPDR ETF,2026-05-01,44.32,0,0,0.39327273,0.0
State Street Real Estate Select Sector SPDR ETF,2026-05-01,44.32,0,1,0.73301053,-0.005415162454873723
State Street Real Estate Select Sector SPDR ETF,2026-05-04,44.08,1,1,0.88931245,0.002041742286751358
State Street Real Estate Select Sector SPDR ETF,2026-05-05,44.17,1,1,0.6292602,0.012904686438759416
State Street Real Estate Select Sector SPDR ETF,2026-05-06,44.74,0,0,0.29094723,-0.007599463567277698
State Street Real Estate Select Sector SPDR ETF,2026-05-07,44.4,1,1,0.70323646,0.00022522522522527844
State Street Real Estate Select Sector SPDR ETF,2026-05-08,44.41,0,1,0.8977358,0.0
State Street Real Estate Select Sector SPDR ETF,2026-05-08,44.41,0,1,0.7672726,0.0
State Street Utilities Select Sector SPDR ETF,2025-06-05,39.2968,1,1,0.63660604,0.00445328881741025
State Street Utilities Select Sector SPDR ETF,2025-06-06,39.4718,0,1,0.6770185,-0.006404572378254869
State Street Utilities Select Sector SPDR ETF,2025-06-09,39.219,1,1,0.62647796,0.0023560009179224295
State Street Utilities Select Sector SPDR ETF,2025-06-10,39.3114,1,1,0.6258942,0.0006181413025230231
State Street Utilities Select Sector SPDR ETF,2025-06-11,39.3357,1,1,0.6372658,0.012111135685903607
State Street Utilities Select Sector SPDR ETF,2025-06-12,39.8121,0,0,0.46625787,-0.005739461118604794
State Street Utilities Select Sector SPDR ETF,2025-06-13,39.5836,0,1,0.5822452,-0.004913651108034545
State Street Utilities Select Sector SPDR ETF,2025-06-16,39.3891,0,1,0.5696899,-0.008268785019205804
State Street Utilities Select Sector SPDR ETF,2025-06-17,39.0634,1,1,0.636426,0.0026136997803569706
State Street Utilities Select Sector SPDR ETF,2025-06-18,39.1655,1,1,0.55141556,0.00273199627222942
State Street Utilities Select Sector SPDR ETF,2025-06-20,39.2725,1,1,0.64837354,0.012675536316760994
State Street Utilities Select Sector SPDR ETF,2025-06-23,39.7703,1,0,0.48233825,0.004309748732093999
State Street Utilities Select Sector SPDR ETF,2025-06-24,39.9417,0,1,0.5563216,-0.013359471429608694
State Street Utilities Select Sector SPDR ETF,2025-06-25,39.4081,1,1,0.5291085,0.008320624440153246
State Street Utilities Select Sector SPDR ETF,2025-06-26,39.736,1,1,0.6117276,0.001973021944835951
State Street Utilities Select Sector SPDR ETF,2025-06-27,39.8144,1,1,0.67127055,0.004056321330975887
State Street Utilities Select Sector SPDR ETF,2025-06-30,39.9759,1,1,0.6354972,0.0034295663137038357
State Street Utilities Select Sector SPDR ETF,2025-07-01,40.113,0,1,0.6086845,-0.008665519906264851
State Street Utilities Select Sector SPDR ETF,2025-07-02,39.7654,1,1,0.6491294,0.007509040522665433
State Street Utilities Select Sector SPDR ETF,2025-07-03,40.064,1,1,0.6265189,0.002079173322683703
State Street Utilities Select Sector SPDR ETF,2025-07-07,40.1473,0,1,0.6492783,-0.010608434440174008
State Street Utilities Select Sector SPDR ETF,2025-07-08,39.7214,1,1,0.6010651,0.009365228818722482
State Street Utilities Select Sector SPDR ETF,2025-07-09,40.0934,1,1,0.5366944,0.00818089760409424
State Street Utilities Select Sector SPDR ETF,2025-07-10,40.4214,0,0,0.44760573,-0.0014522010618138737
State Street Utilities Select Sector SPDR ETF,2025-07-11,40.3627,1,0,0.4829366,0.0040012189471962945
State Street Utilities Select Sector SPDR ETF,2025-07-14,40.5242,0,0,0.49502262,-0.009542446241998515
State Street Utilities Select Sector SPDR ETF,2025-07-15,40.1375,1,0,0.47323102,0.0004883213952038279
State Street Utilities Select Sector SPDR ETF,2025-07-16,40.1571,1,1,0.6016542,0.004143725518028107
State Street Utilities Select Sector SPDR ETF,2025-07-17,40.3235,1,1,0.55244666,0.01675449799744566
State Street Utilities Select Sector SPDR ETF,2025-07-18,40.9991,1,1,0.5519542,0.0032220219468233058
State Street Utilities Select Sector SPDR ETF,2025-07-21,41.1312,1,1,0.5666782,0.012260765550239361
State Street Utilities Select Sector SPDR ETF,2025-07-22,41.6355,0,0,0.45009506,-0.0075248285717716135
State Street Utilities Select Sector SPDR ETF,2025-07-23,41.3222,0,1,0.5244813,-0.0013043836000986575
State Street Utilities Select Sector SPDR ETF,2025-07-24,41.2683,1,1,0.50155836,0.0026097513103275904
State Street Utilities Select Sector SPDR ETF,2025-07-25,41.376,0,0,0.4592039,-0.010648685228151544
State Street Utilities Select Sector SPDR ETF,2025-07-28,40.9354,1,1,0.5281007,0.011481505005447534
State Street Utilities Select Sector SPDR ETF,2025-07-29,41.4054,1,1,0.6231508,0.007448303844425963
State Street Utilities Select Sector SPDR ETF,2025-07-30,41.7138,1,1,0.6369184,0.00539869299848017
State Street Utilities Select Sector SPDR ETF,2025-07-31,41.939,1,0,0.49296248,0.0015164882329097296
State Street Utilities Select Sector SPDR ETF,2025-08-01,42.0026,1,0,0.4010808,0.017715569988524527
State Street Utilities Select Sector SPDR ETF,2025-08-04,42.7467,0,0,0.38276085,-0.01064877522709351
State Street Utilities Select Sector SPDR ETF,2025-08-05,42.2915,0,1,0.518825,-0.008914320844614188
State Street Utilities Select Sector SPDR ETF,2025-08-06,41.9145,1,1,0.66411144,0.010862589318732185
State Street Utilities Select Sector SPDR ETF,2025-08-07,42.3698,0,1,0.59162354,-0.0042742708249744465
State Street Utilities Select Sector SPDR ETF,2025-08-08,42.1887,0,1,0.7104495,-0.003133540497811005
State Street Utilities Select Sector SPDR ETF,2025-08-11,42.0565,1,1,0.7137252,0.004306112015978414
State Street Utilities Select Sector SPDR ETF,2025-08-12,42.2376,1,1,0.733178,0.002201829649411735
State Street Utilities Select Sector SPDR ETF,2025-08-13,42.3306,0,1,0.7113605,-0.006938243256651044
State Street Utilities Select Sector SPDR ETF,2025-08-14,42.0369,0,1,0.5852032,-0.0029117275536494347
State Street Utilities Select Sector SPDR ETF,2025-08-15,41.9145,0,0,0.4702444,-0.004320700473583017
State Street Utilities Select Sector SPDR ETF,2025-08-18,41.7334,1,0,0.41532382,0.009735607451106132
State Street Utilities Select Sector SPDR ETF,2025-08-19,42.1397,1,0,0.4789414,0.0010465190782089628
State Street Utilities Select Sector SPDR ETF,2025-08-20,42.1838,0,1,0.5443694,-0.0068486006476419226
State Street Utilities Select Sector SPDR ETF,2025-08-21,41.8949,1,1,0.618492,0.005375355950246963
State Street Utilities Select Sector SPDR ETF,2025-08-22,42.1201,0,1,0.6674965,-0.011272527843001368
State Street Utilities Select Sector SPDR ETF,2025-08-25,41.6453,1,1,0.7854105,0.00223314515683648
State Street Utilities Select Sector SPDR ETF,2025-08-26,41.7383,1,1,0.7116283,0.00023479633813550116
State Street Utilities Select Sector SPDR ETF,2025-08-27,41.7481,0,1,0.69546396,-0.007621903751308334
State Street Utilities Select Sector SPDR ETF,2025-08-28,41.4299,0,1,0.60497624,-0.0036640204296897183
State Street Utilities Select Sector SPDR ETF,2025-08-29,41.2781,0,1,0.7464908,-0.00332137380354236
State Street Utilities Select Sector SPDR ETF,2025-09-02,41.141,0,1,0.76587284,-0.00249872390073147
State Street Utilities Select Sector SPDR ETF,2025-09-03,41.0382,0,1,0.77097434,-0.001191572729798196
State Street Utilities Select Sector SPDR ETF,2025-09-04,40.9893,0,1,0.7444945,-0.0031056885577455118
State Street Utilities Select Sector SPDR ETF,2025-09-05,40.862,0,1,0.79015636,-0.01018305516127449
State Street Utilities Select Sector SPDR ETF,2025-09-08,40.4459,1,1,0.65257996,0.006898103392432686
State Street Utilities Select Sector SPDR ETF,2025-09-09,40.7249,1,1,0.7318422,0.017190956883871955
State Street Utilities Select Sector SPDR ETF,2025-09-10,41.425,1,1,0.65510696,0.005318044659022414
State Street Utilities Select Sector SPDR ETF,2025-09-11,41.6453,1,1,0.57913,0.005054591994775093
State Street Utilities Select Sector SPDR ETF,2025-09-12,41.8558,1,1,0.6827064,0.0023389828888706887
State Street Utilities Select Sector SPDR ETF,2025-09-15,41.9537,0,1,0.6579765,-0.018203400415219617
State Street Utilities Select Sector SPDR ETF,2025-09-16,41.19,1,1,0.7063797,0.002495751395970025
State Street Utilities Select Sector SPDR ETF,2025-09-17,41.2928,1,1,0.5297606,0.0007119885306883234
State Street Utilities Select Sector SPDR ETF,2025-09-18,41.3222,1,1,0.56932026,0.006396077653174181
State Street Utilities Select Sector SPDR ETF,2025-09-19,41.5865,1,1,0.671337,0.009695454053599173
State Street Utilities Select Sector SPDR ETF,2025-09-22,41.9897,1,1,0.7394183,0.005163170968118358
State Street Utilities Select Sector SPDR ETF,2025-09-23,42.2065,1,1,0.6552474,0.007122125738926455
State Street Utilities Select Sector SPDR ETF,2025-09-24,42.5071,0,1,0.74543506,-0.009621921984797832
State Street Utilities Select Sector SPDR ETF,2025-09-25,42.0981,1,1,0.73560673,0.01627151819203232
State Street Utilities Select Sector SPDR ETF,2025-09-26,42.7831,1,1,0.66762316,0.0028796417276917285
State Street Utilities Select Sector SPDR ETF,2025-09-29,42.9063,1,1,0.65830636,0.0017246884490156322
State Street Utilities Select Sector SPDR ETF,2025-09-30,42.9803,1,1,0.7790508,0.009629993275989124
State Street Utilities Select Sector SPDR ETF,2025-10-01,43.3942,0,1,0.69910496,-0.0018159108820994252
State Street Utilities Select Sector SPDR ETF,2025-10-02,43.3154,1,1,0.6768672,0.011605572152167731
State Street Utilities Select Sector SPDR ETF,2025-10-03,43.8181,1,1,0.53910834,0.009671802291747023
State Street Utilities Select Sector SPDR ETF,2025-10-06,44.2419,1,1,0.5625362,0.004568067827105171
State Street Utilities Select Sector SPDR ETF,2025-10-07,44.444,1,1,0.58624214,0.006873818738187376
State Street Utilities Select Sector SPDR ETF,2025-10-08,44.7495,0,0,0.48619783,-0.0025318718644899985
State Street Utilities Select Sector SPDR ETF,2025-10-09,44.6362,0,1,0.6179608,-0.004086369359398878
State Street Utilities Select Sector SPDR ETF,2025-10-10,44.4538,1,1,0.5739747,0.0076506395403768135
State Street Utilities Select Sector SPDR ETF,2025-10-13,44.7939,1,0,0.43384853,0.00891192774016103
State Street Utilities Select Sector SPDR ETF,2025-10-14,45.1931,1,1,0.5457859,0.01308606844850213
State Street Utilities Select Sector SPDR ETF,2025-10-15,45.7845,0,1,0.78224343,-0.010872675250357622
State Street Utilities Select Sector SPDR ETF,2025-10-16,45.2867,0,1,0.80334795,-0.0034822585880623924
State Street Utilities Select Sector SPDR ETF,2025-10-17,45.129,0,1,0.7022262,-0.00032794876908415205
State Street Utilities Select Sector SPDR ETF,2025-10-20,45.1142,0,1,0.63384825,-0.010158664012661078
State Street Utilities Select Sector SPDR ETF,2025-10-21,44.6559,0,0,0.37399685,-0.002317722854091042
State Street Utilities Select Sector SPDR ETF,2025-10-22,44.5524,0,1,0.67814296,-0.0007743690575592321
State Street Utilities Select Sector SPDR ETF,2025-10-23,44.5179,1,1,0.6421615,0.011734605630544293
State Street Utilities Select Sector SPDR ETF,2025-10-24,45.0403,1,1,0.5424749,0.0027353281394661977
State Street Utilities Select Sector SPDR ETF,2025-10-27,45.1635,0,0,0.43428835,-0.01647790804521354
State Street Utilities Select Sector SPDR ETF,2025-10-28,44.4193,0,1,0.58781964,-0.00033093722773658296
State Street Utilities Select Sector SPDR ETF,2025-10-29,44.4046,0,1,0.5599789,-0.004218031465208605
State Street Utilities Select Sector SPDR ETF,2025-10-30,44.2173,0,1,0.6477127,-0.006911322039111378
State Street Utilities Select Sector SPDR ETF,2025-10-31,43.9117,1,1,0.70087683,0.0005624924564522349
State Street Utilities Select Sector SPDR ETF,2025-11-03,43.9364,0,1,0.69918317,-0.0035892790488069037
State Street Utilities Select Sector SPDR ETF,2025-11-04,43.7787,1,1,0.7074397,0.00022385315233197645
State Street Utilities Select Sector SPDR ETF,2025-11-05,43.7885,0,1,0.65956926,-0.004389280290487241
State Street Utilities Select Sector SPDR ETF,2025-11-06,43.5963,1,1,0.7880006,0.013904849723485713
State Street Utilities Select Sector SPDR ETF,2025-11-07,44.2025,0,1,0.6662795,-0.0003348226910242502
State Street Utilities Select Sector SPDR ETF,2025-11-10,44.1877,1,1,0.7355622,0.0005567160092061485
State Street Utilities Select Sector SPDR ETF,2025-11-11,44.2123,1,1,0.59352034,0.0023409775107832154
State Street Utilities Select Sector SPDR ETF,2025-11-12,44.3158,0,1,0.56663054,-0.013789664182977668
State Street Utilities Select Sector SPDR ETF,2025-11-13,43.7047,1,1,0.6589202,0.0009037929559063684
State Street Utilities Select Sector SPDR ETF,2025-11-14,43.7442,1,1,0.7602434,0.009011480379113035
State Street Utilities Select Sector SPDR ETF,2025-11-17,44.1384,0,1,0.663367,-0.0037948815543834558
State Street Utilities Select Sector SPDR ETF,2025-11-18,43.9709,0,1,0.55097777,-0.008407833362519379
State Street Utilities Select Sector SPDR ETF,2025-11-19,43.6012,0,0,0.47910294,-0.005084722438831957
State Street Utilities Select Sector SPDR ETF,2025-11-20,43.3795,1,0,0.40338406,0.0014753512603880026
State Street Utilities Select Sector SPDR ETF,2025-11-21,43.4435,1,0,0.48795193,0.01134577094386957
State Street Utilities Select Sector SPDR ETF,2025-11-24,43.9364,0,0,0.46402922,-0.0038146047468613498
State Street Utilities Select Sector SPDR ETF,2025-11-25,43.7688,1,1,0.66427875,0.01328571950795987
State Street Utilities Select Sector SPDR ETF,2025-11-26,44.3503,1,1,0.6603502,0.007113818846772091
State Street Utilities Select Sector SPDR ETF,2025-11-28,44.6658,0,1,0.55475456,-0.023393737490428834
State Street Utilities Select Sector SPDR ETF,2025-12-01,43.6209,0,1,0.72776073,-0.007115855014454109
State Street Utilities Select Sector SPDR ETF,2025-12-02,43.3105,0,1,0.5565724,-0.0031862943166206525
State Street Utilities Select Sector SPDR ETF,2025-12-03,43.1725,0,1,0.60534906,-0.002056864902426292
State Street Utilities Select Sector SPDR ETF,2025-12-04,43.0837,0,1,0.7757131,-0.009379417273818191
State Street Utilities Select Sector SPDR ETF,2025-12-05,42.6796,0,1,0.80073684,-0.013395158342627389
State Street Utilities Select Sector SPDR ETF,2025-12-08,42.1079,1,1,0.7033385,0.0007029559773819027
State Street Utilities Select Sector SPDR ETF,2025-12-09,42.1375,0,1,0.7388109,-0.0004675170572530085
State Street Utilities Select Sector SPDR ETF,2025-12-10,42.1178,1,1,0.6713524,0.0072558395737669645
State Street Utilities Select Sector SPDR ETF,2025-12-11,42.4234,0,1,0.60936403,-0.004879382604883187
State Street Utilities Select Sector SPDR ETF,2025-12-12,42.2164,1,1,0.54134965,0.009105466122170558
State Street Utilities Select Sector SPDR ETF,2025-12-15,42.6008,0,1,0.6069938,-0.004164241047116435
State Street Utilities Select Sector SPDR ETF,2025-12-16,42.4234,0,1,0.67557317,-0.006505843473177619
State Street Utilities Select Sector SPDR ETF,2025-12-17,42.1474,1,1,0.7584189,0.00982029733743972
State Street Utilities Select Sector SPDR ETF,2025-12-18,42.5613,0,1,0.7348534,-0.012736922979326382
State Street Utilities Select Sector SPDR ETF,2025-12-19,42.0192,1,1,0.6408307,0.003710208666514392
State Street Utilities Select Sector SPDR ETF,2025-12-22,42.1751,1,1,0.6218597,0.0035328902598927847
State Street Utilities Select Sector SPDR ETF,2025-12-23,42.3241,1,1,0.5117328,0.004458452749142916
State Street Utilities Select Sector SPDR ETF,2025-12-24,42.5128,0,1,0.5769528,-0.0007009653563162521
State Street Utilities Select Sector SPDR ETF,2025-12-26,42.483,1,1,0.78703463,0.0018689828872724412
State Street Utilities Select Sector SPDR ETF,2025-12-29,42.5624,1,1,0.74045926,0.002333045129034206
State Street Utilities Select Sector SPDR ETF,2025-12-30,42.6617,0,1,0.70075214,-0.006284325284740322
State Street Utilities Select Sector SPDR ETF,2025-12-31,42.3936,1,1,0.62463784,0.011478147644927494
State Street Utilities Select Sector SPDR ETF,2026-01-02,42.8802,0,1,0.6642351,-0.011117019043754506
State Street Utilities Select Sector SPDR ETF,2026-01-05,42.4035,1,1,0.72067755,0.00491940523777501
State Street Utilities Select Sector SPDR ETF,2026-01-06,42.6121,0,1,0.7065426,-0.024237247166884357
State Street Utilities Select Sector SPDR ETF,2026-01-07,41.5793,1,1,0.73327416,0.00286681112957643
State Street Utilities Select Sector SPDR ETF,2026-01-08,41.6985,1,1,0.7277891,0.012384138518171994
State Street Utilities Select Sector SPDR ETF,2026-01-09,42.2149,1,1,0.6404889,0.0016463381412723521
State Street Utilities Select Sector SPDR ETF,2026-01-12,42.2844,1,1,0.547363,0.0063403997691822145
State Street Utilities Select Sector SPDR ETF,2026-01-13,42.5525,1,1,0.67355144,0.007468421361847
State Street Utilities Select Sector SPDR ETF,2026-01-14,42.8703,1,1,0.7018038,0.010191204633510864
State Street Utilities Select Sector SPDR ETF,2026-01-15,43.3072,0,1,0.7160819,-0.005045350426718831
State Street Utilities Select Sector SPDR ETF,2026-01-16,43.0887,0,1,0.6978442,-0.009909790733997559
State Street Utilities Select Sector SPDR ETF,2026-01-20,42.6617,1,1,0.67379665,0.0013970376239107463
State Street Utilities Select Sector SPDR ETF,2026-01-21,42.7213,0,1,0.62526006,-0.0072048369314604566
State Street Utilities Select Sector SPDR ETF,2026-01-22,42.4135,0,1,0.6258441,-0.00351303240713452
State Street Utilities Select Sector SPDR ETF,2026-01-23,42.2645,1,1,0.58313704,0.007285073761667649
State Street Utilities Select Sector SPDR ETF,2026-01-26,42.5724,1,1,0.62345564,0.01306245360844116
State Street Utilities Select Sector SPDR ETF,2026-01-27,43.1285,0,1,0.6670225,-0.002302421832431012
State Street Utilities Select Sector SPDR ETF,2026-01-28,43.0292,0,1,0.78830445,0.0
State Street Utilities Select Sector SPDR ETF,2026-01-29,43.0292,0,1,0.70375645,-0.001847582571835038
State Street Utilities Select Sector SPDR ETF,2026-01-30,42.9497,0,1,0.5149096,-0.014565875896688452
State Street Utilities Select Sector SPDR ETF,2026-02-02,42.3241,1,1,0.5130869,0.014547267396117114
State Street Utilities Select Sector SPDR ETF,2026-02-03,42.9398,0,1,0.6550999,-0.003700529578619216
State Street Utilities Select Sector SPDR ETF,2026-02-04,42.7809,1,1,0.6362651,0.00046516085449344047
State Street Utilities Select Sector SPDR ETF,2026-02-05,42.8008,1,1,0.64622915,0.00579895702884059
State Street Utilities Select Sector SPDR ETF,2026-02-06,43.049,1,1,0.76486444,0.002998908220864571
State Street Utilities Select Sector SPDR ETF,2026-02-09,43.1781,1,1,0.6175922,0.01655932058149845
State Street Utilities Select Sector SPDR ETF,2026-02-10,43.8931,1,1,0.50131595,0.008823710332603651
State Street Utilities Select Sector SPDR ETF,2026-02-11,44.2804,1,0,0.4483515,0.014801130974426702
State Street Utilities Select Sector SPDR ETF,2026-02-12,44.9358,1,1,0.51700145,0.02762607987395338
State Street Utilities Select Sector SPDR ETF,2026-02-13,46.1772,0,1,0.5688343,-0.0025813604982545257
State Street Utilities Select Sector SPDR ETF,2026-02-17,46.058,0,1,0.62425554,-0.01660297885275086
State Street Utilities Select Sector SPDR ETF,2026-02-18,45.2933,1,1,0.75361395,0.010964094027152038
State Street Utilities Select Sector SPDR ETF,2026-02-19,45.7899,1,1,0.6356123,0.004769610765692711
State Street Utilities Select Sector SPDR ETF,2026-02-20,46.0083,1,1,0.5893516,0.007555158525744288
State Street Utilities Select Sector SPDR ETF,2026-02-23,46.3559,1,1,0.6219441,0.011139898049655095
State Street Utilities Select Sector SPDR ETF,2026-02-24,46.8723,1,1,0.6703056,0.0033900619342339677
State Street Utilities Select Sector SPDR ETF,2026-02-25,47.0312,0,1,0.7546656,-0.0038017316164588033
State Street Utilities Select Sector SPDR ETF,2026-02-26,46.8524,1,1,0.63981724,0.01165788732274109
State Street Utilities Select Sector SPDR ETF,2026-02-27,47.3986,0,1,0.6199697,-0.007542416864633195
State Street Utilities Select Sector SPDR ETF,2026-03-02,47.0411,0,1,0.59920216,-0.006332760075763555
State Street Utilities Select Sector SPDR ETF,2026-03-03,46.7432,1,1,0.78625786,0.004248746341713794
State Street Utilities Select Sector SPDR ETF,2026-03-04,46.9418,0,1,0.79631865,-0.007826713078748604
State Street Utilities Select Sector SPDR ETF,2026-03-05,46.5744,0,1,0.7418719,-0.003411745508261954
State Street Utilities Select Sector SPDR ETF,2026-03-06,46.4155,1,1,0.64527524,0.0023526623649428036
State Street Utilities Select Sector SPDR ETF,2026-03-09,46.5247,0,1,0.66266096,-0.006190260227363131
State Street Utilities Select Sector SPDR ETF,2026-03-10,46.2367,0,1,0.6820669,-0.008376462853101452
State Street Utilities Select Sector SPDR ETF,2026-03-11,45.8494,1,1,0.65334666,0.007149493777453886
State Street Utilities Select Sector SPDR ETF,2026-03-12,46.1772,1,1,0.600783,0.00989232781545879
State Street Utilities Select Sector SPDR ETF,2026-03-13,46.634,1,1,0.6913311,0.006388043058712434
State Street Utilities Select Sector SPDR ETF,2026-03-16,46.9319,0,1,0.6310327,-0.00275079423590352
State Street Utilities Select Sector SPDR ETF,2026-03-17,46.8028,0,1,0.8801816,-0.008486671737588325
State Street Utilities Select Sector SPDR ETF,2026-03-18,46.4056,0,1,0.6164764,-0.004066319582119338
State Street Utilities Select Sector SPDR ETF,2026-03-19,46.2169,0,0,0.28497076,-0.040610685701550686
State Street Utilities Select Sector SPDR ETF,2026-03-20,44.34,1,0,0.39157557,0.009923319801533603
State Street Utilities Select Sector SPDR ETF,2026-03-23,44.78,1,1,0.52397335,0.0069227333631085575
State Street Utilities Select Sector SPDR ETF,2026-03-24,45.09,1,1,0.6313877,0.0035484586382790173
State Street Utilities Select Sector SPDR ETF,2026-03-25,45.25,1,1,0.59367687,0.0017679558011050034
State Street Utilities Select Sector SPDR ETF,2026-03-26,45.33,1,0,0.3713769,0.0057357158614606
State Street Utilities Select Sector SPDR ETF,2026-03-27,45.59,1,1,0.52569896,0.007238429480149078
State Street Utilities Select Sector SPDR ETF,2026-03-30,45.92,0,1,0.57848,-0.0006533101045296252
State Street Utilities Select Sector SPDR ETF,2026-03-31,45.89,1,1,0.73134595,0.004794072782741354
State Street Utilities Select Sector SPDR ETF,2026-04-01,46.11,1,0,0.464466,0.004988072001735011
State Street Utilities Select Sector SPDR ETF,2026-04-02,46.34,0,1,0.57050383,-0.003668536901165309
State Street Utilities Select Sector SPDR ETF,2026-04-06,46.17,1,1,0.7460408,0.0021659085986571736
State Street Utilities Select Sector SPDR ETF,2026-04-07,46.27,1,1,0.71899116,0.011022260644045767
State Street Utilities Select Sector SPDR ETF,2026-04-08,46.78,1,1,0.67224926,0.007909362975630607
State Street Utilities Select Sector SPDR ETF,2026-04-09,47.15,0,1,0.73177695,-0.004029692470837731
State Street Utilities Select Sector SPDR ETF,2026-04-10,46.96,0,1,0.8406396,-0.012137989778534974
State Street Utilities Select Sector SPDR ETF,2026-04-13,46.39,1,1,0.8168558,0.0017245095925846332
State Street Utilities Select Sector SPDR ETF,2026-04-14,46.47,0,1,0.7390773,-0.009683666881859176
State Street Utilities Select Sector SPDR ETF,2026-04-15,46.02,1,1,0.7732167,0.007170795306388422
State Street Utilities Select Sector SPDR ETF,2026-04-16,46.35,0,1,0.7635086,-0.004099244875944041
State Street Utilities Select Sector SPDR ETF,2026-04-17,46.16,0,1,0.62549764,-0.008882149046793741
State Street Utilities Select Sector SPDR ETF,2026-04-20,45.75,0,1,0.62537605,-0.017486338797814138
State Street Utilities Select Sector SPDR ETF,2026-04-21,44.95,0,1,0.60201967,-0.0017797552836485986
State Street Utilities Select Sector SPDR ETF,2026-04-22,44.87,1,1,0.57659775,0.027189659014932088
State Street Utilities Select Sector SPDR ETF,2026-04-23,46.09,1,1,0.5146449,0.0019527012367106522
State Street Utilities Select Sector SPDR ETF,2026-04-24,46.18,1,1,0.5063387,0.00021654395842340968
State Street Utilities Select Sector SPDR ETF,2026-04-27,46.19,1,0,0.49295768,0.0012989824637368308
State Street Utilities Select Sector SPDR ETF,2026-04-28,46.25,0,1,0.5428563,-0.012324324324324287
State Street Utilities Select Sector SPDR ETF,2026-04-29,45.68,1,1,0.56947225,0.02561295971978983
State Street Utilities Select Sector SPDR ETF,2026-04-30,46.85,0,0,0.34685284,0.0
State Street Utilities Select Sector SPDR ETF,2026-04-30,46.85,0,1,0.62245566,-0.006403415154749292
State Street Utilities Select Sector SPDR ETF,2026-05-01,46.55,0,0,0.350494,0.0
State Street Utilities Select Sector SPDR ETF,2026-05-01,46.55,0,0,0.40682167,0.0
State Street Utilities Select Sector SPDR ETF,2026-05-01,46.55,0,1,0.690674,-0.0038668098818475105
State Street Utilities Select Sector SPDR ETF,2026-05-04,46.37,0,1,0.8488059,0.0
State Street Utilities Select Sector SPDR ETF,2026-05-05,46.37,0,1,0.6335856,-0.01423334052188907
State Street Utilities Select Sector SPDR ETF,2026-05-06,45.71,0,0,0.32411018,-0.012907460074382038
State Street Utilities Select Sector SPDR ETF,2026-05-07,45.12,0,1,0.7189093,-0.00886524822695034
State Street Utilities Select Sector SPDR ETF,2026-05-08,44.72,0,1,0.88827705,0.0
State Street Utilities Select Sector SPDR ETF,2026-05-08,44.72,0,1,0.7829369,0.0
State Street Health Care Select Sector SPDR ETF,2025-06-05,130.7776,1,1,0.6455092,0.009541389351081397
State Street Health Care Select Sector SPDR ETF,2025-06-06,132.0254,0,1,0.7009587,-0.001711034391867039
State Street Health Care Select Sector SPDR ETF,2025-06-09,131.7995,1,1,0.67828816,0.011404443871183334
State Street Health Care Select Sector SPDR ETF,2025-06-10,133.3026,1,1,0.6126108,0.0005161189654214748
State Street Health Care Select Sector SPDR ETF,2025-06-11,133.3714,1,1,0.6741881,0.0078082707387041594
State Street Health Care Select Sector SPDR ETF,2025-06-12,134.4128,0,1,0.5441987,-0.00496976478430633
State Street Health Care Select Sector SPDR ETF,2025-06-13,133.7448,0,0,0.49125645,-0.0030857274451043804
State Street Health Care Select Sector SPDR ETF,2025-06-16,133.3321,0,0,0.4650755,-0.01650540267497458
State Street Health Care Select Sector SPDR ETF,2025-06-17,131.1314,0,1,0.6145928,-0.001723462115099994
State Street Health Care Select Sector SPDR ETF,2025-06-18,130.9054,0,1,0.57765496,-0.0048034687644664675
State Street Health Care Select Sector SPDR ETF,2025-06-20,130.2766,1,1,0.66637534,0.0014400130184546445
State Street Health Care Select Sector SPDR ETF,2025-06-23,130.4642,1,1,0.5629626,0.0122577687978771
State Street Health Care Select Sector SPDR ETF,2025-06-24,132.0634,1,1,0.56550854,0.0008965390865296463
State Street Health Care Select Sector SPDR ETF,2025-06-25,132.1818,1,0,0.45937026,0.002389890287467722
State Street Health Care Select Sector SPDR ETF,2025-06-26,132.4977,0,1,0.6689611,-0.0021600374949904966
State Street Health Care Select Sector SPDR ETF,2025-06-27,132.2115,1,1,0.7246723,0.006420772776952077
State Street Health Care Select Sector SPDR ETF,2025-06-30,133.0604,1,1,0.57352537,0.014244658816597644
State Street Health Care Select Sector SPDR ETF,2025-07-01,134.9558,0,1,0.5432473,-0.009875085027838848
State Street Health Care Select Sector SPDR ETF,2025-07-02,133.6231,1,1,0.7213697,0.0010342523111648294
State Street Health Care Select Sector SPDR ETF,2025-07-03,133.7613,0,1,0.7339124,-0.008413494785113551
State Street Health Care Select Sector SPDR ETF,2025-07-07,132.6359,1,1,0.7895382,0.004540248906970135
State Street Health Care Select Sector SPDR ETF,2025-07-08,133.2381,1,1,0.61607057,0.003852501649302953
State Street Health Care Select Sector SPDR ETF,2025-07-09,133.7514,1,0,0.48276886,0.006126291014523888
State Street Health Care Select Sector SPDR ETF,2025-07-10,134.5708,0,0,0.34569368,-0.0082893168503122
State Street Health Care Select Sector SPDR ETF,2025-07-11,133.4553,0,0,0.44044775,-0.001183917011913227
State Street Health Care Select Sector SPDR ETF,2025-07-14,133.2973,0,1,0.5018329,-0.017995863382078925
State Street Health Care Select Sector SPDR ETF,2025-07-15,130.8985,1,1,0.5033589,0.012443992864700437
State Street Health Care Select Sector SPDR ETF,2025-07-16,132.5274,0,1,0.65601766,-0.011396888492492874
State Street Health Care Select Sector SPDR ETF,2025-07-17,131.017,0,1,0.6651357,-0.0066304372714990345
State Street Health Care Select Sector SPDR ETF,2025-07-18,130.1483,0,1,0.68104863,-0.005688894899126606
State Street Health Care Select Sector SPDR ETF,2025-07-21,129.4079,1,1,0.67342746,0.01861323767714329
State Street Health Care Select Sector SPDR ETF,2025-07-22,131.8166,1,0,0.29845405,0.020519418646816945
State Street Health Care Select Sector SPDR ETF,2025-07-23,134.5214,0,0,0.34095207,-0.003742155523210444
State Street Health Care Select Sector SPDR ETF,2025-07-24,134.018,1,0,0.40262395,0.005303018997448117
State Street Health Care Select Sector SPDR ETF,2025-07-25,134.7287,0,0,0.36461052,-0.008719003449153773
State Street Health Care Select Sector SPDR ETF,2025-07-28,133.554,0,1,0.5677811,-0.006356979199424906
State Street Health Care Select Sector SPDR ETF,2025-07-29,132.705,0,1,0.7527794,-0.001785162578652022
State Street Health Care Select Sector SPDR ETF,2025-07-30,132.4681,0,1,0.7282648,-0.028019576033777027
State Street Health Care Select Sector SPDR ETF,2025-07-31,128.7564,1,0,0.45431855,0.0053667235182093265
State Street Health Care Select Sector SPDR ETF,2025-08-01,129.4474,1,0,0.23238344,0.01433709753923229
State Street Health Care Select Sector SPDR ETF,2025-08-04,131.3033,0,0,0.2971525,-0.0038346332498878644
State Street Health Care Select Sector SPDR ETF,2025-08-05,130.7998,0,1,0.58944124,-0.015019136114887144
State Street Health Care Select Sector SPDR ETF,2025-08-06,128.8353,0,1,0.76613057,-0.011492968153914207
State Street Health Care Select Sector SPDR ETF,2025-08-07,127.3546,1,1,0.70414424,0.00891369451908286
State Street Health Care Select Sector SPDR ETF,2025-08-08,128.4898,1,1,0.7782159,0.0009985228399451707
State Street Health Care Select Sector SPDR ETF,2025-08-11,128.6181,1,1,0.79610384,0.006908047934155448
State Street Health Care Select Sector SPDR ETF,2025-08-12,129.5066,1,1,0.7965631,0.01600767837314865
State Street Health Care Select Sector SPDR ETF,2025-08-13,131.5797,1,1,0.67491984,0.005026611247783475
State Street Health Care Select Sector SPDR ETF,2025-08-14,132.2411,1,0,0.44548842,0.016795837300203953
State Street Health Care Select Sector SPDR ETF,2025-08-15,134.4622,0,0,0.3057051,-0.0023493591507501854
State Street Health Care Select Sector SPDR ETF,2025-08-18,134.1463,1,0,0.29014915,0.006401965615153049
State Street Health Care Select Sector SPDR ETF,2025-08-19,135.0051,1,0,0.39375487,0.005411647411838638
State Street Health Care Select Sector SPDR ETF,2025-08-20,135.7357,0,1,0.53027916,-0.0033462088455727956
State Street Health Care Select Sector SPDR ETF,2025-08-21,135.2815,1,1,0.65427226,0.008245769007587889
State Street Health Care Select Sector SPDR ETF,2025-08-22,136.397,0,1,0.72129714,-0.014257644962865634
State Street Health Care Select Sector SPDR ETF,2025-08-25,134.4523,1,1,0.80587894,0.006240875016641612
State Street Health Care Select Sector SPDR ETF,2025-08-26,135.2914,0,1,0.7065038,-0.0005831856274678415
State Street Health Care Select Sector SPDR ETF,2025-08-27,135.2125,0,1,0.65772814,-0.003942682814089049
State Street Health Care Select Sector SPDR ETF,2025-08-28,134.6794,1,1,0.5037202,0.0073292574810996935
State Street Health Care Select Sector SPDR ETF,2025-08-29,135.6665,1,1,0.69250005,0.0009464385091382255
State Street Health Care Select Sector SPDR ETF,2025-09-02,135.7949,0,1,0.75305635,-0.004725508837224446
State Street Health Care Select Sector SPDR ETF,2025-09-03,135.1532,1,1,0.768845,0.0037979122950844157
State Street Health Care Select Sector SPDR ETF,2025-09-04,135.6665,1,1,0.800502,0.0034201516218079764
State Street Health Care Select Sector SPDR ETF,2025-09-05,136.1305,0,1,0.8103029,-0.0003621524933796749
State Street Health Care Select Sector SPDR ETF,2025-09-08,136.0812,1,1,0.68445766,0.005368118446927417
State Street Health Care Select Sector SPDR ETF,2025-09-09,136.8117,0,1,0.75420374,-0.009092058647030887
State Street Health Care Select Sector SPDR ETF,2025-09-10,135.5678,1,1,0.686934,0.017403837784488507
State Street Health Care Select Sector SPDR ETF,2025-09-11,137.9272,0,1,0.51802254,-0.011523470352475917
State Street Health Care Select Sector SPDR ETF,2025-09-12,136.3378,0,1,0.72388947,-0.00854421884466372
State Street Health Care Select Sector SPDR ETF,2025-09-15,135.1729,0,1,0.730456,0.0
State Street Health Care Select Sector SPDR ETF,2025-09-16,135.1729,1,1,0.7453999,0.001972288824165336
State Street Health Care Select Sector SPDR ETF,2025-09-17,135.4395,1,1,0.53792006,0.0019676682208660257
State Street Health Care Select Sector SPDR ETF,2025-09-18,135.706,0,1,0.59504855,-0.0013087114792270649
State Street Health Care Select Sector SPDR ETF,2025-09-19,135.5284,0,1,0.7596187,-0.0002567727502134076
State Street Health Care Select Sector SPDR ETF,2025-09-22,135.4936,1,1,0.81026673,0.0022694798868729826
State Street Health Care Select Sector SPDR ETF,2025-09-23,135.8011,0,1,0.6414903,-0.00401690413406075
State Street Health Care Select Sector SPDR ETF,2025-09-24,135.2556,0,1,0.8228674,-0.016570108742262724
State Street Health Care Select Sector SPDR ETF,2025-09-25,133.0144,1,1,0.80230385,0.010213931724685432
State Street Health Care Select Sector SPDR ETF,2025-09-26,134.373,1,1,0.63134813,0.002952229986678878
State Street Health Care Select Sector SPDR ETF,2025-09-29,134.7697,1,1,0.7268514,0.02406178836934414
State Street Health Care Select Sector SPDR ETF,2025-09-30,138.0125,1,1,0.76260114,0.03089720134045848
State Street Health Care Select Sector SPDR ETF,2025-10-01,142.2767,0,1,0.67511016,-0.001951127626659943
State Street Health Care Select Sector SPDR ETF,2025-10-02,141.9991,1,1,0.688284,0.011383170738406001
State Street Health Care Select Sector SPDR ETF,2025-10-03,143.6155,0,1,0.5056886,-0.0048337400907283445
State Street Health Care Select Sector SPDR ETF,2025-10-06,142.9213,1,1,0.61363834,0.0007633571762919455
State Street Health Care Select Sector SPDR ETF,2025-10-07,143.0304,1,1,0.6587334,0.001941545293867586
State Street Health Care Select Sector SPDR ETF,2025-10-08,143.3081,0,0,0.43568805,-0.0022141107167005236
State Street Health Care Select Sector SPDR ETF,2025-10-09,142.9908,0,1,0.63483876,-0.014425403592398967
State Street Health Care Select Sector SPDR ETF,2025-10-10,140.9281,0,1,0.5598554,-0.0011261061491640856
State Street Health Care Select Sector SPDR ETF,2025-10-13,140.7694,1,0,0.30546755,0.002747045877868448
State Street Health Care Select Sector SPDR ETF,2025-10-14,141.1561,1,1,0.5067605,0.001545806380312209
State Street Health Care Select Sector SPDR ETF,2025-10-15,141.3743,0,1,0.86968845,-0.001683474294832954
State Street Health Care Select Sector SPDR ETF,2025-10-16,141.1363,1,1,0.9044913,0.006675107679597447
State Street Health Care Select Sector SPDR ETF,2025-10-17,142.0784,1,1,0.66817224,0.010609635243640225
State Street Health Care Select Sector SPDR ETF,2025-10-20,143.5858,1,1,0.59435064,0.002347725192881178
State Street Health Care Select Sector SPDR ETF,2025-10-21,143.9229,1,0,0.21650513,0.005719034288497626
State Street Health Care Select Sector SPDR ETF,2025-10-22,144.746,1,1,0.66028816,0.000548547110110098
State Street Health Care Select Sector SPDR ETF,2025-10-23,144.8254,0,1,0.64413744,-6.904866135348797e-05
State Street Health Care Select Sector SPDR ETF,2025-10-24,144.8154,1,1,0.5222851,0.002328481639383595
State Street Health Care Select Sector SPDR ETF,2025-10-27,145.1526,0,0,0.34355104,-0.006285109601894989
State Street Health Care Select Sector SPDR ETF,2025-10-28,144.2403,0,1,0.5745375,-0.010106745479592005
State Street Health Care Select Sector SPDR ETF,2025-10-29,142.7825,1,1,0.6316433,0.0022229614973823253
State Street Health Care Select Sector SPDR ETF,2025-10-30,143.0999,0,1,0.72535706,-0.00034661100392097133
State Street Health Care Select Sector SPDR ETF,2025-10-31,143.0503,1,1,0.65296304,0.0013862256842525067
State Street Health Care Select Sector SPDR ETF,2025-11-03,143.2486,1,1,0.6019786,0.004499869457711858
State Street Health Care Select Sector SPDR ETF,2025-11-04,143.8932,1,1,0.759437,0.003859112174863011
State Street Health Care Select Sector SPDR ETF,2025-11-05,144.4485,1,1,0.76400405,0.0019224844840894928
State Street Health Care Select Sector SPDR ETF,2025-11-06,144.7262,1,1,0.8227591,0.0013701734723912118
State Street Health Care Select Sector SPDR ETF,2025-11-07,144.9245,1,1,0.665593,0.007801303437307228
State Street Health Care Select Sector SPDR ETF,2025-11-10,146.0551,1,1,0.6529005,0.023085123354131154
State Street Health Care Select Sector SPDR ETF,2025-11-11,149.4268,1,0,0.44570354,0.014202271613927397
State Street Health Care Select Sector SPDR ETF,2025-11-12,151.549,0,1,0.5193699,-0.000523263103022864
State Street Health Care Select Sector SPDR ETF,2025-11-13,151.4697,0,1,0.62311023,-0.005958287367044179
State Street Health Care Select Sector SPDR ETF,2025-11-14,150.5672,0,1,0.7432304,-0.0008560961484308516
State Street Health Care Select Sector SPDR ETF,2025-11-17,150.4383,1,1,0.7207896,0.005866857043718143
State Street Health Care Select Sector SPDR ETF,2025-11-18,151.3209,0,1,0.5543945,-0.0017043250469697124
State Street Health Care Select Sector SPDR ETF,2025-11-19,151.063,0,1,0.54855496,-0.005973666615915252
State Street Health Care Select Sector SPDR ETF,2025-11-20,150.1606,1,0,0.42817003,0.021067443790181883
State Street Health Care Select Sector SPDR ETF,2025-11-21,153.3241,1,0,0.4617226,0.00420416620739994
State Street Health Care Select Sector SPDR ETF,2025-11-24,153.9687,1,0,0.49172378,0.022607192241020257
State Street Health Care Select Sector SPDR ETF,2025-11-25,157.4495,0,1,0.7184194,-0.002204516368740528
State Street Health Care Select Sector SPDR ETF,2025-11-26,157.1024,0,1,0.7424165,-0.004860524091293339
State Street Health Care Select Sector SPDR ETF,2025-11-28,156.3388,0,1,0.67415124,-0.014970052219922314
State Street Health Care Select Sector SPDR ETF,2025-12-01,153.9984,0,1,0.80985975,-0.005988373905183475
State Street Health Care Select Sector SPDR ETF,2025-12-02,153.0762,1,1,0.5974765,0.004664343640618185
State Street Health Care Select Sector SPDR ETF,2025-12-03,153.7902,0,1,0.612665,-0.007609067417819859
State Street Health Care Select Sector SPDR ETF,2025-12-04,152.62,0,1,0.8502536,-0.004158694797536389
State Street Health Care Select Sector SPDR ETF,2025-12-05,151.9853,0,1,0.8071622,-0.011940628468674164
State Street Health Care Select Sector SPDR ETF,2025-12-08,150.1705,0,1,0.65860194,-0.009706966414841922
State Street Health Care Select Sector SPDR ETF,2025-12-09,148.7128,1,1,0.727435,0.014536744651435507
State Street Health Care Select Sector SPDR ETF,2025-12-10,150.8746,1,1,0.5817627,0.009465476627609881
State Street Health Care Select Sector SPDR ETF,2025-12-11,152.3027,1,1,0.52452457,0.003125354967443039
State Street Health Care Select Sector SPDR ETF,2025-12-12,152.7787,1,0,0.43406108,0.013241374615702517
State Street Health Care Select Sector SPDR ETF,2025-12-15,154.8017,0,0,0.4758742,-0.013004379150875045
State Street Health Care Select Sector SPDR ETF,2025-12-16,152.7886,0,1,0.6575226,-0.001817543979066527
State Street Health Care Select Sector SPDR ETF,2025-12-17,152.5109,1,1,0.80961055,0.0007802720985843337
State Street Health Care Select Sector SPDR ETF,2025-12-18,152.6299,1,1,0.8178574,0.006692659826154745
State Street Health Care Select Sector SPDR ETF,2025-12-19,153.6514,1,1,0.6488342,0.006591544235848179
State Street Health Care Select Sector SPDR ETF,2025-12-22,154.6642,0,1,0.59979576,-0.0019959370041676694
State Street Health Care Select Sector SPDR ETF,2025-12-23,154.3555,1,1,0.54655164,0.005225599346962095
State Street Health Care Select Sector SPDR ETF,2025-12-24,155.1621,1,1,0.70779896,0.0016047733306006062
State Street Health Care Select Sector SPDR ETF,2025-12-26,155.4111,0,1,0.88109237,-0.0015378566910601021
State Street Health Care Select Sector SPDR ETF,2025-12-29,155.1721,0,1,0.8437852,-0.0008345572432157944
State Street Health Care Select Sector SPDR ETF,2025-12-30,155.0426,0,1,0.8225065,-0.005652639984107477
State Street Health Care Select Sector SPDR ETF,2025-12-31,154.1662,1,1,0.71030194,0.004586608478382326
State Street Health Care Select Sector SPDR ETF,2026-01-02,154.8733,0,1,0.75029397,-0.0030224706259890377
State Street Health Care Select Sector SPDR ETF,2026-01-05,154.4052,1,1,0.628601,0.019672264923720206
State Street Health Care Select Sector SPDR ETF,2026-01-06,157.4427,1,1,0.67831576,0.00993123212444913
State Street Health Care Select Sector SPDR ETF,2026-01-07,159.0063,0,1,0.6503281,-0.009645529768317451
State Street Health Care Select Sector SPDR ETF,2026-01-08,157.4726,0,1,0.7099211,-0.005122160934664222
State Street Health Care Select Sector SPDR ETF,2026-01-09,156.666,1,1,0.7269496,0.0004448955101936658
State Street Health Care Select Sector SPDR ETF,2026-01-12,156.7357,0,1,0.63327974,-0.004066718686298154
State Street Health Care Select Sector SPDR ETF,2026-01-13,156.0983,1,1,0.78024507,0.007145497420535607
State Street Health Care Select Sector SPDR ETF,2026-01-14,157.2137,0,1,0.82847166,-0.005701157087454778
State Street Health Care Select Sector SPDR ETF,2026-01-15,156.3174,0,1,0.87995505,-0.0077726471909077555
State Street Health Care Select Sector SPDR ETF,2026-01-16,155.1024,0,1,0.81347114,-0.002183073891828813
State Street Health Care Select Sector SPDR ETF,2026-01-20,154.7638,1,1,0.6955899,0.018404174619646163
State Street Health Care Select Sector SPDR ETF,2026-01-21,157.6121,1,1,0.5619968,0.0001890717781185547
State Street Health Care Select Sector SPDR ETF,2026-01-22,157.6419,0,1,0.6342894,-0.005116659974283455
State Street Health Care Select Sector SPDR ETF,2026-01-23,156.8353,1,1,0.57229483,0.003936613759784935
State Street Health Care Select Sector SPDR ETF,2026-01-26,157.4527,0,1,0.66180766,-0.01676122416446324
State Street Health Care Select Sector SPDR ETF,2026-01-27,154.8136,0,1,0.809005,-0.00733398099391791
State Street Health Care Select Sector SPDR ETF,2026-01-28,153.6782,0,1,0.8981453,-0.003175466656949344
State Street Health Care Select Sector SPDR ETF,2026-01-29,153.1902,1,1,0.80796605,0.005981453121674862
State Street Health Care Select Sector SPDR ETF,2026-01-30,154.1065,1,0,0.4317195,0.006139260835850591
State Street Health Care Select Sector SPDR ETF,2026-02-02,155.0526,0,0,0.3044087,-0.010212663315545933
State Street Health Care Select Sector SPDR ETF,2026-02-03,153.4691,1,1,0.7272719,0.012524345291658134
State Street Health Care Select Sector SPDR ETF,2026-02-04,155.3912,0,1,0.6829538,-0.0076265580032846
State Street Health Care Select Sector SPDR ETF,2026-02-05,154.2061,1,1,0.75434476,0.018534934739935727
State Street Health Care Select Sector SPDR ETF,2026-02-06,157.0643,0,1,0.78968745,-0.008813587810851953
State Street Health Care Select Sector SPDR ETF,2026-02-09,155.68,0,1,0.5629616,-0.006332862281603346
State Street Health Care Select Sector SPDR ETF,2026-02-10,154.6941,1,0,0.46452954,0.005922656390903169
State Street Health Care Select Sector SPDR ETF,2026-02-11,155.6103,0,0,0.29424602,-0.0016001511468071161
State Street Health Care Select Sector SPDR ETF,2026-02-12,155.3613,1,1,0.5582054,0.010705368711513064
State Street Health Care Select Sector SPDR ETF,2026-02-13,157.0245,0,1,0.7600846,-0.0019028877659218457
State Street Health Care Select Sector SPDR ETF,2026-02-17,156.7257,1,1,0.7302941,0.001906515651230123
State Street Health Care Select Sector SPDR ETF,2026-02-18,157.0245,0,1,0.8159675,-0.0026008680174113286
State Street Health Care Select Sector SPDR ETF,2026-02-19,156.6161,0,1,0.6431275,-0.0027972858473681583
State Street Health Care Select Sector SPDR ETF,2026-02-20,156.178,1,1,0.57746667,0.01096761387647427
State Street Health Care Select Sector SPDR ETF,2026-02-23,157.8909,0,1,0.656832,-0.004225702684575117
State Street Health Care Select Sector SPDR ETF,2026-02-24,157.2237,0,1,0.6325696,-0.00025377853338914846
State Street Health Care Select Sector SPDR ETF,2026-02-25,157.1838,0,1,0.7034535,-0.0025975959354589406
State Street Health Care Select Sector SPDR ETF,2026-02-26,156.7755,1,0,0.46101394,0.017659647074957485
State Street Health Care Select Sector SPDR ETF,2026-02-27,159.5441,0,0,0.45263332,-0.010424077104700169
State Street Health Care Select Sector SPDR ETF,2026-03-02,157.881,0,1,0.5575358,-0.011291415686498052
State Street Health Care Select Sector SPDR ETF,2026-03-03,156.0983,1,1,0.84644073,0.0019776000122999626
State Street Health Care Select Sector SPDR ETF,2026-03-04,156.407,0,1,0.8694785,-0.019993350681235533
State Street Health Care Select Sector SPDR ETF,2026-03-05,153.2799,0,1,0.7618603,-0.00786208759269802
State Street Health Care Select Sector SPDR ETF,2026-03-06,152.0748,1,1,0.66591084,0.01021602527177401
State Street Health Care Select Sector SPDR ETF,2026-03-09,153.6284,0,0,0.4793024,-0.007195284205264163
State Street Health Care Select Sector SPDR ETF,2026-03-10,152.523,0,1,0.5023575,-0.0019590487991975047
State Street Health Care Select Sector SPDR ETF,2026-03-11,152.2242,0,1,0.59826463,-0.01759904141391444
State Street Health Care Select Sector SPDR ETF,2026-03-12,149.5452,0,1,0.60742337,-0.002464137932879029
State Street Health Care Select Sector SPDR ETF,2026-03-13,149.1767,1,1,0.7064543,0.008144703562955602
State Street Health Care Select Sector SPDR ETF,2026-03-16,150.3917,0,1,0.6676093,-0.009071644246324673
State Street Health Care Select Sector SPDR ETF,2026-03-17,149.0274,0,1,0.8302261,-0.016706994821086618
State Street Health Care Select Sector SPDR ETF,2026-03-18,146.5376,0,0,0.41655836,-0.003601805952874737
State Street Health Care Select Sector SPDR ETF,2026-03-19,146.0098,0,0,0.15014102,-0.008730920801206521
State Street Health Care Select Sector SPDR ETF,2026-03-20,144.735,1,0,0.20649682,0.00024182125954319567
State Street Health Care Select Sector SPDR ETF,2026-03-23,144.77,1,0,0.46930206,0.00013815016923390822
State Street Health Care Select Sector SPDR ETF,2026-03-24,144.79,1,1,0.54116964,0.010014503764072202
State Street Health Care Select Sector SPDR ETF,2026-03-25,146.24,0,0,0.45816854,-0.0034190371991247304
State Street Health Care Select Sector SPDR ETF,2026-03-26,145.74,0,0,0.18311928,-0.017016604912858613
State Street Health Care Select Sector SPDR ETF,2026-03-27,143.26,1,1,0.5482402,0.0039089766857463015
State Street Health Care Select Sector SPDR ETF,2026-03-30,143.82,1,1,0.52188,0.01939924906132684
State Street Health Care Select Sector SPDR ETF,2026-03-31,146.61,1,1,0.68480283,0.007639315189959639
State Street Health Care Select Sector SPDR ETF,2026-04-01,147.73,0,1,0.5012313,-0.006227577337033718
State Street Health Care Select Sector SPDR ETF,2026-04-02,146.81,0,1,0.57127815,-0.0036101083032491488
State Street Health Care Select Sector SPDR ETF,2026-04-06,146.28,1,1,0.7967842,0.0019824993163795046
State Street Health Care Select Sector SPDR ETF,2026-04-07,146.57,1,1,0.76656675,0.021150303609196897
State Street Health Care Select Sector SPDR ETF,2026-04-08,149.67,0,1,0.6142876,-0.002271664328188483
State Street Health Care Select Sector SPDR ETF,2026-04-09,149.33,0,1,0.8162278,-0.01352708765820676
State Street Health Care Select Sector SPDR ETF,2026-04-10,147.31,1,1,0.86200833,0.004480347566356624
State Street Health Care Select Sector SPDR ETF,2026-04-13,147.97,1,1,0.75295156,0.005811988916672339
State Street Health Care Select Sector SPDR ETF,2026-04-14,148.83,0,1,0.69602484,-0.007122219982530376
State Street Health Care Select Sector SPDR ETF,2026-04-15,147.77,0,1,0.716332,-0.007850037220003991
State Street Health Care Select Sector SPDR ETF,2026-04-16,146.61,1,1,0.7069642,0.014937589523224881
State Street Health Care Select Sector SPDR ETF,2026-04-17,148.8,0,1,0.6595607,-0.00927419354838721
State Street Health Care Select Sector SPDR ETF,2026-04-20,147.42,0,1,0.6286678,-0.010175010175010213
State Street Health Care Select Sector SPDR ETF,2026-04-21,145.92,1,1,0.5588288,0.003152412280701844
State Street Health Care Select Sector SPDR ETF,2026-04-22,146.38,0,1,0.5381669,-0.0009564148107663595
State Street Health Care Select Sector SPDR ETF,2026-04-23,146.24,0,0,0.48029423,-0.014086433260393938
State Street Health Care Select Sector SPDR ETF,2026-04-24,144.18,0,0,0.46142265,-0.004993757802746579
State Street Health Care Select Sector SPDR ETF,2026-04-27,143.46,1,0,0.47202864,0.0026488219712812455
State Street Health Care Select Sector SPDR ETF,2026-04-28,143.84,0,1,0.51822585,-0.006952169076752002
State Street Health Care Select Sector SPDR ETF,2026-04-29,142.84,1,1,0.545392,0.0220526463175581
State Street Health Care Select Sector SPDR ETF,2026-04-30,145.99,0,0,0.3735857,0.0
State Street Health Care Select Sector SPDR ETF,2026-04-30,145.99,0,1,0.63524455,-0.005685320912391378
State Street Health Care Select Sector SPDR ETF,2026-05-01,145.16,0,0,0.34002778,0.0
State Street Health Care Select Sector SPDR ETF,2026-05-01,145.16,0,0,0.4126937,0.0
State Street Health Care Select Sector SPDR ETF,2026-05-01,145.16,0,1,0.7839568,-0.002962248553320501
State Street Health Care Select Sector SPDR ETF,2026-05-04,144.73,1,1,0.89552045,0.003938367995578229
State Street Health Care Select Sector SPDR ETF,2026-05-05,145.3,1,1,0.6767465,0.0006882312456986117
State Street Health Care Select Sector SPDR ETF,2026-05-06,145.4,0,0,0.34075472,-0.004676753782668519
State Street Health Care Select Sector SPDR ETF,2026-05-07,144.72,0,1,0.75930655,-0.00849917081260354
State Street Health Care Select Sector SPDR ETF,2026-05-08,143.49,0,1,0.9228065,0.0
State Street Health Care Select Sector SPDR ETF,2026-05-08,143.49,0,1,0.8363854,0.0
State Street Consumer Discretionary Select Sector SPDR ETF,2025-06-05,103.9038,1,1,0.68404466,0.012986050558304818
State Street Consumer Discretionary Select Sector SPDR ETF,2025-06-06,105.2531,1,1,0.6504615,0.008012115557641586
State Street Consumer Discretionary Select Sector SPDR ETF,2025-06-09,106.0964,1,1,0.68531924,0.011970245927288792
State Street Consumer Discretionary Select Sector SPDR ETF,2025-06-10,107.3664,0,1,0.56333464,-0.0079009820577014
State Street Consumer Discretionary Select Sector SPDR ETF,2025-06-11,106.5181,0,1,0.6846764,-0.004703425990512433
State Street Consumer Discretionary Select Sector SPDR ETF,2025-06-12,106.0171,0,0,0.44284865,-0.009218324213735363
State Street Consumer Discretionary Select Sector SPDR ETF,2025-06-13,105.0398,1,0,0.32159805,0.010767347234096114
State Street Consumer Discretionary Select Sector SPDR ETF,2025-06-16,106.1708,0,0,0.43471238,-0.017241087003206146
State Street Consumer Discretionary Select Sector SPDR ETF,2025-06-17,104.3403,1,1,0.7818385,0.000475367619222844
State Street Consumer Discretionary Select Sector SPDR ETF,2025-06-18,104.3899,1,1,0.7032924,0.0011878543805483588
State Street Consumer Discretionary Select Sector SPDR ETF,2025-06-20,104.5139,1,1,0.5672484,0.019821286929298187
State Street Consumer Discretionary Select Sector SPDR ETF,2025-06-23,106.5855,1,1,0.53652215,0.005550473563477265
State Street Consumer Discretionary Select Sector SPDR ETF,2025-06-24,107.1771,0,1,0.69247353,-0.01178143465348469
State Street Consumer Discretionary Select Sector SPDR ETF,2025-06-25,105.9144,1,1,0.57984924,0.009198938010317681
State Street Consumer Discretionary Select Sector SPDR ETF,2025-06-26,106.8887,1,1,0.7036352,0.016650964975717608
State Street Consumer Discretionary Select Sector SPDR ETF,2025-06-27,108.6685,0,1,0.7091449,-0.005764319927117678
State Street Consumer Discretionary Select Sector SPDR ETF,2025-06-30,108.0421,1,1,0.60395765,0.004278887581785185
State Street Consumer Discretionary Select Sector SPDR ETF,2025-07-01,108.5044,1,1,0.518466,0.008018108021425663
State Street Consumer Discretionary Select Sector SPDR ETF,2025-07-02,109.3744,1,1,0.75055903,0.00545465849412663
State Street Consumer Discretionary Select Sector SPDR ETF,2025-07-03,109.971,0,1,0.77417463,-0.012703349064753455
State Street Consumer Discretionary Select Sector SPDR ETF,2025-07-07,108.574,0,1,0.82370764,-0.003387551347468154
State Street Consumer Discretionary Select Sector SPDR ETF,2025-07-08,108.2062,1,1,0.60750026,0.005926647456430345
State Street Consumer Discretionary Select Sector SPDR ETF,2025-07-09,108.8475,1,0,0.39710972,0.011052160132295263
State Street Consumer Discretionary Select Sector SPDR ETF,2025-07-10,110.0505,1,0,0.2765462,0.000270784776080113
State Street Consumer Discretionary Select Sector SPDR ETF,2025-07-11,110.0803,1,0,0.431603,0.003703659964589434
State Street Consumer Discretionary Select Sector SPDR ETF,2025-07-14,110.488,0,1,0.53322446,-0.014308341177322381
State Street Consumer Discretionary Select Sector SPDR ETF,2025-07-15,108.9071,1,1,0.5019004,0.0018263272091534333
State Street Consumer Discretionary Select Sector SPDR ETF,2025-07-16,109.106,1,1,0.7291721,0.003416860667607713
State Street Consumer Discretionary Select Sector SPDR ETF,2025-07-17,109.4788,1,1,0.76005,0.008854682367727795
State Street Consumer Discretionary Select Sector SPDR ETF,2025-07-18,110.4482,1,1,0.6624884,0.0047261974391614725
State Street Consumer Discretionary Select Sector SPDR ETF,2025-07-21,110.9702,1,1,0.6851257,0.010124339687591632
State Street Consumer Discretionary Select Sector SPDR ETF,2025-07-22,112.0937,1,0,0.367086,0.004746029437872057
State Street Consumer Discretionary Select Sector SPDR ETF,2025-07-23,112.6257,0,0,0.3698955,-0.016553060269547726
State Street Consumer Discretionary Select Sector SPDR ETF,2025-07-24,110.7614,1,0,0.38533714,0.009291142943299802
State Street Consumer Discretionary Select Sector SPDR ETF,2025-07-25,111.7905,1,0,0.26792356,0.0058251819251189385
State Street Consumer Discretionary Select Sector SPDR ETF,2025-07-28,112.4417,0,0,0.46986154,-0.0068969074640458095
State Street Consumer Discretionary Select Sector SPDR ETF,2025-07-29,111.6662,0,1,0.77552557,-0.006321518955601624
State Street Consumer Discretionary Select Sector SPDR ETF,2025-07-30,110.9603,0,1,0.7987402,-0.00793076442655627
State Street Consumer Discretionary Select Sector SPDR ETF,2025-07-31,110.0803,0,0,0.40870568,-0.024116031660524118
State Street Consumer Discretionary Select Sector SPDR ETF,2025-08-01,107.4256,1,0,0.21017116,0.011755112375448684
State Street Consumer Discretionary Select Sector SPDR ETF,2025-08-04,108.6884,1,0,0.2402008,0.0012807254500020182
State Street Consumer Discretionary Select Sector SPDR ETF,2025-08-05,108.8276,1,1,0.6802218,0.020784249583745362
State Street Consumer Discretionary Select Sector SPDR ETF,2025-08-06,111.0895,0,1,0.7738502,-0.0003132609292507693
State Street Consumer Discretionary Select Sector SPDR ETF,2025-08-07,111.0547,1,1,0.78793734,0.001745986437314162
State Street Consumer Discretionary Select Sector SPDR ETF,2025-08-08,111.2486,1,1,0.78626585,0.002591493286207669
State Street Consumer Discretionary Select Sector SPDR ETF,2025-08-11,111.5369,1,1,0.7972319,0.010608148514079208
State Street Consumer Discretionary Select Sector SPDR ETF,2025-08-12,112.7201,1,1,0.7139425,0.013716275979173131
State Street Consumer Discretionary Select Sector SPDR ETF,2025-08-13,114.2662,0,1,0.6099523,-0.0011306930658410153
State Street Consumer Discretionary Select Sector SPDR ETF,2025-08-14,114.137,0,1,0.5668718,-0.0023962431113486726
State Street Consumer Discretionary Select Sector SPDR ETF,2025-08-15,113.8635,1,0,0.43579987,0.004017090639230281
State Street Consumer Discretionary Select Sector SPDR ETF,2025-08-18,114.3209,0,0,0.2805903,-0.0004784776886815889
State Street Consumer Discretionary Select Sector SPDR ETF,2025-08-19,114.2662,0,0,0.39987105,-0.00987606133747343
State Street Consumer Discretionary Select Sector SPDR ETF,2025-08-20,113.1377,0,1,0.6490966,-0.005931709766063831
State Street Consumer Discretionary Select Sector SPDR ETF,2025-08-21,112.4666,1,1,0.7475163,0.030367237917746204
State Street Consumer Discretionary Select Sector SPDR ETF,2025-08-22,115.8819,0,1,0.7315088,-0.0020167083901799776
State Street Consumer Discretionary Select Sector SPDR ETF,2025-08-25,115.6482,1,1,0.8169357,0.004600158065581672
State Street Consumer Discretionary Select Sector SPDR ETF,2025-08-26,116.1802,1,1,0.75030637,0.00021346150204593073
State Street Consumer Discretionary Select Sector SPDR ETF,2025-08-27,116.205,1,1,0.6419202,0.0017116303085065177
State Street Consumer Discretionary Select Sector SPDR ETF,2025-08-28,116.4039,0,0,0.42671904,-0.010292610470954977
State Street Consumer Discretionary Select Sector SPDR ETF,2025-08-29,115.2058,0,1,0.6662311,-0.007465769952554546
State Street Consumer Discretionary Select Sector SPDR ETF,2025-09-02,114.3457,1,1,0.7740161,0.004043877469813051
State Street Consumer Discretionary Select Sector SPDR ETF,2025-09-03,114.8081,1,1,0.7904401,0.018273100939742104
State Street Consumer Discretionary Select Sector SPDR ETF,2025-09-04,116.906,0,1,0.7904823,-0.00021299163430454904
State Street Consumer Discretionary Select Sector SPDR ETF,2025-09-05,116.8811,1,1,0.8379922,0.0038706001226886944
State Street Consumer Discretionary Select Sector SPDR ETF,2025-09-08,117.3335,0,1,0.72512347,-0.0013977252873220714
State Street Consumer Discretionary Select Sector SPDR ETF,2025-09-09,117.1695,0,1,0.75324184,-0.011965571245076578
State Street Consumer Discretionary Select Sector SPDR ETF,2025-09-10,115.7675,1,1,0.65249115,0.01945364631697144
State Street Consumer Discretionary Select Sector SPDR ETF,2025-09-11,118.0196,1,0,0.45322528,0.00518134276001625
State Street Consumer Discretionary Select Sector SPDR ETF,2025-09-12,118.6311,1,1,0.68781656,0.008673948062523307
State Street Consumer Discretionary Select Sector SPDR ETF,2025-09-15,119.6601,1,1,0.70743746,0.006149083946946465
State Street Consumer Discretionary Select Sector SPDR ETF,2025-09-16,120.3959,0,1,0.7399632,-0.0025191887763619247
State Street Consumer Discretionary Select Sector SPDR ETF,2025-09-17,120.0926,0,1,0.54148704,-0.004512351302245032
State Street Consumer Discretionary Select Sector SPDR ETF,2025-09-18,119.5507,1,1,0.5982645,0.0037841685577750805
State Street Consumer Discretionary Select Sector SPDR ETF,2025-09-19,120.0031,0,1,0.77441955,-0.0032574158500905392
State Street Consumer Discretionary Select Sector SPDR ETF,2025-09-22,119.6122,0,1,0.82945585,-0.009409575277438242
State Street Consumer Discretionary Select Sector SPDR ETF,2025-09-23,118.4867,1,1,0.7676855,0.007061552056053522
State Street Consumer Discretionary Select Sector SPDR ETF,2025-09-24,119.3234,0,1,0.8045005,-0.014107040194966003
State Street Consumer Discretionary Select Sector SPDR ETF,2025-09-25,117.6401,1,1,0.7712085,0.014773873874639687
State Street Consumer Discretionary Select Sector SPDR ETF,2025-09-26,119.3781,1,1,0.6678053,0.004380200388513389
State Street Consumer Discretionary Select Sector SPDR ETF,2025-09-29,119.901,0,1,0.71205556,-0.004651337353316465
State Street Consumer Discretionary Select Sector SPDR ETF,2025-09-30,119.3433,1,1,0.8307057,0.006259253766235817
State Street Consumer Discretionary Select Sector SPDR ETF,2025-10-01,120.0903,0,1,0.7640805,-0.007216236448739033
State Street Consumer Discretionary Select Sector SPDR ETF,2025-10-02,119.2237,0,1,0.79238933,-0.006432445897921246
State Street Consumer Discretionary Select Sector SPDR ETF,2025-10-03,118.4568,1,0,0.41314268,0.00857696645528172
State Street Consumer Discretionary Select Sector SPDR ETF,2025-10-06,119.4728,0,1,0.50106823,-0.017507750718155135
State Street Consumer Discretionary Select Sector SPDR ETF,2025-10-07,117.3811,1,1,0.61946976,0.0029698137093618904
State Street Consumer Discretionary Select Sector SPDR ETF,2025-10-08,117.7297,0,0,0.31308937,-0.004991094006015384
State Street Consumer Discretionary Select Sector SPDR ETF,2025-10-09,117.1421,0,1,0.5979399,-0.027506763153469116
State Street Consumer Discretionary Select Sector SPDR ETF,2025-10-10,113.9199,1,1,0.6412395,0.022339380564765143
State Street Consumer Discretionary Select Sector SPDR ETF,2025-10-13,116.4648,1,0,0.24057728,0.0020950536127652963
State Street Consumer Discretionary Select Sector SPDR ETF,2025-10-14,116.7088,1,1,0.61291504,0.0014506189764611488
State Street Consumer Discretionary Select Sector SPDR ETF,2025-10-15,116.8781,0,1,0.91673964,-0.009672470719493176
State Street Consumer Discretionary Select Sector SPDR ETF,2025-10-16,115.7476,1,1,0.86681354,0.008605793986225185
State Street Consumer Discretionary Select Sector SPDR ETF,2025-10-17,116.7437,1,0,0.27602732,0.007934475265046315
State Street Consumer Discretionary Select Sector SPDR ETF,2025-10-20,117.67,1,0,0.45765254,0.01223081499107681
State Street Consumer Discretionary Select Sector SPDR ETF,2025-10-21,119.1092,0,0,0.17006287,-0.007818875452106244
State Street Consumer Discretionary Select Sector SPDR ETF,2025-10-22,118.1779,1,1,0.7139407,0.0045093033469034705
State Street Consumer Discretionary Select Sector SPDR ETF,2025-10-23,118.7108,0,1,0.6859563,-0.0029786674843400585
State Street Consumer Discretionary Select Sector SPDR ETF,2025-10-24,118.3572,1,0,0.48979813,0.014390337047513801
State Street Consumer Discretionary Select Sector SPDR ETF,2025-10-27,120.0604,1,0,0.17869818,0.0002490413158708904
State Street Consumer Discretionary Select Sector SPDR ETF,2025-10-28,120.0903,0,0,0.44940495,-0.008252956317038151
State Street Consumer Discretionary Select Sector SPDR ETF,2025-10-29,119.0992,0,1,0.5821919,-0.022579496755645745
State Street Consumer Discretionary Select Sector SPDR ETF,2025-10-30,116.41,1,1,0.83398515,0.026438450304956618
State Street Consumer Discretionary Select Sector SPDR ETF,2025-10-31,119.4877,1,1,0.6960164,0.009377534256663989
State Street Consumer Discretionary Select Sector SPDR ETF,2025-11-03,120.6082,0,1,0.63550466,-0.016599203039262656
State Street Consumer Discretionary Select Sector SPDR ETF,2025-11-04,118.6062,1,1,0.8204093,0.012177272351698187
State Street Consumer Discretionary Select Sector SPDR ETF,2025-11-05,120.0505,0,1,0.7650017,-0.02310694249503331
State Street Consumer Discretionary Select Sector SPDR ETF,2025-11-06,117.2765,1,1,0.8640486,0.0015714998315945472
State Street Consumer Discretionary Select Sector SPDR ETF,2025-11-07,117.4608,1,1,0.5549522,0.01314310816885289
State Street Consumer Discretionary Select Sector SPDR ETF,2025-11-10,119.0046,1,1,0.69135827,0.00246965243360342
State Street Consumer Discretionary Select Sector SPDR ETF,2025-11-11,119.2985,0,0,0.40707394,-0.006720956256784483
State Street Consumer Discretionary Select Sector SPDR ETF,2025-11-12,118.4967,0,0,0.4574973,-0.02496440829153901
State Street Consumer Discretionary Select Sector SPDR ETF,2025-11-13,115.5385,0,1,0.71669865,-0.004784552335368786
State Street Consumer Discretionary Select Sector SPDR ETF,2025-11-14,114.9857,0,1,0.84406006,-0.009398559994851508
State Street Consumer Discretionary Select Sector SPDR ETF,2025-11-17,113.905,0,1,0.7060499,-0.01845046310521925
State Street Consumer Discretionary Select Sector SPDR ETF,2025-11-18,111.8034,1,0,0.41804084,4.472135910016384e-05
State Street Consumer Discretionary Select Sector SPDR ETF,2025-11-19,111.8084,0,0,0.32414153,-0.014921955774342632
State Street Consumer Discretionary Select Sector SPDR ETF,2025-11-20,110.14,1,0,0.42473823,0.019624114763028944
State Street Consumer Discretionary Select Sector SPDR ETF,2025-11-21,112.3014,1,0,0.4136711,0.013348008128126532
State Street Consumer Discretionary Select Sector SPDR ETF,2025-11-24,113.8004,1,0,0.30805826,0.021399749034274107
State Street Consumer Discretionary Select Sector SPDR ETF,2025-11-25,116.2357,1,1,0.7025034,0.006855036791622471
State Street Consumer Discretionary Select Sector SPDR ETF,2025-11-26,117.0325,1,1,0.75406903,0.0062128041356033226
State Street Consumer Discretionary Select Sector SPDR ETF,2025-11-28,117.7596,1,1,0.5678489,0.0005918838039531416
State Street Consumer Discretionary Select Sector SPDR ETF,2025-12-01,117.8293,0,1,0.82443357,-0.0006764022191424468
State Street Consumer Discretionary Select Sector SPDR ETF,2025-12-02,117.7496,1,1,0.58955765,0.010785599271674773
State Street Consumer Discretionary Select Sector SPDR ETF,2025-12-03,119.0196,0,1,0.6093871,-0.003556557071272226
State Street Consumer Discretionary Select Sector SPDR ETF,2025-12-04,118.5963,1,1,0.89182615,0.005542331421806601
State Street Consumer Discretionary Select Sector SPDR ETF,2025-12-05,119.2536,0,1,0.78525215,-0.014532056055330811
State Street Consumer Discretionary Select Sector SPDR ETF,2025-12-08,117.5206,0,1,0.62235296,-8.509146481561203e-05
State Street Consumer Discretionary Select Sector SPDR ETF,2025-12-09,117.5106,1,1,0.70164067,0.014663358028977891
State Street Consumer Discretionary Select Sector SPDR ETF,2025-12-10,119.2337,1,1,0.537512,0.00392590349875932
State Street Consumer Discretionary Select Sector SPDR ETF,2025-12-11,119.7018,1,0,0.21829522,0.0043274203061274275
State Street Consumer Discretionary Select Sector SPDR ETF,2025-12-12,120.2198,1,0,0.2622815,0.008533536073092707
State Street Consumer Discretionary Select Sector SPDR ETF,2025-12-15,121.2457,1,0,0.42455512,0.0016429448631993804
State Street Consumer Discretionary Select Sector SPDR ETF,2025-12-16,121.4449,0,1,0.7400459,-0.01156409202856612
State Street Consumer Discretionary Select Sector SPDR ETF,2025-12-17,120.0405,1,1,0.9171012,0.015100736834651629
State Street Consumer Discretionary Select Sector SPDR ETF,2025-12-18,121.8532,0,1,0.90644765,-0.004004818913249664
State Street Consumer Discretionary Select Sector SPDR ETF,2025-12-19,121.3652,1,1,0.7115379,0.0060107839809104835
State Street Consumer Discretionary Select Sector SPDR ETF,2025-12-22,122.0947,0,1,0.55326855,-0.0013890856851280775
State Street Consumer Discretionary Select Sector SPDR ETF,2025-12-23,121.9251,1,0,0.38295826,0.0034373562129537127
State Street Consumer Discretionary Select Sector SPDR ETF,2025-12-24,122.3442,0,1,0.67833596,-0.004404785841911618
State Street Consumer Discretionary Select Sector SPDR ETF,2025-12-26,121.8053,0,1,0.89685243,-0.00983208448236661
State Street Consumer Discretionary Select Sector SPDR ETF,2025-12-29,120.6077,0,1,0.8834036,-0.00405446750083116
State Street Consumer Discretionary Select Sector SPDR ETF,2025-12-30,120.1187,0,1,0.8564943,-0.007893025815297827
State Street Consumer Discretionary Select Sector SPDR ETF,2025-12-31,119.1706,0,1,0.57637995,-0.008877189508150418
State Street Consumer Discretionary Select Sector SPDR ETF,2026-01-02,118.1127,1,1,0.6894441,0.016476636297366953
State Street Consumer Discretionary Select Sector SPDR ETF,2026-01-05,120.0588,1,1,0.58893234,0.006401030161887311
State Street Consumer Discretionary Select Sector SPDR ETF,2026-01-06,120.8273,0,1,0.7556653,-0.0014044839204384596
State Street Consumer Discretionary Select Sector SPDR ETF,2026-01-07,120.6576,1,1,0.7476453,0.01670843776106934
State Street Consumer Discretionary Select Sector SPDR ETF,2026-01-08,122.6736,1,1,0.7354164,0.01212159747492536
State Street Consumer Discretionary Select Sector SPDR ETF,2026-01-09,124.1606,1,1,0.689236,0.0008843385099619461
State Street Consumer Discretionary Select Sector SPDR ETF,2026-01-12,124.2704,0,1,0.5993121,-0.0024897320681352975
State Street Consumer Discretionary Select Sector SPDR ETF,2026-01-13,123.961,0,1,0.77773464,-0.01577996305289564
State Street Consumer Discretionary Select Sector SPDR ETF,2026-01-14,122.0049,1,1,0.89077413,0.003680999697553089
State Street Consumer Discretionary Select Sector SPDR ETF,2026-01-15,122.454,0,1,0.90104026,-0.0032599996733466696
State Street Consumer Discretionary Select Sector SPDR ETF,2026-01-16,122.0548,0,1,0.774519,-0.026001435420810903
State Street Consumer Discretionary Select Sector SPDR ETF,2026-01-20,118.8812,1,1,0.72160965,0.019140116351449965
State Street Consumer Discretionary Select Sector SPDR ETF,2026-01-21,121.1566,1,1,0.51275283,0.010049803312407235
State Street Consumer Discretionary Select Sector SPDR ETF,2026-01-22,122.3742,1,1,0.5688792,0.00415855629699724
State Street Consumer Discretionary Select Sector SPDR ETF,2026-01-23,122.8831,0,0,0.4967488,-0.006577796295829108
State Street Consumer Discretionary Select Sector SPDR ETF,2026-01-26,122.0748,1,1,0.72972673,0.003024375219127906
State Street Consumer Discretionary Select Sector SPDR ETF,2026-01-27,122.444,0,1,0.8271854,-0.007498121590278073
State Street Consumer Discretionary Select Sector SPDR ETF,2026-01-28,121.5259,0,1,0.9201749,-0.004763593604326211
State Street Consumer Discretionary Select Sector SPDR ETF,2026-01-29,120.947,0,1,0.7702864,-0.0001645348789139911
State Street Consumer Discretionary Select Sector SPDR ETF,2026-01-30,120.9271,1,0,0.26636192,0.006602324871761489
State Street Consumer Discretionary Select Sector SPDR ETF,2026-02-02,121.7255,0,0,0.21945022,-0.00803529252293067
State Street Consumer Discretionary Select Sector SPDR ETF,2026-02-03,120.7474,0,1,0.77153295,-0.00735585196865518
State Street Consumer Discretionary Select Sector SPDR ETF,2026-02-04,119.8592,0,1,0.8208555,-0.021565303289192705
State Street Consumer Discretionary Select Sector SPDR ETF,2026-02-05,117.2744,1,1,0.8446396,0.004084437865382373
State Street Consumer Discretionary Select Sector SPDR ETF,2026-02-06,117.7534,0,1,0.8110802,-0.003728979375542396
State Street Consumer Discretionary Select Sector SPDR ETF,2026-02-09,117.3143,1,0,0.48642993,0.006636019649778335
State Street Consumer Discretionary Select Sector SPDR ETF,2026-02-10,118.0928,0,0,0.368563,-0.00481739784305224
State Street Consumer Discretionary Select Sector SPDR ETF,2026-02-11,117.5239,0,0,0.30695072,-0.013841439911371212
State Street Consumer Discretionary Select Sector SPDR ETF,2026-02-12,115.8972,1,1,0.70307297,0.000430553973693959
State Street Consumer Discretionary Select Sector SPDR ETF,2026-02-13,115.9471,0,1,0.91128516,-0.0012048598024444468
State Street Consumer Discretionary Select Sector SPDR ETF,2026-02-17,115.8074,1,1,0.79140896,0.008445056188119082
State Street Consumer Discretionary Select Sector SPDR ETF,2026-02-18,116.7854,0,1,0.7911918,-0.006665216713732991
State Street Consumer Discretionary Select Sector SPDR ETF,2026-02-19,116.007,1,1,0.59371805,0.010408854638082055
State Street Consumer Discretionary Select Sector SPDR ETF,2026-02-20,117.2145,0,0,0.3875588,-0.02094450771875489
State Street Consumer Discretionary Select Sector SPDR ETF,2026-02-23,114.7595,1,1,0.73094887,0.01521878363011342
State Street Consumer Discretionary Select Sector SPDR ETF,2026-02-24,116.506,1,1,0.80879164,0.0029981288517328952
State Street Consumer Discretionary Select Sector SPDR ETF,2026-02-25,116.8553,0,1,0.84912354,-0.0003423036866962992
State Street Consumer Discretionary Select Sector SPDR ETF,2026-02-26,116.8153,0,0,0.38614368,-0.0016230750595169763
State Street Consumer Discretionary Select Sector SPDR ETF,2026-02-27,116.6257,0,1,0.53113836,-0.012322326897073244
State Street Consumer Discretionary Select Sector SPDR ETF,2026-03-02,115.1886,0,1,0.64848447,-0.00918406856234033
State Street Consumer Discretionary Select Sector SPDR ETF,2026-03-03,114.1307,1,1,0.9015929,0.017751577796333518
State Street Consumer Discretionary Select Sector SPDR ETF,2026-03-04,116.1567,1,1,0.8825766,0.0013740059764093537
State Street Consumer Discretionary Select Sector SPDR ETF,2026-03-05,116.3163,0,1,0.512849,-0.018103223709832528
State Street Consumer Discretionary Select Sector SPDR ETF,2026-03-06,114.2106,1,0,0.37608737,0.0013107364815525546
State Street Consumer Discretionary Select Sector SPDR ETF,2026-03-09,114.3603,0,1,0.61862177,-0.0013090207003654264
State Street Consumer Discretionary Select Sector SPDR ETF,2026-03-10,114.2106,0,1,0.6904793,-0.0026214729631049982
State Street Consumer Discretionary Select Sector SPDR ETF,2026-03-11,113.9112,0,1,0.6330124,-0.022954722626045476
State Street Consumer Discretionary Select Sector SPDR ETF,2026-03-12,111.2964,0,0,0.3195686,-0.005918430425422616
State Street Consumer Discretionary Select Sector SPDR ETF,2026-03-13,110.6377,1,1,0.63871104,0.01208810378379166
State Street Consumer Discretionary Select Sector SPDR ETF,2026-03-16,111.9751,1,1,0.7824366,0.00873408463131553
State Street Consumer Discretionary Select Sector SPDR ETF,2026-03-17,112.9531,0,1,0.8648727,-0.023060898726993906
State Street Consumer Discretionary Select Sector SPDR ETF,2026-03-18,110.3483,0,1,0.50510854,-0.007867814909699566
State Street Consumer Discretionary Select Sector SPDR ETF,2026-03-19,109.4801,0,0,0.07581903,-0.017867174034367772
State Street Consumer Discretionary Select Sector SPDR ETF,2026-03-20,107.524,1,0,0.146661,0.024143447044380872
State Street Consumer Discretionary Select Sector SPDR ETF,2026-03-23,110.12,0,0,0.35620403,-0.0039956411187794805
State Street Consumer Discretionary Select Sector SPDR ETF,2026-03-24,109.68,1,1,0.559495,0.0095733041575492
State Street Consumer Discretionary Select Sector SPDR ETF,2026-03-25,110.73,0,0,0.40045172,-0.017158854872211693
State Street Consumer Discretionary Select Sector SPDR ETF,2026-03-26,108.83,0,0,0.22610414,-0.028944224937976548
State Street Consumer Discretionary Select Sector SPDR ETF,2026-03-27,105.68,0,1,0.785969,-0.0001892505677517642
State Street Consumer Discretionary Select Sector SPDR ETF,2026-03-30,105.66,1,0,0.4819678,0.031421540791217284
State Street Consumer Discretionary Select Sector SPDR ETF,2026-03-31,108.98,1,1,0.6594616,0.007524316388328067
State Street Consumer Discretionary Select Sector SPDR ETF,2026-04-01,109.8,0,1,0.62563354,-0.015027322404371546
State Street Consumer Discretionary Select Sector SPDR ETF,2026-04-02,108.15,1,0,0.42720068,0.008229311141932483
State Street Consumer Discretionary Select Sector SPDR ETF,2026-04-06,109.04,0,1,0.69314814,-0.011647101980924557
State Street Consumer Discretionary Select Sector SPDR ETF,2026-04-07,107.77,1,1,0.72070634,0.028301011413194743
State Street Consumer Discretionary Select Sector SPDR ETF,2026-04-08,110.82,1,1,0.5967248,0.017325392528424466
State Street Consumer Discretionary Select Sector SPDR ETF,2026-04-09,112.74,1,1,0.82484144,0.0013304949441192981
State Street Consumer Discretionary Select Sector SPDR ETF,2026-04-10,112.89,1,1,0.8802285,0.009123925945610845
State Street Consumer Discretionary Select Sector SPDR ETF,2026-04-13,113.92,1,1,0.66871774,0.022120786516854007
State Street Consumer Discretionary Select Sector SPDR ETF,2026-04-14,116.44,1,1,0.6418064,0.01494331844726915
State Street Consumer Discretionary Select Sector SPDR ETF,2026-04-15,118.18,0,1,0.65986127,-0.004653917752580949
State Street Consumer Discretionary Select Sector SPDR ETF,2026-04-16,117.63,1,1,0.6880646,0.023633426846892736
State Street Consumer Discretionary Select Sector SPDR ETF,2026-04-17,120.41,0,1,0.5684531,-0.00448467735237934
State Street Consumer Discretionary Select Sector SPDR ETF,2026-04-20,119.87,0,1,0.57381904,-0.007508133811629292
State Street Consumer Discretionary Select Sector SPDR ETF,2026-04-21,118.97,0,0,0.47388527,-0.0003362192149281018
State Street Consumer Discretionary Select Sector SPDR ETF,2026-04-22,118.93,0,0,0.45083362,-0.010005885815185467
State Street Consumer Discretionary Select Sector SPDR ETF,2026-04-23,117.74,1,0,0.4010089,0.00806862578562928
State Street Consumer Discretionary Select Sector SPDR ETF,2026-04-24,118.69,0,0,0.3740506,-0.007161513185609536
State Street Consumer Discretionary Select Sector SPDR ETF,2026-04-27,117.84,0,0,0.38989088,-0.0070434487440597104
State Street Consumer Discretionary Select Sector SPDR ETF,2026-04-28,117.01,0,0,0.4128428,-0.0014528672763012285
State Street Consumer Discretionary Select Sector SPDR ETF,2026-04-29,116.84,1,0,0.47559685,0.01292365628209513
State Street Consumer Discretionary Select Sector SPDR ETF,2026-04-30,118.35,0,0,0.30409488,0.0
State Street Consumer Discretionary Select Sector SPDR ETF,2026-04-30,118.35,1,1,0.7028825,0.0023658639628221234
State Street Consumer Discretionary Select Sector SPDR ETF,2026-05-01,118.63,0,0,0.42859536,0.0
State Street Consumer Discretionary Select Sector SPDR ETF,2026-05-01,118.63,0,0,0.45251888,0.0
State Street Consumer Discretionary Select Sector SPDR ETF,2026-05-01,118.63,0,1,0.8002124,-0.007670909550703819
State Street Consumer Discretionary Select Sector SPDR ETF,2026-05-04,117.72,1,1,0.91956615,0.002973156642881447
State Street Consumer Discretionary Select Sector SPDR ETF,2026-05-05,118.07,1,1,0.59246176,0.015245193529262346
State Street Consumer Discretionary Select Sector SPDR ETF,2026-05-06,119.87,1,0,0.27340445,8.342370901792684e-05
State Street Consumer Discretionary Select Sector SPDR ETF,2026-05-07,119.88,1,1,0.7515285,0.002669336002669498
State Street Consumer Discretionary Select Sector SPDR ETF,2026-05-08,120.2,0,1,0.9275587,0.0
State Street Consumer Discretionary Select Sector SPDR ETF,2026-05-08,120.2,0,1,0.82226235,0.0
