stock_id,Date,Close,y_true,y_pred,y_proba,y_return
AEX-Index,2025-06-04,924.01,1,1,0.5539534,0.001645003841949766
AEX-Index,2025-06-05,925.53,1,1,0.53315353,0.004754032824435761
AEX-Index,2025-06-06,929.93,1,1,0.5134088,0.0023442624713689852
AEX-Index,2025-06-09,932.11,1,1,0.551708,0.006994882578236439
AEX-Index,2025-06-10,938.63,0,1,0.59869826,-0.0033346473051149017
AEX-Index,2025-06-11,935.5,0,1,0.7192011,-0.005366114377338249
AEX-Index,2025-06-12,930.48,0,1,0.51753074,-0.008447253030693824
AEX-Index,2025-06-13,922.62,1,0,0.3576968,0.0025037393509785844
AEX-Index,2025-06-16,924.93,0,0,0.34884924,-0.004649000464900022
AEX-Index,2025-06-17,920.63,0,1,0.6082237,-0.003834330838664801
AEX-Index,2025-06-18,917.1,0,1,0.66115427,-0.008505070330389386
AEX-Index,2025-06-19,909.3,0,1,0.6582699,-0.0008578027053777193
AEX-Index,2025-06-20,908.52,1,1,0.7043932,0.009102716505965835
AEX-Index,2025-06-23,916.79,1,1,0.65151435,0.008540669073615614
AEX-Index,2025-06-24,924.62,0,0,0.43471098,-0.007311111591789099
AEX-Index,2025-06-25,917.86,0,0,0.47860253,-0.007811648835334362
AEX-Index,2025-06-26,910.69,1,1,0.64982843,0.010376747301496625
AEX-Index,2025-06-27,920.14,0,1,0.5723134,-0.00745538722368333
AEX-Index,2025-06-30,913.28,0,1,0.58505076,-0.004478363700070043
AEX-Index,2025-07-01,909.19,1,1,0.7207665,0.001462840550379818
AEX-Index,2025-07-02,910.52,1,1,0.82708275,0.0052387646619513895
AEX-Index,2025-07-03,915.29,0,1,0.7602381,-0.007483966830184818
AEX-Index,2025-07-04,908.44,1,1,0.78368425,0.0060983664303642104
AEX-Index,2025-07-07,913.98,1,1,0.6464006,0.0030416420490602114
AEX-Index,2025-07-08,916.76,1,1,0.5052032,0.002192504035952725
AEX-Index,2025-07-09,918.77,1,1,0.50167185,0.009305919871132051
AEX-Index,2025-07-10,927.32,0,0,0.3774463,-0.0062869343915801235
AEX-Index,2025-07-11,921.49,0,0,0.4343268,-0.001074346981519092
AEX-Index,2025-07-14,920.5,1,0,0.47271216,0.0030309614340031654
AEX-Index,2025-07-15,923.29,0,0,0.47078124,-0.022939704751486434
AEX-Index,2025-07-16,902.11,1,1,0.79012805,0.01370121160390636
AEX-Index,2025-07-17,914.47,0,1,0.5978949,-0.002865047513860519
AEX-Index,2025-07-18,911.85,0,1,0.6871676,-0.003761583593792861
AEX-Index,2025-07-21,908.42,0,1,0.6997788,-0.007958873648752696
AEX-Index,2025-07-22,901.19,1,0,0.3867813,0.0077231216502624545
AEX-Index,2025-07-23,908.15,1,0,0.39376333,0.006452678522270494
AEX-Index,2025-07-24,914.01,0,0,0.37025157,-0.009452850625266684
AEX-Index,2025-07-25,905.37,1,0,0.3892723,0.0029490705457437816
AEX-Index,2025-07-28,908.04,1,1,0.51324296,0.002147482489758268
AEX-Index,2025-07-29,909.99,0,1,0.74838084,-0.0006373696414246899
AEX-Index,2025-07-30,909.41,0,1,0.7963924,-0.008082163160730627
AEX-Index,2025-07-31,902.06,0,1,0.5197136,-0.01905638205884308
AEX-Index,2025-08-01,884.87,1,0,0.20746212,0.0043848248895317354
AEX-Index,2025-08-04,888.75,0,0,0.21642458,-0.0018902953586497073
AEX-Index,2025-08-05,887.07,0,1,0.627743,-0.003539743199522105
AEX-Index,2025-08-06,883.93,1,1,0.86283803,0.009706650979149911
AEX-Index,2025-08-07,892.51,0,1,0.7970872,-0.0012885009691767646
AEX-Index,2025-08-08,891.36,1,1,0.77193594,0.0031076108418595094
AEX-Index,2025-08-11,894.13,1,1,0.69910264,0.0010960374889557034
AEX-Index,2025-08-12,895.11,1,1,0.5547324,0.005585905642881972
AEX-Index,2025-08-13,900.11,0,1,0.6728552,-0.0019664263256712333
AEX-Index,2025-08-14,898.34,0,1,0.6060658,-0.00286083220161637
AEX-Index,2025-08-15,895.77,1,0,0.23329073,0.0013173024325441318
AEX-Index,2025-08-18,896.95,1,0,0.21699195,0.005574446736161365
AEX-Index,2025-08-19,901.95,1,0,0.25363937,0.00758356893397627
AEX-Index,2025-08-20,908.79,0,0,0.34479514,-0.0013864589179017894
AEX-Index,2025-08-21,907.53,1,1,0.5955093,0.0059391976022831194
AEX-Index,2025-08-22,912.92,0,1,0.7064916,-0.0019826490820662457
AEX-Index,2025-08-25,911.11,0,1,0.74929637,-0.006804886347422379
AEX-Index,2025-08-26,904.91,1,1,0.7604009,0.003083179542717085
AEX-Index,2025-08-27,907.7,0,1,0.67915756,-0.004671146854687724
AEX-Index,2025-08-28,903.46,0,1,0.5628326,-0.007570894118167915
AEX-Index,2025-08-29,896.62,0,1,0.6933717,-0.00040150788516879476
AEX-Index,2025-09-01,896.26,0,1,0.78369087,-0.013801798585232006
AEX-Index,2025-09-02,883.89,1,1,0.86270314,0.004955367749380546
AEX-Index,2025-09-03,888.27,1,1,0.7814246,0.01341934321771543
AEX-Index,2025-09-04,900.19,0,1,0.55074316,-0.0016774236550062271
AEX-Index,2025-09-05,898.68,1,0,0.4624682,0.006676458806249119
AEX-Index,2025-09-08,904.68,1,0,0.32669795,0.0033271432992882932
AEX-Index,2025-09-09,907.69,0,1,0.51240796,-0.006808491885996415
AEX-Index,2025-09-10,901.51,1,1,0.6461177,0.0046810351521335836
AEX-Index,2025-09-11,905.73,1,1,0.57227015,0.003488898457597811
AEX-Index,2025-09-12,908.89,1,1,0.6263504,0.011266489894266707
AEX-Index,2025-09-15,919.13,0,1,0.63377005,-0.008279568722596387
AEX-Index,2025-09-16,911.52,1,1,0.7736795,0.0036093558012988414
AEX-Index,2025-09-17,914.81,1,1,0.5220976,0.02021184726883174
AEX-Index,2025-09-18,933.3,0,1,0.5456476,-0.003600128576020434
AEX-Index,2025-09-19,929.94,1,1,0.5969891,0.000731229971826064
AEX-Index,2025-09-22,930.62,1,1,0.5959714,0.0043411918935762905
AEX-Index,2025-09-23,934.66,1,1,0.59845513,0.0007917317527228462
AEX-Index,2025-09-24,935.4,0,1,0.8011732,-0.0011118238186871299
AEX-Index,2025-09-25,934.36,1,1,0.833887,0.004270302667066295
AEX-Index,2025-09-26,938.35,1,1,0.69028133,0.003602067458837288
AEX-Index,2025-09-29,941.73,1,1,0.74184453,0.00111496925870469
AEX-Index,2025-09-30,942.78,1,1,0.75345826,0.00572774136065668
AEX-Index,2025-10-01,948.18,1,1,0.7831697,0.011348056276234475
AEX-Index,2025-10-02,958.94,1,1,0.79815125,0.0026800425469788447
AEX-Index,2025-10-03,961.51,1,1,0.70427096,0.00564736716206804
AEX-Index,2025-10-06,966.94,0,1,0.7282181,-0.006443005770782051
AEX-Index,2025-10-07,960.71,0,1,0.68460506,-9.368071530435618e-05
AEX-Index,2025-10-08,960.62,0,0,0.39043266,-0.0023110074743395437
AEX-Index,2025-10-09,958.4,0,1,0.5694805,-0.018718697829716135
AEX-Index,2025-10-10,940.46,1,1,0.58859134,0.012089828381855794
AEX-Index,2025-10-13,951.83,0,0,0.31324425,-0.00253196474160311
AEX-Index,2025-10-14,949.42,1,1,0.56575614,0.006098460112489823
AEX-Index,2025-10-15,955.21,1,1,0.88241243,0.003967713905842718
AEX-Index,2025-10-16,959.0,0,1,0.9006583,-0.0032742440041709786
AEX-Index,2025-10-17,955.86,1,1,0.80972064,0.011047642960266169
AEX-Index,2025-10-20,966.42,1,1,0.6638774,0.00016555948759355843
AEX-Index,2025-10-21,966.58,0,0,0.15187328,-0.000600053797926714
AEX-Index,2025-10-22,966.0,1,1,0.56302845,0.00819875776397505
AEX-Index,2025-10-23,973.92,1,1,0.7864301,0.005185230819779951
AEX-Index,2025-10-24,978.97,1,1,0.8321941,0.0030950897371726516
AEX-Index,2025-10-27,982.0,0,1,0.5443502,-0.00753564154786146
AEX-Index,2025-10-28,974.6,1,1,0.56882465,0.0007695464806074526
AEX-Index,2025-10-29,975.35,1,0,0.21846141,0.006418208848105733
AEX-Index,2025-10-30,981.61,0,0,0.32937488,-0.010340155458889
AEX-Index,2025-10-31,971.46,0,0,0.4713666,-0.0005043954460296485
AEX-Index,2025-11-03,970.97,0,1,0.62504864,-0.0018229193486924977
AEX-Index,2025-11-04,969.2,1,1,0.6843977,0.0017437061494014472
AEX-Index,2025-11-05,970.89,0,1,0.6652753,-0.01012473091699373
AEX-Index,2025-11-06,961.06,0,1,0.7591768,-0.010706927767256902
AEX-Index,2025-11-07,950.77,1,1,0.6853247,0.010843842359350875
AEX-Index,2025-11-10,961.08,1,1,0.78734326,0.009895117992258617
AEX-Index,2025-11-11,970.59,0,1,0.6157168,-0.0021430264066186755
AEX-Index,2025-11-12,968.51,0,0,0.48498,-0.0072275970304901405
AEX-Index,2025-11-13,961.51,0,1,0.7451463,-0.009973895227298746
AEX-Index,2025-11-14,951.92,0,1,0.87607586,-0.006880830321875697
AEX-Index,2025-11-17,945.37,0,1,0.74277943,-0.015327332155663953
AEX-Index,2025-11-18,930.88,1,0,0.43533927,0.0026426607081471154
AEX-Index,2025-11-19,933.34,1,0,0.4785929,0.0017035592602909766
AEX-Index,2025-11-20,934.93,0,1,0.5583894,-0.008813494058378613
AEX-Index,2025-11-21,926.69,1,1,0.67915785,0.00024819518932961415
AEX-Index,2025-11-24,926.92,1,0,0.38284877,0.006300435852069297
AEX-Index,2025-11-25,932.76,1,1,0.65738124,0.011707191560530017
AEX-Index,2025-11-26,943.68,0,1,0.70762634,-0.004079772804340354
AEX-Index,2025-11-27,939.83,1,1,0.6328344,0.0037666386474148883
AEX-Index,2025-11-28,943.37,1,0,0.377589,0.004526325831858191
AEX-Index,2025-12-01,947.64,0,1,0.74012035,-0.00295470853910762
AEX-Index,2025-12-02,944.84,1,1,0.69542,0.005080225223318191
AEX-Index,2025-12-03,949.64,0,1,0.67286354,-0.0019691672633840307
AEX-Index,2025-12-04,947.77,0,1,0.7982611,-0.00028487924285425237
AEX-Index,2025-12-05,947.5,0,1,0.82820594,-0.0025118733509235103
AEX-Index,2025-12-08,945.12,1,1,0.7312155,0.0020738107330287026
AEX-Index,2025-12-09,947.08,0,1,0.7508549,-0.0035266292182286607
AEX-Index,2025-12-10,943.74,1,1,0.5686312,0.003475533515586937
AEX-Index,2025-12-11,947.02,0,0,0.2811967,-0.007845663238368772
AEX-Index,2025-12-12,939.59,1,0,0.33109364,0.00657733692355178
AEX-Index,2025-12-15,945.77,0,0,0.48156402,-0.011239519121985286
AEX-Index,2025-12-16,935.14,0,1,0.7212597,-0.005924246636867192
AEX-Index,2025-12-17,929.6,1,1,0.86435896,0.0112413941480205
AEX-Index,2025-12-18,940.05,1,1,0.86103106,0.004829530344130806
AEX-Index,2025-12-19,944.59,0,1,0.6670868,-0.0020008681015043495
AEX-Index,2025-12-22,942.7,0,1,0.70438683,-0.0004667444574095736
AEX-Index,2025-12-23,942.26,0,0,0.34162676,-0.0009445376010867035
AEX-Index,2025-12-24,941.37,1,1,0.60964805,0.005088328712408385
AEX-Index,2025-12-29,946.16,1,1,0.812642,0.0054007778811195895
AEX-Index,2025-12-30,951.27,1,1,0.867652,2.102452510843733e-05
AEX-Index,2025-12-31,951.29,1,1,0.65753627,0.0171346277160489
AEX-Index,2026-01-02,967.59,1,1,0.72582185,0.01811717773023691
AEX-Index,2026-01-05,985.12,1,1,0.7126926,0.0066489361702126715
AEX-Index,2026-01-06,991.67,0,1,0.74804753,-0.012625167646495239
AEX-Index,2026-01-07,979.15,0,1,0.83121973,-0.014420670990144546
AEX-Index,2026-01-08,965.03,1,1,0.8780081,0.0239785291648964
AEX-Index,2026-01-09,988.17,1,1,0.6884927,0.005434287622575029
AEX-Index,2026-01-12,993.54,1,1,0.54777235,0.0036536022706685767
AEX-Index,2026-01-13,997.17,0,1,0.59384274,-0.00042119197328438496
AEX-Index,2026-01-14,996.75,1,1,0.80941033,0.014306496112365119
AEX-Index,2026-01-15,1011.01,0,1,0.88801134,-0.0007912879200007161
AEX-Index,2026-01-16,1010.21,0,1,0.7932909,-0.017303332970372565
AEX-Index,2026-01-19,992.73,0,1,0.7687558,-0.0015714242543289902
AEX-Index,2026-01-20,991.17,1,1,0.83063716,0.0027946769978914876
AEX-Index,2026-01-21,993.94,1,1,0.5663546,0.0063182888303117135
AEX-Index,2026-01-22,1000.22,0,0,0.4968807,-9.997800483896313e-05
AEX-Index,2026-01-23,1000.12,0,0,0.39079332,-0.0013798344198696633
AEX-Index,2026-01-26,998.74,1,1,0.7147504,0.0029437090734325544
AEX-Index,2026-01-27,1001.68,0,1,0.8474648,-0.004542368820381726
AEX-Index,2026-01-28,997.13,0,1,0.90195936,-0.0002005756521216151
AEX-Index,2026-01-29,996.93,1,1,0.7926113,0.004734535022519193
AEX-Index,2026-01-30,1001.65,1,1,0.5654516,0.00784705236360006
AEX-Index,2026-02-02,1009.51,0,0,0.4208192,-0.01537379520757598
AEX-Index,2026-02-03,993.99,0,1,0.79232967,-0.003692190062274281
AEX-Index,2026-02-04,990.32,0,1,0.7645705,-0.005230632522820966
AEX-Index,2026-02-05,985.14,1,1,0.8575492,0.010364009176360822
AEX-Index,2026-02-06,995.35,1,1,0.5938917,0.003697191942532818
AEX-Index,2026-02-09,999.03,1,1,0.521816,0.0051149615126673265
AEX-Index,2026-02-10,1004.14,1,1,0.55855936,0.004800127472264881
AEX-Index,2026-02-11,1008.96,0,0,0.4235539,-0.020744132572153573
AEX-Index,2026-02-12,988.03,1,1,0.6764605,0.005860145946985584
AEX-Index,2026-02-13,993.82,0,1,0.73442703,-0.0007244772695257362
AEX-Index,2026-02-16,993.1,1,1,0.80701333,0.0027187594401367754
AEX-Index,2026-02-17,995.8,1,1,0.792294,0.014802169110263108
AEX-Index,2026-02-18,1010.54,0,1,0.5508627,-0.0028202743087852866
AEX-Index,2026-02-19,1007.69,1,1,0.5918836,0.009893915787593244
AEX-Index,2026-02-20,1017.66,0,1,0.50851035,-0.0011890022207808881
AEX-Index,2026-02-23,1016.45,1,1,0.7272114,0.003364651483102943
AEX-Index,2026-02-24,1019.87,1,1,0.81098014,0.00999156755272712
AEX-Index,2026-02-25,1030.06,0,1,0.8278747,-0.007436556371807734
AEX-Index,2026-02-26,1022.4,1,1,0.715825,0.004518779342723045
AEX-Index,2026-02-27,1027.02,0,1,0.560328,-0.01058401978539858
AEX-Index,2026-03-02,1016.15,0,1,0.54169077,-0.025498204005314107
AEX-Index,2026-03-03,990.24,1,1,0.77523524,0.009876393601551126
AEX-Index,2026-03-04,1000.02,0,1,0.8685181,-0.004499910001799945
AEX-Index,2026-03-05,995.52,0,1,0.7232973,-0.015248312439729905
AEX-Index,2026-03-06,980.34,1,0,0.3905338,0.002713344349919433
AEX-Index,2026-03-09,983.0,1,1,0.58071387,0.01975584944048836
AEX-Index,2026-03-10,1002.42,1,1,0.6858236,0.00047884120428554056
AEX-Index,2026-03-11,1002.9,0,1,0.6800689,-0.002273407119353865
AEX-Index,2026-03-12,1000.62,1,1,0.56685305,0.00103935559952828
AEX-Index,2026-03-13,1001.66,1,1,0.70657665,0.00612982449134436
AEX-Index,2026-03-16,1007.8,1,1,0.71688855,0.0049712244492954305
AEX-Index,2026-03-17,1012.81,0,1,0.64535695,-0.01266772642450209
AEX-Index,2026-03-18,999.98,0,1,0.62631613,-0.022350447008940177
AEX-Index,2026-03-19,977.63,0,0,0.31550533,-0.0163763386966439
AEX-Index,2026-03-20,961.62,1,0,0.36134675,0.005303550258938028
AEX-Index,2026-03-23,966.72,1,1,0.61875826,0.007758192651439844
AEX-Index,2026-03-24,974.22,1,1,0.77435637,0.00914577816099027
AEX-Index,2026-03-25,983.13,0,0,0.22209843,-0.012561919583371495
AEX-Index,2026-03-26,970.78,0,0,0.4406673,-0.010877850800387279
AEX-Index,2026-03-27,960.22,1,1,0.81497914,0.004436483305908956
AEX-Index,2026-03-30,964.48,0,1,0.8580862,-0.004852355673523601
AEX-Index,2026-03-31,959.8,1,1,0.8083356,0.017639091477391178
AEX-Index,2026-04-01,976.73,0,0,0.24665754,-0.0008907272224668583
AEX-Index,2026-04-02,975.86,0,0,0.1685799,-0.004078453876580679
AEX-Index,2026-04-07,971.88,1,0,0.3866212,0.032226200765526736
AEX-Index,2026-04-08,1003.2,1,0,0.23294966,0.00191387559808609
AEX-Index,2026-04-09,1005.12,1,0,0.4857395,0.00510386819484232
AEX-Index,2026-04-10,1010.25,1,1,0.6068211,0.0019104182133133918
AEX-Index,2026-04-13,1012.18,1,1,0.6242969,0.007548064573494884
AEX-Index,2026-04-14,1019.82,0,1,0.70384985,-0.004167402090564987
AEX-Index,2026-04-15,1015.57,1,1,0.7766243,0.0011225223273629847
AEX-Index,2026-04-16,1016.71,1,1,0.8769947,0.006855445505601354
AEX-Index,2026-04-17,1023.68,0,1,0.881304,-0.0016802125664269196
AEX-Index,2026-04-20,1021.96,0,1,0.866651,-0.002847469568280636
AEX-Index,2026-04-21,1019.05,1,1,0.8409625,0.002168686521760499
AEX-Index,2026-04-22,1021.26,0,1,0.809333,-0.007030530912793931
AEX-Index,2026-04-23,1014.08,1,1,0.781786,0.006429473019880172
AEX-Index,2026-04-24,1020.6,0,1,0.67646205,-0.011454046639231885
AEX-Index,2026-04-27,1008.91,0,1,0.6372785,-0.007830232627290767
AEX-Index,2026-04-28,1001.01,0,1,0.6336442,-0.0038261356030410143
AEX-Index,2026-04-29,997.18,1,1,0.654282,0.016957821055376243
AEX-Index,2026-04-30,1014.09,0,0,0.29621,0.0
AEX-Index,2026-04-30,1014.09,0,1,0.78649426,-0.008983423562011317
AEX-Index,2026-05-04,1004.98,1,1,0.8790676,0.00947282532985727
AEX-Index,2026-05-05,1014.5,1,0,0.3028642,0.01669778215869888
AEX-Index,2026-05-06,1031.44,0,0,0.34563464,-0.011653514664305864
AEX-Index,2026-05-07,1019.42,0,1,0.661293,-0.0018834239077122339
AEX-Index,2026-05-08,1017.5,0,1,0.889529,0.0
AEX-Index,2026-05-08,1017.5,0,1,0.9181791,0.0
AEX-Index,2026-05-08,1017.5,0,0,0.41847208,-0.00232923832923837
BEL 20,2025-06-04,4507.49,1,1,0.6500387,0.00240930085660529
BEL 20,2025-06-05,4518.35,1,1,0.6142736,0.002817400094782485
BEL 20,2025-06-06,4531.08,1,1,0.56647444,0.002103207135976337
BEL 20,2025-06-09,4540.61,1,1,0.5004038,0.00336738903731848
BEL 20,2025-06-10,4555.9,0,1,0.5495146,-0.003786299167810925
BEL 20,2025-06-11,4538.65,0,1,0.6864153,-0.004386700987886294
BEL 20,2025-06-12,4518.74,0,1,0.55040735,-0.009411959554567972
BEL 20,2025-06-13,4476.21,1,0,0.37658325,0.0012063553765351287
BEL 20,2025-06-16,4481.61,0,0,0.33916503,-0.009603714058200374
BEL 20,2025-06-17,4438.57,0,1,0.5984528,-0.002834156173459279
BEL 20,2025-06-18,4425.99,0,1,0.5897724,-0.0032264418479733825
BEL 20,2025-06-19,4411.71,1,1,0.5761356,0.006305899526487524
BEL 20,2025-06-20,4439.53,1,1,0.645289,0.0005519052941145297
BEL 20,2025-06-23,4441.98,1,1,0.6497439,0.011130149167713599
BEL 20,2025-06-24,4491.42,0,0,0.40071455,-0.007636738662532894
BEL 20,2025-06-25,4457.12,1,1,0.50008446,0.003091637580059814
BEL 20,2025-06-26,4470.9,1,1,0.6248915,0.008528462021706096
BEL 20,2025-06-27,4509.03,0,1,0.5761233,-0.007320820989029531
BEL 20,2025-06-30,4476.02,1,1,0.5738729,0.004638004298461507
BEL 20,2025-07-01,4496.78,0,1,0.66907614,-0.0008850778061225695
BEL 20,2025-07-02,4492.8,0,1,0.80423796,-0.0014845753865996292
BEL 20,2025-07-03,4486.13,0,1,0.78554773,-0.00024294882767439407
BEL 20,2025-07-04,4485.04,1,1,0.78540194,0.0005463050496763433
BEL 20,2025-07-07,4487.49,0,1,0.7038423,-0.002743181478145673
BEL 20,2025-07-08,4475.18,1,1,0.56822383,0.0068420931966046705
BEL 20,2025-07-09,4505.8,1,1,0.50549614,0.009143815044778458
BEL 20,2025-07-10,4547.0,0,0,0.37688518,-0.006160061579063125
BEL 20,2025-07-11,4518.99,1,0,0.40129012,0.0019295903761862299
BEL 20,2025-07-14,4527.71,0,0,0.45760512,-0.006555234323753045
BEL 20,2025-07-15,4498.03,0,1,0.5248769,-0.004108465444137455
BEL 20,2025-07-16,4479.55,1,1,0.7449403,0.01126233712146707
BEL 20,2025-07-17,4530.0,1,1,0.6594355,0.003176622516556149
BEL 20,2025-07-18,4544.39,1,1,0.68245184,0.00213229933759429
BEL 20,2025-07-21,4554.08,0,1,0.6668202,-0.0014645987451998854
BEL 20,2025-07-22,4547.41,1,0,0.43039876,0.010733581940771453
BEL 20,2025-07-23,4596.22,1,0,0.43666545,0.004590641675523033
BEL 20,2025-07-24,4617.32,0,0,0.41122952,-0.0017000338594698183
BEL 20,2025-07-25,4609.47,0,0,0.39680406,-0.003330122407559921
BEL 20,2025-07-28,4594.12,1,1,0.53396523,0.005842228634815205
BEL 20,2025-07-29,4620.96,0,1,0.7265467,-0.001255107163879332
BEL 20,2025-07-30,4615.16,1,1,0.78355044,0.004541532491114886
BEL 20,2025-07-31,4636.12,0,1,0.532304,-0.015260605522277149
BEL 20,2025-08-01,4565.37,1,0,0.2748387,0.009528252703981277
BEL 20,2025-08-04,4608.87,1,0,0.28838035,0.012254630478736983
BEL 20,2025-08-05,4665.35,0,1,0.5076223,-0.0017405124644344072
BEL 20,2025-08-06,4657.23,1,1,0.76844555,0.011618451311187217
BEL 20,2025-08-07,4711.34,1,1,0.7287045,0.00479065424234526
BEL 20,2025-08-08,4733.91,0,1,0.7646284,-0.0015125339724442188
BEL 20,2025-08-11,4726.75,0,1,0.75468194,-0.0004485322896281563
BEL 20,2025-08-12,4724.63,1,1,0.6687767,0.004554854127304386
BEL 20,2025-08-13,4746.15,1,1,0.7498702,0.006948790218362033
BEL 20,2025-08-14,4779.13,0,1,0.68034285,-0.0010085099381793583
BEL 20,2025-08-15,4774.31,1,0,0.28421926,0.00713401502763733
BEL 20,2025-08-18,4808.37,0,0,0.24245083,-0.00263292960747763
BEL 20,2025-08-19,4795.71,1,0,0.27323863,0.004833507447280949
BEL 20,2025-08-20,4818.89,1,0,0.3909305,0.003442680711892576
BEL 20,2025-08-21,4835.48,1,1,0.61246854,0.0026140321126342236
BEL 20,2025-08-22,4848.12,1,1,0.7164351,0.0026979735918670755
BEL 20,2025-08-25,4861.2,0,1,0.7179194,-0.005146877102490177
BEL 20,2025-08-26,4836.18,1,1,0.7370185,0.00013225313647335923
BEL 20,2025-08-27,4836.82,0,1,0.6722777,-0.0026566216090995187
BEL 20,2025-08-28,4823.97,0,1,0.55732405,-0.005269601375232358
BEL 20,2025-08-29,4798.55,1,1,0.67920685,0.0002604953688298828
BEL 20,2025-09-01,4799.8,0,1,0.7861883,-0.0155338978929912
BEL 20,2025-09-02,4725.24,1,1,0.8543342,0.002700349497576804
BEL 20,2025-09-03,4738.0,1,1,0.78230417,0.001544913465597375
BEL 20,2025-09-04,4745.32,1,1,0.6075858,0.004952247896969908
BEL 20,2025-09-05,4768.82,1,0,0.45067418,0.005215147781427953
BEL 20,2025-09-08,4793.69,1,0,0.34172276,0.0026430579082723504
BEL 20,2025-09-09,4806.36,0,1,0.5454499,-0.004288047592940436
BEL 20,2025-09-10,4785.75,1,1,0.648428,0.002578446429504222
BEL 20,2025-09-11,4798.09,0,1,0.57327825,-0.0046705253411472025
BEL 20,2025-09-12,4775.68,0,1,0.64348865,-0.002341069655375949
BEL 20,2025-09-15,4764.5,0,1,0.63990104,-0.012003337181236251
BEL 20,2025-09-16,4707.31,1,1,0.7787805,0.0006989129524310744
BEL 20,2025-09-17,4710.6,0,0,0.49215007,-0.0025920264384149405
BEL 20,2025-09-18,4698.39,1,1,0.529669,0.002281590028039737
BEL 20,2025-09-19,4709.11,0,1,0.5628402,-0.0003291067808803838
BEL 20,2025-09-22,4707.56,0,1,0.57172185,-0.0016824001885817896
BEL 20,2025-09-23,4699.64,0,1,0.5382964,-0.0038385918104665295
BEL 20,2025-09-24,4681.6,0,1,0.7629244,-0.008388157715563893
BEL 20,2025-09-25,4642.33,1,1,0.79020524,0.006061632713278975
BEL 20,2025-09-26,4670.47,1,1,0.63410664,0.021978493728533
BEL 20,2025-09-29,4773.12,1,1,0.60258627,0.009941023692238593
BEL 20,2025-09-30,4820.57,1,1,0.68087757,0.0180891893734223
BEL 20,2025-10-01,4907.77,1,1,0.7061318,0.0022331934870620795
BEL 20,2025-10-02,4918.73,1,1,0.7875715,0.002378703445808261
BEL 20,2025-10-03,4930.43,0,1,0.6375343,-0.0036813014815623157
BEL 20,2025-10-06,4912.28,1,1,0.7099384,1.0239644736786957e-05
BEL 20,2025-10-07,4912.33,1,1,0.6236805,0.005689703141081637
BEL 20,2025-10-08,4940.28,1,0,0.3510342,0.003896540434815021
BEL 20,2025-10-09,4959.53,0,1,0.50072116,-0.0077103680272271324
BEL 20,2025-10-10,4921.29,1,1,0.5635993,0.01022085672659001
BEL 20,2025-10-13,4971.59,0,0,0.41659686,-0.003173974650925504
BEL 20,2025-10-14,4955.81,1,1,0.6511414,0.004638938848766649
BEL 20,2025-10-15,4978.8,1,1,0.8811601,0.006437354641172677
BEL 20,2025-10-16,5010.85,0,1,0.88724023,-0.009481484987946431
BEL 20,2025-10-17,4963.34,1,1,0.81447965,0.013545314789851881
BEL 20,2025-10-20,5030.57,1,1,0.67412627,0.0030354414324993417
BEL 20,2025-10-21,5045.84,0,0,0.15557614,-0.007974827104102689
BEL 20,2025-10-22,5005.6,0,1,0.5756059,-0.0005234337437383108
BEL 20,2025-10-23,5002.98,0,1,0.8270749,-0.0017369647689976508
BEL 20,2025-10-24,4994.29,1,1,0.85677886,6.20909078166143e-05
BEL 20,2025-10-27,4994.6,0,1,0.6072508,-0.009231950321708315
BEL 20,2025-10-28,4948.49,1,1,0.5773555,0.004789278960277699
BEL 20,2025-10-29,4972.19,0,0,0.23096675,-0.00612605323058979
BEL 20,2025-10-30,4941.73,0,0,0.37184456,-0.007964801800179222
BEL 20,2025-10-31,4902.37,1,0,0.44062194,0.0009545790922638187
BEL 20,2025-11-03,4907.05,1,0,0.47089866,0.002816417310458119
BEL 20,2025-11-04,4920.87,0,1,0.7352466,-0.004401680914113193
BEL 20,2025-11-05,4899.21,1,1,0.7685897,0.005570285821591581
BEL 20,2025-11-06,4926.5,0,1,0.7726461,-0.0024439257079061916
BEL 20,2025-11-07,4914.46,1,1,0.65535843,0.01186698029895461
BEL 20,2025-11-10,4972.78,1,1,0.7423551,0.013789128567486486
BEL 20,2025-11-11,5041.35,1,1,0.58539736,0.008999593184373378
BEL 20,2025-11-12,5086.72,0,0,0.48108894,-0.007946259752993678
BEL 20,2025-11-13,5046.3,0,1,0.67903644,-0.0023343440673103677
BEL 20,2025-11-14,5034.52,0,1,0.8284451,-0.0027112614509428035
BEL 20,2025-11-17,5020.87,0,1,0.7703115,-0.01535397221290391
BEL 20,2025-11-18,4943.78,1,1,0.56451154,0.004203322324347836
BEL 20,2025-11-19,4964.56,1,0,0.45675695,0.0013938596493170419
BEL 20,2025-11-20,4971.48,1,0,0.4618892,0.004920043930580098
BEL 20,2025-11-21,4995.94,1,1,0.6021509,0.00043032943610854524
BEL 20,2025-11-24,4998.09,1,0,0.40394506,0.0019948221018357692
BEL 20,2025-11-25,5008.06,1,1,0.6481237,0.004524726051111205
BEL 20,2025-11-26,5030.72,1,1,0.707632,0.0017253394454337379
BEL 20,2025-11-27,5039.4,0,1,0.63756925,-0.000504028267333978
BEL 20,2025-11-28,5036.86,0,0,0.4321041,-0.0037344894186952526
BEL 20,2025-12-01,5018.05,0,1,0.72237635,-0.0015324479242910805
BEL 20,2025-12-02,5010.36,0,1,0.7359096,-0.00299575285998932
BEL 20,2025-12-03,4995.35,1,1,0.6706096,0.003603351044404235
BEL 20,2025-12-04,5013.35,1,1,0.76939404,0.0032692909278368987
BEL 20,2025-12-05,5029.74,0,1,0.84562206,-0.0003221041118585122
BEL 20,2025-12-08,5028.12,0,1,0.80548024,-0.005272387984527227
BEL 20,2025-12-09,5001.61,0,1,0.81472206,-0.002501154678216877
BEL 20,2025-12-10,4989.1,1,1,0.64384353,0.002284961169650712
BEL 20,2025-12-11,5000.5,0,0,0.27735516,-0.002895710428956977
BEL 20,2025-12-12,4986.02,1,0,0.28275737,0.004103473311378503
BEL 20,2025-12-15,5006.48,1,0,0.4668829,0.0008868306674549853
BEL 20,2025-12-16,5010.92,1,1,0.67371744,0.00699079224954291
BEL 20,2025-12-17,5045.95,1,1,0.79150444,0.0017855507174842078
BEL 20,2025-12-18,5054.96,1,1,0.812778,0.0038694668207068794
BEL 20,2025-12-19,5074.52,0,1,0.6198192,-0.0036417237492414323
BEL 20,2025-12-22,5056.04,1,1,0.62017655,0.0002868252624583789
BEL 20,2025-12-23,5057.49,0,0,0.3697228,-0.00338509800770348
BEL 20,2025-12-24,5040.37,1,1,0.634278,0.0027993777679142795
BEL 20,2025-12-29,5054.48,1,1,0.8340004,0.004595922824899956
BEL 20,2025-12-30,5077.71,1,1,0.8805915,0.00014183559124081313
BEL 20,2025-12-31,5078.43,1,1,0.7508171,0.006708726645489715
BEL 20,2026-01-02,5112.5,0,1,0.7977755,-0.002544704156479227
BEL 20,2026-01-05,5099.49,1,1,0.78768116,0.01635063442224083
BEL 20,2026-01-06,5182.87,1,1,0.77091795,0.007347299713338362
BEL 20,2026-01-07,5220.95,1,1,0.7910596,0.001497773336355479
BEL 20,2026-01-08,5228.77,1,1,0.8393426,0.0022318633254092557
BEL 20,2026-01-09,5240.44,0,1,0.7633153,-0.005056827385807816
BEL 20,2026-01-12,5213.94,1,1,0.63005084,0.006933317355652502
BEL 20,2026-01-13,5250.09,1,1,0.63685477,0.009957982052040348
BEL 20,2026-01-14,5302.37,1,1,0.7934158,0.008994091151803829
BEL 20,2026-01-15,5350.06,1,1,0.8793807,0.0013233496199416273
BEL 20,2026-01-16,5357.14,0,1,0.822583,-0.012514139773943889
BEL 20,2026-01-19,5290.1,0,1,0.82035995,-0.007776809365100612
BEL 20,2026-01-20,5248.96,1,1,0.85598505,0.0013106977382184581
BEL 20,2026-01-21,5255.84,1,1,0.5388613,0.014207054027788324
BEL 20,2026-01-22,5330.51,0,0,0.4284134,-0.0026413233495978794
BEL 20,2026-01-23,5316.43,1,0,0.38956955,0.0030528003546441695
BEL 20,2026-01-26,5332.66,1,1,0.6590386,0.012029624538987038
BEL 20,2026-01-27,5396.81,0,1,0.81313664,-0.0030388136132489807
BEL 20,2026-01-28,5380.41,0,1,0.89410365,-0.0012750700680778104
BEL 20,2026-01-29,5373.55,1,1,0.8114763,0.0022015428237029955
BEL 20,2026-01-30,5385.38,1,1,0.654923,0.013729746345285676
BEL 20,2026-02-02,5459.32,1,1,0.5231542,0.007361722975085527
BEL 20,2026-02-03,5499.51,1,1,0.725487,0.00834990784087708
BEL 20,2026-02-04,5545.43,0,1,0.6620063,-0.0036751702329604896
BEL 20,2026-02-05,5525.05,0,1,0.74835265,-0.0013628474443794225
BEL 20,2026-02-06,5517.52,1,1,0.6225556,0.010711352201713709
BEL 20,2026-02-09,5576.62,1,1,0.62499744,0.0010795069221227749
BEL 20,2026-02-10,5582.64,1,1,0.6494717,0.0021924752054141017
BEL 20,2026-02-11,5594.88,1,0,0.4548788,0.005569395689798418
BEL 20,2026-02-12,5626.04,0,1,0.5139904,-0.002116959708782784
BEL 20,2026-02-13,5614.13,0,1,0.6341257,-0.002694967923702607
BEL 20,2026-02-16,5599.0,1,1,0.7713547,0.008042471869976753
BEL 20,2026-02-17,5644.03,1,1,0.77673215,0.0059886820583405775
BEL 20,2026-02-18,5677.83,0,1,0.56421137,-0.0023600389169800007
BEL 20,2026-02-19,5664.43,0,1,0.54979765,-0.0017212675689780577
BEL 20,2026-02-20,5654.68,0,1,0.5480962,-0.008752095299748297
BEL 20,2026-02-23,5605.19,1,1,0.76127845,0.0042746098575536795
BEL 20,2026-02-24,5629.15,0,1,0.8239162,-0.002250766141438265
BEL 20,2026-02-25,5616.48,0,1,0.8227885,-0.031590996496025925
BEL 20,2026-02-26,5439.05,1,1,0.75824326,0.0008659600800124956
BEL 20,2026-02-27,5443.76,0,1,0.58164763,-0.01424375851410642
BEL 20,2026-03-02,5366.22,0,1,0.6282658,-0.02128503783724711
BEL 20,2026-03-03,5252.0,1,1,0.82832843,0.011763099771515684
BEL 20,2026-03-04,5313.78,0,1,0.86861646,-0.010086906499211845
BEL 20,2026-03-05,5260.18,0,1,0.60675585,-0.012400715853802757
BEL 20,2026-03-06,5194.95,0,0,0.3213596,-0.008067488308165172
BEL 20,2026-03-09,5153.04,1,1,0.5405108,0.018332828776799648
BEL 20,2026-03-10,5247.51,0,1,0.6584872,-0.0134673402610892
BEL 20,2026-03-11,5176.84,0,1,0.7386631,-0.0053661502138814265
BEL 20,2026-03-12,5149.06,0,1,0.5953396,-0.007686859199798501
BEL 20,2026-03-13,5109.48,1,1,0.7625616,0.0038184316212217517
BEL 20,2026-03-16,5128.99,1,1,0.76949203,0.007410776491637572
BEL 20,2026-03-17,5167.0,0,1,0.64229417,-0.007338862008902658
BEL 20,2026-03-18,5129.08,0,1,0.53388464,-0.024236334308758378
BEL 20,2026-03-19,5004.77,0,0,0.23257641,-0.01757922941513801
BEL 20,2026-03-20,4916.79,1,0,0.28607467,0.00472462724663858
BEL 20,2026-03-23,4940.02,1,1,0.54152966,0.00100610928700684
BEL 20,2026-03-24,4944.99,1,1,0.7810533,0.021836241455038596
BEL 20,2026-03-25,5052.97,0,0,0.35611123,-0.009271794240939601
BEL 20,2026-03-26,5006.12,0,1,0.5320976,-0.004174869875774756
BEL 20,2026-03-27,4985.22,1,1,0.78430104,0.008970456310034347
BEL 20,2026-03-30,5029.94,1,1,0.84482265,0.008584635375066707
BEL 20,2026-03-31,5073.12,1,1,0.81474555,0.029114173740929283
BEL 20,2026-04-01,5220.82,0,0,0.25254124,-0.0008389295489570348
BEL 20,2026-04-02,5216.44,0,0,0.1670793,-0.0017789335596486433
BEL 20,2026-04-07,5207.16,1,0,0.3639321,0.03563358776632208
BEL 20,2026-04-08,5392.71,1,0,0.27739745,0.004552405006017279
BEL 20,2026-04-09,5417.26,1,1,0.540537,0.007075532910568505
BEL 20,2026-04-10,5455.59,0,1,0.6000255,-0.0052679363833402215
BEL 20,2026-04-13,5426.85,1,1,0.57613623,0.010882942943273965
BEL 20,2026-04-14,5485.91,0,1,0.6898507,-0.0019595654336449497
BEL 20,2026-04-15,5475.16,1,1,0.7627286,0.001530512294416475
BEL 20,2026-04-16,5483.54,1,1,0.87643427,0.01615016941610703
BEL 20,2026-04-17,5572.1,0,1,0.86308,-0.010934871755085673
BEL 20,2026-04-20,5511.17,0,1,0.8570399,-0.014477869753207973
BEL 20,2026-04-21,5431.38,0,1,0.83855474,-0.008209681668557178
BEL 20,2026-04-22,5386.79,1,1,0.81123847,0.000972712877242321
BEL 20,2026-04-23,5392.03,0,1,0.7811259,-0.009146796629351028
BEL 20,2026-04-24,5342.71,1,1,0.7172786,0.002392081920972622
BEL 20,2026-04-27,5355.49,0,1,0.6497575,-0.0038708688142123915
BEL 20,2026-04-28,5334.76,0,1,0.68336153,-0.010322845275995252
BEL 20,2026-04-29,5279.69,1,1,0.68454975,0.013822781523588956
BEL 20,2026-04-30,5352.67,0,1,0.5054009,-9.148705396533341e-05
BEL 20,2026-04-30,5352.67,0,0,0.31124905,0.0
BEL 20,2026-05-04,5352.18,1,1,0.67991996,0.016434405553086506
BEL 20,2026-05-05,5440.14,1,0,0.24174522,0.021140962895422666
BEL 20,2026-05-06,5555.15,0,0,0.22520536,-0.015373104513345393
BEL 20,2026-05-07,5469.75,0,1,0.5763816,-0.0011755930344165
BEL 20,2026-05-08,5463.32,1,1,0.8738044,0.006336824726972834
BEL 20,2026-05-08,5463.32,0,1,0.80643576,0.0
BEL 20,2026-05-08,5463.32,0,1,0.8770538,0.0
BEL 20,2026-05-11,5497.94,0,1,0.5285914,-0.011326060512229397
BEL 20,2026-05-11,5497.94,0,1,0.7949799,0.0
BEL 20,2026-05-12,5435.67,1,1,0.9374233,0.006266035397035408
BEL 20,2026-05-12,5469.73,1,1,0.7860764,0.007139255502556896
BEL 20,2026-05-13,5508.78,0,1,0.7031563,0.0
BEL 20,2026-05-13,5508.78,1,1,0.69586223,0.004289588776084319
BEL 20,2026-05-14,5532.41,0,0,0.48881844,-0.011774289621546807
BEL 20,2026-05-15,5467.27,0,1,0.84090436,0.0
BEL 20,2026-05-15,5467.27,0,1,0.87345105,0.0
BEL 20,2026-05-15,5467.27,0,1,0.72172534,0.0
BEL 20,2026-05-15,5467.27,0,1,0.6171007,0.0
BEL 20,2026-05-15,5467.27,0,1,0.5752705,0.0
BEL 20,2026-05-15,5467.27,0,1,0.5885749,-0.008055208541008718
BEL 20,2026-05-18,5423.23,1,0,0.30139506,0.0008463222101959822
BEL 20,2026-05-19,5427.82,1,0,0.25902018,0.013674035383414829
BEL 20,2026-05-20,5502.04,1,0,0.33414948,0.008865766152190924
BEL 20,2026-05-21,5550.82,1,0,0.3065868,0.007053084302970802
Dow Jones Industrial Average,2025-06-05,42319.74,1,1,0.74101424,0.010471066641732918
Dow Jones Industrial Average,2025-06-06,42762.87,0,1,0.6754562,-2.5943066296885142e-05
Dow Jones Industrial Average,2025-06-09,42761.76,1,1,0.76489115,0.002458023145477606
Dow Jones Industrial Average,2025-06-10,42866.87,0,1,0.73166156,-2.5698166713050696e-05
Dow Jones Industrial Average,2025-06-11,42865.77,1,1,0.8193604,0.0023760590603649767
Dow Jones Industrial Average,2025-06-12,42967.62,0,1,0.6533826,-0.01791656089613014
Dow Jones Industrial Average,2025-06-13,42197.79,1,1,0.58339846,0.007519367880816308
Dow Jones Industrial Average,2025-06-16,42515.09,0,1,0.6067453,-0.00703959468056925
Dow Jones Industrial Average,2025-06-17,42215.8,0,1,0.81344527,-0.001045594283740292
Dow Jones Industrial Average,2025-06-18,42171.66,1,1,0.6157827,0.0008337376293285903
Dow Jones Industrial Average,2025-06-20,42206.82,1,1,0.59123224,0.008883895951764087
Dow Jones Industrial Average,2025-06-23,42581.78,1,1,0.6830381,0.01191209443368213
Dow Jones Industrial Average,2025-06-24,43089.02,0,1,0.78284746,-0.0024737114289640205
Dow Jones Industrial Average,2025-06-25,42982.43,1,1,0.7402846,0.009408730563223555
Dow Jones Industrial Average,2025-06-26,43386.84,1,1,0.6951997,0.00996684022144434
Dow Jones Industrial Average,2025-06-27,43819.27,1,1,0.5387878,0.006287188333890414
Dow Jones Industrial Average,2025-06-30,44094.77,1,0,0.4628232,0.009075269120071061
Dow Jones Industrial Average,2025-07-01,44494.94,0,1,0.51668334,-0.00023642013381774962
Dow Jones Industrial Average,2025-07-02,44484.42,1,1,0.79930824,0.007735503470710503
Dow Jones Industrial Average,2025-07-03,44828.53,0,1,0.7181248,-0.009417482298823443
Dow Jones Industrial Average,2025-07-07,44406.36,0,1,0.82819414,-0.003729143803668733
Dow Jones Industrial Average,2025-07-08,44240.76,1,1,0.76848334,0.00491716443480672
Dow Jones Industrial Average,2025-07-09,44458.3,1,1,0.7363937,0.0043262966991306495
Dow Jones Industrial Average,2025-07-10,44650.64,0,0,0.4480326,-0.006251397432358363
Dow Jones Industrial Average,2025-07-11,44371.51,1,0,0.38686883,0.001986335299908104
Dow Jones Industrial Average,2025-07-14,44459.65,0,1,0.58895487,-0.009814726739944213
Dow Jones Industrial Average,2025-07-15,44023.29,1,1,0.6806098,0.005258403102824882
Dow Jones Industrial Average,2025-07-16,44254.78,1,1,0.82237077,0.005190557794034323
Dow Jones Industrial Average,2025-07-17,44484.49,0,1,0.65758014,-0.003198798175228057
Dow Jones Industrial Average,2025-07-18,44342.19,0,1,0.647155,-0.0004312168477988987
Dow Jones Industrial Average,2025-07-21,44323.07,1,1,0.613931,0.00404690150718201
Dow Jones Industrial Average,2025-07-22,44502.44,1,0,0.290985,0.011411681786968275
Dow Jones Industrial Average,2025-07-23,45010.29,0,0,0.41865024,-0.007029035056786648
Dow Jones Industrial Average,2025-07-24,44693.91,1,1,0.6013351,0.004654139659501233
Dow Jones Industrial Average,2025-07-25,44901.92,0,0,0.48092544,-0.0014334197129322046
Dow Jones Industrial Average,2025-07-28,44837.56,0,1,0.6595185,-0.004562476334293519
Dow Jones Industrial Average,2025-07-29,44632.99,0,1,0.80616665,-0.003847087245108183
Dow Jones Industrial Average,2025-07-30,44461.28,0,1,0.7485501,-0.007428953695043483
Dow Jones Industrial Average,2025-07-31,44130.98,0,1,0.52906245,-0.012290739835250197
Dow Jones Industrial Average,2025-08-01,43588.58,1,0,0.33157456,0.01342238094249737
Dow Jones Industrial Average,2025-08-04,44173.64,0,0,0.28622714,-0.0014013402372817785
Dow Jones Industrial Average,2025-08-05,44111.74,1,1,0.6976693,0.0018449238941009583
Dow Jones Industrial Average,2025-08-06,44193.12,0,1,0.8650173,-0.005079534878110192
Dow Jones Industrial Average,2025-08-07,43968.64,1,1,0.6504926,0.004707191243024322
Dow Jones Industrial Average,2025-08-08,44175.61,0,1,0.578949,-0.004539147342243588
Dow Jones Industrial Average,2025-08-11,43975.09,1,1,0.7927945,0.010995306711119035
Dow Jones Industrial Average,2025-08-12,44458.61,1,1,0.7397255,0.010429028398715623
Dow Jones Industrial Average,2025-08-13,44922.27,0,1,0.75972223,-0.000245041048070771
Dow Jones Industrial Average,2025-08-14,44911.26,1,1,0.668521,0.0007761839387379066
Dow Jones Industrial Average,2025-08-15,44946.12,0,0,0.36593637,-0.000763153730745314
Dow Jones Industrial Average,2025-08-18,44911.82,1,0,0.30358425,0.0002326603537823324
Dow Jones Industrial Average,2025-08-19,44922.27,1,0,0.3679549,0.0003570411775388749
Dow Jones Industrial Average,2025-08-20,44938.31,0,1,0.5075861,-0.0034004083544879604
Dow Jones Industrial Average,2025-08-21,44785.5,1,1,0.6745025,0.018895363454689562
Dow Jones Industrial Average,2025-08-22,45631.74,0,1,0.6811391,-0.007654091494471826
Dow Jones Industrial Average,2025-08-25,45282.47,1,1,0.66037375,0.002994569501033828
Dow Jones Industrial Average,2025-08-26,45418.07,1,1,0.6314544,0.0032401244488804437
Dow Jones Industrial Average,2025-08-27,45565.23,1,1,0.805296,0.0015728637650587185
Dow Jones Industrial Average,2025-08-28,45636.9,0,1,0.7988572,-0.00201633991849004
Dow Jones Industrial Average,2025-08-29,45544.88,0,1,0.84305006,-0.00546867849943955
Dow Jones Industrial Average,2025-09-02,45295.81,0,1,0.8129396,-0.0005426131193957406
Dow Jones Industrial Average,2025-09-03,45271.23,1,1,0.7517395,0.007732473717497079
Dow Jones Industrial Average,2025-09-04,45621.29,0,1,0.7331817,-0.004831728878086472
Dow Jones Industrial Average,2025-09-05,45400.86,1,1,0.5548437,0.0025129436206223765
Dow Jones Industrial Average,2025-09-08,45514.95,1,1,0.6433584,0.004314859259471504
Dow Jones Industrial Average,2025-09-09,45711.34,0,1,0.70653564,-0.004821952298147303
Dow Jones Industrial Average,2025-09-10,45490.92,1,1,0.77716917,0.013564862487431828
Dow Jones Industrial Average,2025-09-11,46108.0,0,1,0.56325316,-0.005937824238743783
Dow Jones Industrial Average,2025-09-12,45834.22,1,1,0.6010789,0.0010740970674076866
Dow Jones Industrial Average,2025-09-15,45883.45,0,1,0.7448324,-0.0027362982118616097
Dow Jones Industrial Average,2025-09-16,45757.9,1,1,0.8682532,0.005691299406355599
Dow Jones Industrial Average,2025-09-17,46018.32,1,1,0.6807484,0.002696786827310671
Dow Jones Industrial Average,2025-09-18,46142.42,1,1,0.6389188,0.003745958553597273
Dow Jones Industrial Average,2025-09-19,46315.27,1,1,0.67930055,0.001430836972674765
Dow Jones Industrial Average,2025-09-22,46381.54,0,1,0.66938746,-0.0019136449915695408
Dow Jones Industrial Average,2025-09-23,46292.78,0,1,0.6847808,-0.003704681273924648
Dow Jones Industrial Average,2025-09-24,46121.28,0,1,0.83042943,-0.0037718162873329186
Dow Jones Industrial Average,2025-09-25,45947.32,1,1,0.84014225,0.006528537421582881
Dow Jones Industrial Average,2025-09-26,46247.29,1,1,0.788592,0.0014872482547305665
Dow Jones Industrial Average,2025-09-29,46316.07,1,1,0.79714453,0.0017665639478916528
Dow Jones Industrial Average,2025-09-30,46397.89,1,1,0.8535695,0.0009313138903777052
Dow Jones Industrial Average,2025-10-01,46441.1,1,1,0.84768623,0.001692836674658027
Dow Jones Industrial Average,2025-10-02,46519.72,1,1,0.866972,0.005128201677779609
Dow Jones Industrial Average,2025-10-03,46758.28,0,1,0.67669165,-0.0013540382203911516
Dow Jones Industrial Average,2025-10-06,46694.97,0,1,0.6772413,-0.00196998311304164
Dow Jones Industrial Average,2025-10-07,46602.98,0,1,0.70468396,-2.5732259763877607e-05
Dow Jones Industrial Average,2025-10-08,46601.78,0,0,0.39760992,-0.00522210510438148
Dow Jones Industrial Average,2025-10-09,46358.42,0,0,0.42470935,-0.01895707972751337
Dow Jones Industrial Average,2025-10-10,45479.6,1,1,0.6995917,0.012928356434854793
Dow Jones Industrial Average,2025-10-13,46067.58,1,0,0.41597793,0.004404025745820661
Dow Jones Industrial Average,2025-10-14,46270.46,0,0,0.38198295,-0.00037069654519050754
Dow Jones Industrial Average,2025-10-15,46253.31,0,1,0.7326501,-0.006509162460218043
Dow Jones Industrial Average,2025-10-16,45952.24,1,1,0.8647536,0.0051873664661075125
Dow Jones Industrial Average,2025-10-17,46190.61,1,1,0.71726966,0.011170424177170402
Dow Jones Industrial Average,2025-10-20,46706.58,1,1,0.7654199,0.004670866693186282
Dow Jones Industrial Average,2025-10-21,46924.74,0,0,0.23449196,-0.007124772819457559
Dow Jones Industrial Average,2025-10-22,46590.41,1,1,0.51383007,0.003095040360902468
Dow Jones Industrial Average,2025-10-23,46734.61,1,1,0.67970663,0.01011053063385603
Dow Jones Industrial Average,2025-10-24,47207.12,1,1,0.8300104,0.007148682066104639
Dow Jones Industrial Average,2025-10-27,47544.59,1,1,0.71676666,0.003402727853590415
Dow Jones Industrial Average,2025-10-28,47706.37,0,1,0.62708515,-0.0015589343369694086
Dow Jones Industrial Average,2025-10-29,47632.0,0,0,0.32506478,-0.002306829442391689
Dow Jones Industrial Average,2025-10-30,47522.12,1,0,0.38993445,0.0008574953949183062
Dow Jones Industrial Average,2025-10-31,47562.87,0,0,0.47155043,-0.004755629649110804
Dow Jones Industrial Average,2025-11-03,47336.68,0,0,0.4690212,-0.005311766722835953
Dow Jones Industrial Average,2025-11-04,47085.24,1,1,0.7736129,0.0047947447682346045
Dow Jones Industrial Average,2025-11-05,47311.0,0,1,0.7432853,-0.008427198748705456
Dow Jones Industrial Average,2025-11-06,46912.3,1,1,0.7771659,0.0015944815906365761
Dow Jones Industrial Average,2025-11-07,46987.1,1,1,0.62488544,0.008119830485564528
Dow Jones Industrial Average,2025-11-10,47368.63,1,1,0.894601,0.011808068187508791
Dow Jones Industrial Average,2025-11-11,47927.96,1,1,0.7950455,0.006819806097780434
Dow Jones Industrial Average,2025-11-12,48254.82,0,1,0.62272376,-0.016528949751368094
Dow Jones Industrial Average,2025-11-13,47457.22,0,1,0.8486591,-0.006526684618947898
Dow Jones Industrial Average,2025-11-14,47147.48,0,1,0.93553674,-0.011819129974506293
Dow Jones Industrial Average,2025-11-17,46590.24,0,1,0.73448867,-0.010699666243175199
Dow Jones Industrial Average,2025-11-18,46091.74,1,0,0.33850646,0.0010203824315302423
Dow Jones Industrial Average,2025-11-19,46138.77,0,1,0.62425596,-0.00837707212802885
Dow Jones Industrial Average,2025-11-20,45752.26,1,1,0.6952385,0.010778669330788526
Dow Jones Industrial Average,2025-11-21,46245.41,1,1,0.5478604,0.00438658234671685
Dow Jones Industrial Average,2025-11-24,46448.27,1,0,0.3478251,0.014299342196160802
Dow Jones Industrial Average,2025-11-25,47112.45,1,0,0.45860392,0.0066791666606880185
Dow Jones Industrial Average,2025-11-26,47427.12,1,1,0.56784636,0.0060999021928827
Dow Jones Industrial Average,2025-11-28,47716.42,0,1,0.7075331,-0.008950666940095942
Dow Jones Industrial Average,2025-12-01,47289.33,1,1,0.74030364,0.003914895969942878
Dow Jones Industrial Average,2025-12-02,47474.46,1,1,0.72155833,0.008603309911413781
Dow Jones Industrial Average,2025-12-03,47882.9,0,1,0.7503121,-0.000667399031132887
Dow Jones Industrial Average,2025-12-04,47850.94,1,1,0.7024006,0.0021743960924454075
Dow Jones Industrial Average,2025-12-05,47954.99,0,1,0.8509706,-0.004497300648908631
Dow Jones Industrial Average,2025-12-08,47739.32,0,1,0.8612533,-0.0037501832635015164
Dow Jones Industrial Average,2025-12-09,47560.29,1,1,0.8011614,0.010459585284564588
Dow Jones Industrial Average,2025-12-10,48057.75,1,1,0.81682533,0.013447606265378775
Dow Jones Industrial Average,2025-12-11,48704.01,0,1,0.52906716,-0.0050501158203360985
Dow Jones Industrial Average,2025-12-12,48458.05,0,0,0.49224418,-0.0008562498762331172
Dow Jones Industrial Average,2025-12-15,48416.56,0,1,0.6315093,-0.006243667636468331
Dow Jones Industrial Average,2025-12-16,48114.26,0,1,0.88965005,-0.004744807296918396
Dow Jones Industrial Average,2025-12-17,47885.97,1,1,0.85147697,0.0013758268163095444
Dow Jones Industrial Average,2025-12-18,47951.85,1,1,0.64676696,0.0038171414427716766
Dow Jones Industrial Average,2025-12-19,48134.89,1,0,0.33523637,0.0047323074210954275
Dow Jones Industrial Average,2025-12-22,48362.68,1,0,0.46979475,0.0016485955801990304
Dow Jones Industrial Average,2025-12-23,48442.41,1,0,0.45610362,0.005960686076680766
Dow Jones Industrial Average,2025-12-24,48731.16,0,1,0.6307707,-0.0004143426899160252
Dow Jones Industrial Average,2025-12-26,48710.97,0,1,0.92080104,-0.0051125877011914955
Dow Jones Industrial Average,2025-12-29,48461.93,0,1,0.84635323,-0.0019576418146635133
Dow Jones Industrial Average,2025-12-30,48367.06,0,1,0.782238,-0.00628050389650936
Dow Jones Industrial Average,2025-12-31,48063.29,1,1,0.611717,0.006639193987246328
Dow Jones Industrial Average,2026-01-02,48382.39,1,1,0.5692932,0.012293503744314815
Dow Jones Industrial Average,2026-01-05,48977.18,1,1,0.5712658,0.009900496577592843
Dow Jones Industrial Average,2026-01-06,49462.08,0,1,0.73685825,-0.009421359107837368
Dow Jones Industrial Average,2026-01-07,48996.08,1,1,0.82672286,0.0055112839735635966
Dow Jones Industrial Average,2026-01-08,49266.11,1,1,0.8635352,0.004830113497860111
Dow Jones Industrial Average,2026-01-09,49504.07,1,1,0.88803804,0.0017398347141568404
Dow Jones Industrial Average,2026-01-12,49590.2,0,1,0.7044665,-0.00803003227299004
Dow Jones Industrial Average,2026-01-13,49191.99,0,1,0.7221579,-0.0008611036362601299
Dow Jones Industrial Average,2026-01-14,49149.63,1,1,0.8996946,0.0059575729573819736
Dow Jones Industrial Average,2026-01-15,49442.44,0,1,0.92824626,-0.0016810112455329929
Dow Jones Industrial Average,2026-01-16,49359.33,0,1,0.75041175,-0.01764080536582502
Dow Jones Industrial Average,2026-01-20,48488.59,1,1,0.8475474,0.012139777676107855
Dow Jones Industrial Average,2026-01-21,49077.23,1,1,0.82965547,0.006250988429349125
Dow Jones Industrial Average,2026-01-22,49384.01,0,0,0.45488185,-0.005777189624309176
Dow Jones Industrial Average,2026-01-23,49098.71,1,0,0.28860804,0.006388915192476086
Dow Jones Industrial Average,2026-01-26,49412.4,0,1,0.54693806,-0.008277035991841264
Dow Jones Industrial Average,2026-01-27,49003.41,1,1,0.8460716,0.0002487867670892818
Dow Jones Industrial Average,2026-01-28,49015.6,1,1,0.85362816,0.0011416161012700599
Dow Jones Industrial Average,2026-01-29,49071.56,0,1,0.6460408,-0.0036495641285784197
Dow Jones Industrial Average,2026-01-30,48892.47,1,1,0.5307413,0.0105372343153185
Dow Jones Industrial Average,2026-02-02,49407.66,0,0,0.43916404,-0.00337340200538383
Dow Jones Industrial Average,2026-02-03,49240.99,1,1,0.7926304,0.00528650031177369
Dow Jones Industrial Average,2026-02-04,49501.3,0,1,0.7426184,-0.011971038950960189
Dow Jones Industrial Average,2026-02-05,48908.72,1,1,0.9357586,0.024677667491874722
Dow Jones Industrial Average,2026-02-06,50115.67,1,1,0.5597668,0.0004030515651929356
Dow Jones Industrial Average,2026-02-09,50135.87,1,1,0.55154574,0.0010425569328544881
Dow Jones Industrial Average,2026-02-10,50188.14,0,1,0.59886104,-0.0013298400618572126
Dow Jones Industrial Average,2026-02-11,50121.4,0,0,0.45211035,-0.013355930228794222
Dow Jones Industrial Average,2026-02-12,49451.98,1,1,0.6964575,0.0009898329552242568
Dow Jones Industrial Average,2026-02-13,49500.93,1,1,0.73966193,0.0006517392743030648
Dow Jones Industrial Average,2026-02-17,49533.19,1,1,0.5801638,0.0026137786873954294
Dow Jones Industrial Average,2026-02-18,49662.66,0,1,0.5647297,-0.0053863405408154374
Dow Jones Industrial Average,2026-02-19,49395.16,1,1,0.5056438,0.004672696658244657
Dow Jones Industrial Average,2026-02-20,49625.97,0,0,0.4104245,-0.01656209883402837
Dow Jones Industrial Average,2026-02-23,48804.06,1,1,0.8598469,0.007590381018024672
Dow Jones Industrial Average,2026-02-24,49174.5,1,1,0.78692794,0.006256258833338357
Dow Jones Industrial Average,2026-02-25,49482.15,1,1,0.7708171,0.00034458487659372317
Dow Jones Industrial Average,2026-02-26,49499.2,0,1,0.68389344,-0.010531024914035458
Dow Jones Industrial Average,2026-02-27,48977.92,0,1,0.5015283,-0.0014933381646802246
Dow Jones Industrial Average,2026-03-02,48904.78,0,1,0.6187054,-0.008250968295404726
Dow Jones Industrial Average,2026-03-03,48501.27,1,1,0.77294755,0.004909989005545512
Dow Jones Industrial Average,2026-03-04,48739.41,0,1,0.7319857,-0.01609933105017347
Dow Jones Industrial Average,2026-03-05,47954.74,0,0,0.4919527,-0.009450317446524359
Dow Jones Industrial Average,2026-03-06,47501.55,1,0,0.2894262,0.005036677665690048
Dow Jones Industrial Average,2026-03-09,47740.8,0,1,0.6295006,-0.0007182347054386362
Dow Jones Industrial Average,2026-03-10,47706.51,0,1,0.636565,-0.006062950102469933
Dow Jones Industrial Average,2026-03-11,47417.27,0,1,0.7807192,-0.015593852362165261
Dow Jones Industrial Average,2026-03-12,46677.85,0,1,0.5870309,-0.0025575898613122705
Dow Jones Industrial Average,2026-03-13,46558.47,1,1,0.7557715,0.008332348764871655
Dow Jones Industrial Average,2026-03-16,46946.41,1,1,0.6404945,0.000997978328916016
Dow Jones Industrial Average,2026-03-17,46993.26,0,0,0.49675986,-0.0163451795473053
Dow Jones Industrial Average,2026-03-18,46225.15,0,0,0.48521972,-0.004407096722268133
Dow Jones Industrial Average,2026-03-19,46021.43,0,0,0.3816144,-0.00964682981154752
Dow Jones Industrial Average,2026-03-20,45577.47,1,0,0.41155884,0.013844559968192005
Dow Jones Industrial Average,2026-03-23,46208.47,0,1,0.8101469,-0.0018267257537866177
Dow Jones Industrial Average,2026-03-24,46124.06,1,1,0.7891759,0.006621917265537514
Dow Jones Industrial Average,2026-03-25,46429.49,0,0,0.47370553,-0.010109499742214423
Dow Jones Industrial Average,2026-03-26,45960.11,0,0,0.49200603,-0.017264293108928075
Dow Jones Industrial Average,2026-03-27,45166.64,1,1,0.71588606,0.001095941591901406
Dow Jones Industrial Average,2026-03-30,45216.14,1,1,0.85043365,0.02488870312828073
Dow Jones Industrial Average,2026-03-31,46341.51,1,1,0.88596547,0.004838568958465794
Dow Jones Industrial Average,2026-04-01,46565.74,0,1,0.5534874,-0.0013114019497892926
Dow Jones Industrial Average,2026-04-02,46504.67,1,0,0.3642515,0.0035524817883942905
Dow Jones Industrial Average,2026-04-06,46669.88,0,1,0.549054,-0.0018302597309719504
Dow Jones Industrial Average,2026-04-07,46584.46,1,1,0.7021124,0.02845285690533772
Dow Jones Industrial Average,2026-04-08,47909.92,1,0,0.33129796,0.0057582832336029455
Dow Jones Industrial Average,2026-04-09,48185.8,0,0,0.4937972,-0.0055873409911244565
Dow Jones Industrial Average,2026-04-10,47916.57,1,1,0.7737098,0.0062959368358632695
Dow Jones Industrial Average,2026-04-13,48218.25,1,1,0.7431171,0.0065895858933080476
Dow Jones Industrial Average,2026-04-14,48535.99,0,1,0.70587534,-0.0014889879145614238
Dow Jones Industrial Average,2026-04-15,48463.72,1,1,0.77796817,0.002372909113198318
Dow Jones Industrial Average,2026-04-16,48578.72,1,1,0.8191037,0.017882540368685085
Dow Jones Industrial Average,2026-04-17,49447.43,0,1,0.83339906,-9.851068153710063e-05
Dow Jones Industrial Average,2026-04-20,49442.56,0,1,0.81527865,-0.005929703241530748
Dow Jones Industrial Average,2026-04-21,49149.38,1,1,0.79578584,0.006930960423591426
Dow Jones Industrial Average,2026-04-22,49490.03,0,1,0.76567054,-0.0036312565435779876
Dow Jones Industrial Average,2026-04-23,49310.32,0,1,0.7373342,-0.0016144571666877328
Dow Jones Industrial Average,2026-04-24,49230.71,0,1,0.58662283,-0.0012781005768494058
Dow Jones Industrial Average,2026-04-27,49167.79,0,1,0.6238126,-0.0005259418914974612
Dow Jones Industrial Average,2026-04-28,49141.93,0,1,0.60687906,-0.005700246240025075
Dow Jones Industrial Average,2026-04-29,48861.81,1,1,0.5796794,0.016174841305403476
Dow Jones Industrial Average,2026-04-30,49652.14,0,0,0.4177274,0.0
Dow Jones Industrial Average,2026-04-30,49652.14,0,0,0.40205142,-0.003078842083195088
Dow Jones Industrial Average,2026-05-01,49499.27,0,1,0.86450756,0.0
Dow Jones Industrial Average,2026-05-01,49499.27,0,1,0.82531506,0.0
Dow Jones Industrial Average,2026-05-01,49499.27,0,1,0.78001904,-0.011260188395305626
Dow Jones Industrial Average,2026-05-04,48941.9,1,1,0.87680954,0.007281115192703691
Dow Jones Industrial Average,2026-05-05,49298.25,1,0,0.4672362,0.01242112651057603
Dow Jones Industrial Average,2026-05-06,49910.59,0,0,0.2997089,-0.006283656459615705
Dow Jones Industrial Average,2026-05-07,49596.97,1,1,0.70326734,0.00024580937696327965
Dow Jones Industrial Average,2026-05-08,49609.16,0,1,0.92381877,0.0
Dow Jones Industrial Average,2026-05-08,49609.16,0,1,0.7043819,0.0
CAC 40,2025-06-04,7804.67,0,1,0.55460876,-0.0018450363928907976
CAC 40,2025-06-05,7790.27,1,1,0.54260474,0.0018741455687671937
CAC 40,2025-06-06,7804.87,0,0,0.4852016,-0.0017168639360186644
CAC 40,2025-06-09,7791.47,1,1,0.57555985,0.0016505100667651984
CAC 40,2025-06-10,7804.33,0,1,0.64668393,-0.0036428751264634407
CAC 40,2025-06-11,7775.9,0,1,0.7495461,-0.0013876207434203591
CAC 40,2025-06-12,7765.11,0,0,0.43680474,-0.010357831509892779
CAC 40,2025-06-13,7684.68,1,0,0.23937063,0.00749022711446079
CAC 40,2025-06-16,7742.24,0,0,0.26611394,-0.007557270052148568
CAC 40,2025-06-17,7683.73,0,1,0.63475364,-0.0035932938820077975
CAC 40,2025-06-18,7656.12,0,1,0.721451,-0.0134101736465706
CAC 40,2025-06-19,7553.45,1,1,0.6625833,0.004793835802346269
CAC 40,2025-06-20,7589.66,0,1,0.6942958,-0.006863337570765071
CAC 40,2025-06-23,7537.57,1,1,0.75711083,0.010403936823245141
CAC 40,2025-06-24,7615.99,0,0,0.38537437,-0.00759323456062222
CAC 40,2025-06-25,7558.16,0,0,0.45634672,-0.00011247446170836728
CAC 40,2025-06-26,7557.31,1,1,0.6160238,0.01776289423402111
CAC 40,2025-06-27,7691.55,0,1,0.52712727,-0.003333476434099092
CAC 40,2025-06-30,7665.91,0,1,0.5356592,-0.00043313838975056473
CAC 40,2025-07-01,7662.59,1,1,0.6542704,0.009896145034411274
CAC 40,2025-07-02,7738.42,1,1,0.8413983,0.002084391931226115
CAC 40,2025-07-03,7754.55,0,1,0.83137953,-0.007515562025277034
CAC 40,2025-07-04,7696.27,1,1,0.83637726,0.003534205530731027
CAC 40,2025-07-07,7723.47,1,1,0.7143365,0.005598493796221238
CAC 40,2025-07-08,7766.71,1,1,0.5220201,0.014388331738921734
CAC 40,2025-07-09,7878.46,1,0,0.47558108,0.003019625662883385
CAC 40,2025-07-10,7902.25,0,0,0.41728616,-0.009232813439210341
CAC 40,2025-07-11,7829.29,0,0,0.43959257,-0.002697575386784723
CAC 40,2025-07-14,7808.17,0,1,0.52064306,-0.005373845669008781
CAC 40,2025-07-15,7766.21,0,1,0.5557086,-0.0056810464821323015
CAC 40,2025-07-16,7722.09,1,1,0.78336036,0.01293823337822353
CAC 40,2025-07-17,7822.0,1,1,0.73153,8.564305804137362e-05
CAC 40,2025-07-18,7822.67,0,1,0.7223294,-0.003125492998240942
CAC 40,2025-07-21,7798.22,0,1,0.69321567,-0.0069002924539114385
CAC 40,2025-07-22,7744.41,1,0,0.41421166,0.013689874020361037
CAC 40,2025-07-23,7850.43,0,0,0.3963817,-0.004095367920091797
CAC 40,2025-07-24,7818.28,1,0,0.4236538,0.002084895963943456
CAC 40,2025-07-25,7834.58,0,0,0.41413036,-0.004301468562431299
CAC 40,2025-07-28,7800.88,1,1,0.5839661,0.007240208889768951
CAC 40,2025-07-29,7857.36,1,1,0.7424428,0.0005854511004388385
CAC 40,2025-07-30,7861.96,0,1,0.7813953,-0.011446229693358956
CAC 40,2025-07-31,7771.97,0,1,0.5191967,-0.02905440888077515
CAC 40,2025-08-01,7546.16,1,0,0.24802023,0.01137659388678225
CAC 40,2025-08-04,7632.01,0,0,0.23782416,-0.001437340921653374
CAC 40,2025-08-05,7621.04,1,1,0.68585634,0.0018356812193611738
CAC 40,2025-08-06,7635.03,1,1,0.8797797,0.009730151937324516
CAC 40,2025-08-07,7709.32,1,1,0.7850741,0.004368764154783156
CAC 40,2025-08-08,7743.0,0,1,0.75489354,-0.005744543458607754
CAC 40,2025-08-11,7698.52,1,1,0.77591056,0.007131227820412089
CAC 40,2025-08-12,7753.42,1,1,0.576008,0.006648717683921612
CAC 40,2025-08-13,7804.97,1,1,0.68974835,0.008375381112922131
CAC 40,2025-08-14,7870.34,1,1,0.61080605,0.006748171152661131
CAC 40,2025-08-15,7923.45,0,0,0.23278768,-0.004972631745700951
CAC 40,2025-08-18,7884.05,1,0,0.21148475,0.012053488043670235
CAC 40,2025-08-19,7979.08,0,0,0.22980273,-0.0007582703675327318
CAC 40,2025-08-20,7973.03,0,0,0.334239,-0.004357164198734109
CAC 40,2025-08-21,7938.29,1,1,0.63041806,0.003955499232202397
CAC 40,2025-08-22,7969.69,0,1,0.7802974,-0.01589144641625273
CAC 40,2025-08-25,7843.04,0,1,0.8402531,-0.016987022889083825
CAC 40,2025-08-26,7709.81,1,1,0.81527364,0.0044255435033349055
CAC 40,2025-08-27,7743.93,1,1,0.7004949,0.0024109075776534983
CAC 40,2025-08-28,7762.6,0,1,0.5325826,-0.007561925030763805
CAC 40,2025-08-29,7703.9,1,1,0.67799234,0.0005192175459081128
CAC 40,2025-09-01,7707.9,0,1,0.7783288,-0.006960378403461198
CAC 40,2025-09-02,7654.25,1,1,0.84245837,0.008552111572002419
CAC 40,2025-09-03,7719.71,0,1,0.75772923,-0.002693119301113711
CAC 40,2025-09-04,7698.92,0,1,0.56620944,-0.0031355177497039977
CAC 40,2025-09-05,7674.78,1,0,0.36218756,0.007825631687830237
CAC 40,2025-09-08,7734.84,1,0,0.27233228,0.0018811378614460583
CAC 40,2025-09-09,7749.39,1,0,0.4713542,0.0015394372777801646
CAC 40,2025-09-10,7761.32,1,1,0.6288282,0.008014126669538824
CAC 40,2025-09-11,7823.52,1,1,0.5775882,0.00021987545248181029
CAC 40,2025-09-12,7825.24,1,1,0.66503966,0.00916138011967993
CAC 40,2025-09-15,7896.93,0,1,0.69359994,-0.009967164202616341
CAC 40,2025-09-16,7818.22,0,1,0.8198115,-0.003995819918195753
CAC 40,2025-09-17,7786.98,1,1,0.60321736,0.008684997264664984
CAC 40,2025-09-18,7854.61,0,1,0.5554387,-0.00012987277700460265
CAC 40,2025-09-19,7853.59,0,1,0.577772,-0.002989702874473976
CAC 40,2025-09-22,7830.11,1,1,0.60633373,0.005352428067452841
CAC 40,2025-09-23,7872.02,0,1,0.5244244,-0.0056617996397366754
CAC 40,2025-09-24,7827.45,0,1,0.8016014,-0.004092047752664141
CAC 40,2025-09-25,7795.42,1,1,0.8571908,0.009654425414594936
CAC 40,2025-09-26,7870.68,1,1,0.6697401,0.0012946657393093641
CAC 40,2025-09-29,7880.87,1,1,0.7632485,0.0019122000247155935
CAC 40,2025-09-30,7895.94,1,1,0.7924289,0.008993267539941563
CAC 40,2025-10-01,7966.95,1,1,0.7903865,0.011256465491650713
CAC 40,2025-10-02,8056.63,1,1,0.7931641,0.003091875921965803
CAC 40,2025-10-03,8081.54,0,1,0.65250313,-0.013581594597069313
CAC 40,2025-10-06,7971.78,1,1,0.7393408,0.00038514611254059083
CAC 40,2025-10-07,7974.85,1,1,0.5865675,0.010693592848848743
CAC 40,2025-10-08,8060.13,0,0,0.29302096,-0.0023287465875704294
CAC 40,2025-10-09,8041.36,0,0,0.44681457,-0.015340676394797415
CAC 40,2025-10-10,7918.0,1,1,0.61528593,0.0020535236170748927
CAC 40,2025-10-13,7934.26,0,1,0.50951624,-0.0018451248596623726
CAC 40,2025-10-14,7919.62,1,1,0.7090328,0.019872152705910695
CAC 40,2025-10-15,8077.0,1,1,0.8915756,0.013815748421443619
CAC 40,2025-10-16,8188.59,0,1,0.8965598,-0.0017572744943212815
CAC 40,2025-10-17,8174.2,1,1,0.8115117,0.003898864625312193
CAC 40,2025-10-20,8206.07,1,1,0.6735253,0.006433054808219207
CAC 40,2025-10-21,8258.86,0,0,0.14618629,-0.006295093691134346
CAC 40,2025-10-22,8206.87,1,1,0.5154665,0.002304191460274163
CAC 40,2025-10-23,8225.78,0,1,0.7758337,-1.82839796973866e-05
CAC 40,2025-10-24,8225.63,1,1,0.8632857,0.001647265943730325
CAC 40,2025-10-27,8239.18,0,1,0.6669642,-0.002742942965548112
CAC 40,2025-10-28,8216.58,0,1,0.61098933,-0.0019107949790447831
CAC 40,2025-10-29,8200.88,0,0,0.18065038,-0.005315271108896513
CAC 40,2025-10-30,8157.29,0,0,0.26557904,-0.004440224633425971
CAC 40,2025-10-31,8121.07,0,0,0.33990398,-0.0013889549379320076
CAC 40,2025-11-03,8109.79,0,0,0.47705242,-0.005211010396076854
CAC 40,2025-11-04,8067.53,1,1,0.68101835,0.0008305144407398934
CAC 40,2025-11-05,8074.23,0,1,0.7116501,-0.013556710670862615
CAC 40,2025-11-06,7964.77,0,1,0.83281326,-0.0018317917529320216
CAC 40,2025-11-07,7950.18,1,1,0.69894725,0.01324870598530592
CAC 40,2025-11-10,8055.51,1,1,0.85034686,0.012503268259943079
CAC 40,2025-11-11,8156.23,1,1,0.694043,0.010422732071067253
CAC 40,2025-11-12,8241.24,0,0,0.44607392,-0.0010617334026983283
CAC 40,2025-11-13,8232.49,0,1,0.71262306,-0.007579772156910747
CAC 40,2025-11-14,8170.09,0,1,0.8651529,-0.00625082480733552
CAC 40,2025-11-17,8119.02,0,1,0.76453614,-0.018609364184347443
CAC 40,2025-11-18,7967.93,0,0,0.42990068,-0.0017771491020339703
CAC 40,2025-11-19,7953.77,1,0,0.43059045,0.00343230945828199
CAC 40,2025-11-20,7981.07,1,1,0.560393,0.0001979809774375063
CAC 40,2025-11-21,7982.65,0,1,0.68851477,-0.002878743310539056
CAC 40,2025-11-24,7959.67,1,0,0.36678275,0.008308120918431472
CAC 40,2025-11-25,8025.8,1,1,0.6528423,0.0088004188691575
CAC 40,2025-11-26,8096.43,1,1,0.7250117,0.0003754741194459399
CAC 40,2025-11-27,8099.47,1,1,0.6503262,0.0028692987845058138
CAC 40,2025-11-28,8122.71,0,0,0.29763758,-0.0031651997916951613
CAC 40,2025-12-01,8097.0,0,1,0.7329163,-0.0027652340372976703
CAC 40,2025-12-02,8074.61,1,1,0.73338604,0.0015864543499493067
CAC 40,2025-12-03,8087.42,1,1,0.7288285,0.004279473605667494
CAC 40,2025-12-04,8122.03,0,1,0.8066927,-0.0008975096348452505
CAC 40,2025-12-05,8114.74,0,1,0.8367058,-0.0007775972914081386
CAC 40,2025-12-08,8108.43,0,1,0.71888417,-0.00689657536917565
CAC 40,2025-12-09,8052.51,0,1,0.7853899,-0.003703180839345177
CAC 40,2025-12-10,8022.69,1,1,0.6102842,0.007861440587402013
CAC 40,2025-12-11,8085.76,0,0,0.22334258,-0.002119738951434025
CAC 40,2025-12-12,8068.62,1,0,0.26639447,0.006972666862825827
CAC 40,2025-12-15,8124.88,0,0,0.4606007,-0.0023039971335452325
CAC 40,2025-12-16,8106.16,0,1,0.73121655,-0.002480878677922016
CAC 40,2025-12-17,8086.05,1,1,0.89171004,0.007987868192451675
CAC 40,2025-12-18,8150.64,1,1,0.88463277,9.076587739409447e-05
CAC 40,2025-12-19,8151.38,0,1,0.71528435,-0.00371840110163435
CAC 40,2025-12-22,8121.07,0,1,0.6634538,-0.0021203733527817015
CAC 40,2025-12-23,8103.85,0,0,0.29189456,-3.331749682777829e-05
CAC 40,2025-12-24,8103.58,1,1,0.5728792,0.0010415026316579201
CAC 40,2025-12-29,8112.02,1,1,0.8524944,0.006919349311268919
CAC 40,2025-12-30,8168.15,0,1,0.8990696,-0.0022832465403211932
CAC 40,2025-12-31,8149.5,1,1,0.7463313,0.005608933063377952
CAC 40,2026-01-02,8195.21,1,1,0.7817508,0.001987746500699883
CAC 40,2026-01-05,8211.5,1,1,0.73852473,0.0031577300127869634
CAC 40,2026-01-06,8237.43,0,1,0.7190078,-0.0004260795087573932
CAC 40,2026-01-07,8233.92,1,1,0.8172735,0.0011598121084466229
CAC 40,2026-01-08,8243.47,1,1,0.88321835,0.014389584036440306
CAC 40,2026-01-09,8362.09,0,1,0.7838693,-0.00039822581192561213
CAC 40,2026-01-12,8358.76,0,1,0.70476645,-0.0013829324297607304
CAC 40,2026-01-13,8347.2,0,1,0.67689234,-0.0019444244310804493
CAC 40,2026-01-14,8330.97,0,1,0.83461785,-0.002142559707065006
CAC 40,2026-01-15,8313.12,0,1,0.91594017,-0.006517372460431603
CAC 40,2026-01-16,8258.94,0,1,0.83258075,-0.01778925538680476
CAC 40,2026-01-19,8112.02,0,1,0.79541135,-0.006094647202546377
CAC 40,2026-01-20,8062.58,1,1,0.87567425,0.0008173314147910116
CAC 40,2026-01-21,8069.17,1,1,0.53499556,0.009879603600861042
CAC 40,2026-01-22,8148.89,0,0,0.3368239,-0.0007166988299425192
CAC 40,2026-01-23,8143.05,0,0,0.22731246,-0.0014613566528844935
CAC 40,2026-01-26,8131.15,1,1,0.64919335,0.002665047412297783
CAC 40,2026-01-27,8152.82,0,1,0.8733165,-0.010565620498566686
CAC 40,2026-01-28,8066.68,1,1,0.937563,0.0005801271259024965
CAC 40,2026-01-29,8071.36,1,1,0.79570085,0.0068352670037672425
CAC 40,2026-01-30,8126.53,1,1,0.55600905,0.006723669431446533
CAC 40,2026-02-02,8181.17,0,0,0.39884248,-0.00020411506183237726
CAC 40,2026-02-03,8179.5,1,1,0.77922255,0.010105776636713859
CAC 40,2026-02-04,8262.16,0,1,0.74210775,-0.0029036352986715475
CAC 40,2026-02-05,8238.17,1,1,0.8472265,0.004329833013033468
CAC 40,2026-02-06,8273.84,1,1,0.6439474,0.005975520579936777
CAC 40,2026-02-09,8323.28,1,1,0.5878958,0.0005526186592561544
CAC 40,2026-02-10,8327.88,0,1,0.63846904,-0.001757914400278504
CAC 40,2026-02-11,8313.24,1,0,0.44650263,0.0032862517313045903
CAC 40,2026-02-12,8340.56,0,1,0.54694486,-0.003455331702203801
CAC 40,2026-02-13,8311.74,1,1,0.6835437,0.0005726598624917756
CAC 40,2026-02-16,8316.5,1,1,0.7948605,0.005406120363133482
CAC 40,2026-02-17,8361.46,1,1,0.7964447,0.008081160467191317
CAC 40,2026-02-18,8429.03,0,1,0.5969476,-0.0035887876687310527
CAC 40,2026-02-19,8398.78,1,1,0.63299537,0.01389605345433309
CAC 40,2026-02-20,8515.49,0,1,0.5324775,-0.0021514087351071076
CAC 40,2026-02-23,8497.17,1,1,0.7625476,0.002593816560028772
CAC 40,2026-02-24,8519.21,1,1,0.85924715,0.004678872806281431
CAC 40,2026-02-25,8559.07,1,1,0.8523935,0.007227350381734832
CAC 40,2026-02-26,8620.93,0,1,0.6950067,-0.00466071542144697
CAC 40,2026-02-27,8580.75,0,1,0.53957915,-0.021726504093465104
CAC 40,2026-03-02,8394.32,0,1,0.54942,-0.0346044098412589
CAC 40,2026-03-03,8103.84,1,1,0.790345,0.007883941634680314
CAC 40,2026-03-04,8167.73,0,1,0.86789,-0.014928284847809614
CAC 40,2026-03-05,8045.8,0,1,0.65040433,-0.00650147919415045
CAC 40,2026-03-06,7993.49,0,0,0.2629673,-0.009774241044293697
CAC 40,2026-03-09,7915.36,1,0,0.49851015,0.017939803343623106
CAC 40,2026-03-10,8057.36,0,1,0.66088986,-0.0019298877291059613
CAC 40,2026-03-11,8041.81,0,1,0.76612246,-0.007133990890931252
CAC 40,2026-03-12,7984.44,0,1,0.55173355,-0.00913152342721002
CAC 40,2026-03-13,7911.53,1,1,0.7668033,0.0030892129105042354
CAC 40,2026-03-16,7935.97,1,1,0.7707649,0.004853848871559485
CAC 40,2026-03-17,7974.49,0,1,0.56711924,-0.000578131000775528
CAC 40,2026-03-18,7969.88,0,0,0.4655084,-0.020327759267739998
CAC 40,2026-03-19,7807.87,0,0,0.18286788,-0.01821879695462658
CAC 40,2026-03-20,7665.62,1,0,0.21252188,0.007902830979062081
CAC 40,2026-03-23,7726.2,1,0,0.4829338,0.0022934559733516213
CAC 40,2026-03-24,7743.92,1,1,0.7545518,0.013252965077802603
CAC 40,2026-03-25,7846.55,0,0,0.3636091,-0.00984377872679787
CAC 40,2026-03-26,7769.31,0,1,0.6160693,-0.008669997610212477
CAC 40,2026-03-27,7701.95,1,1,0.8651483,0.009153525817396257
CAC 40,2026-03-30,7772.45,1,1,0.83646816,0.005724025095715568
CAC 40,2026-03-31,7816.94,1,1,0.819881,0.02102230567232577
CAC 40,2026-04-01,7981.27,0,0,0.29520684,-0.0023655257872494673
CAC 40,2026-04-02,7962.39,0,0,0.15183772,-0.006737914034128933
CAC 40,2026-04-07,7908.74,1,0,0.30400854,0.04490347274272577
CAC 40,2026-04-08,8263.87,0,0,0.18224607,-0.002186663122887067
CAC 40,2026-04-09,8245.8,1,0,0.4648907,0.0016735550625421869
CAC 40,2026-04-10,8259.6,0,1,0.6278995,-0.002859593823410056
CAC 40,2026-04-13,8235.98,1,1,0.6435342,0.011155915194311028
CAC 40,2026-04-14,8327.86,0,1,0.7076835,-0.006399014565613981
CAC 40,2026-04-15,8274.57,0,1,0.8114535,-0.0014345276636298365
CAC 40,2026-04-16,8262.7,1,1,0.90758073,0.01965818631541305
CAC 40,2026-04-17,8425.13,0,1,0.87871593,-0.011166605276910824
CAC 40,2026-04-20,8331.05,0,1,0.8664223,-0.011442747587464996
CAC 40,2026-04-21,8235.72,0,1,0.84077895,-0.00962751318503463
CAC 40,2026-04-22,8156.43,1,1,0.8107319,0.008691314491969804
CAC 40,2026-04-23,8227.32,0,1,0.776737,-0.008447525739334494
CAC 40,2026-04-24,8157.82,0,1,0.66123056,-0.0019490379034849958
CAC 40,2026-04-27,8141.92,0,1,0.6267347,-0.004646336547722618
CAC 40,2026-04-28,8104.09,0,1,0.6332424,-0.003943675451375195
CAC 40,2026-04-29,8072.13,1,1,0.64349705,0.005291032296197207
CAC 40,2026-04-30,8114.84,0,0,0.48070934,0.0
CAC 40,2026-04-30,8114.84,0,0,0.3042648,-0.017094570369707074
CAC 40,2026-05-04,7976.12,1,1,0.7026947,0.010806005792214579
CAC 40,2026-05-05,8062.31,1,0,0.26147947,0.02940966014194868
CAC 40,2026-05-06,8299.42,0,0,0.2305894,-0.01172850647067536
CAC 40,2026-05-07,8202.08,0,1,0.65854955,-0.010913121904283618
CAC 40,2026-05-08,8112.57,0,1,0.8521826,0.0
CAC 40,2026-05-08,8112.57,0,1,0.9197831,0.0
CAC 40,2026-05-08,8112.57,0,1,0.6643509,-0.006926276307662738
FTSE 100,2025-06-05,8811.0,1,1,0.70652354,0.003053047327204572
FTSE 100,2025-06-06,8837.9,0,1,0.6683363,-0.0006337025477227698
FTSE 100,2025-06-09,8832.3,1,1,0.54824084,0.0023549698799851804
FTSE 100,2025-06-10,8853.1,1,1,0.5775706,0.0012764794829598358
FTSE 100,2025-06-11,8864.4,1,1,0.6917518,0.0023126211672477304
FTSE 100,2025-06-12,8884.9,0,1,0.55226856,-0.0038605722580751234
FTSE 100,2025-06-13,8850.6,1,0,0.40256134,0.0027795404957648984
FTSE 100,2025-06-16,8875.2,0,0,0.37204698,-0.004642171339413803
FTSE 100,2025-06-17,8834.0,1,1,0.54645693,0.0010753905365632477
FTSE 100,2025-06-18,8843.5,0,1,0.58112454,-0.005846124272064102
FTSE 100,2025-06-19,8791.8,0,1,0.7543632,-0.0019449487464445747
FTSE 100,2025-06-20,8774.7,0,1,0.769579,-0.0019032217191875533
FTSE 100,2025-06-23,8758.0,1,1,0.7208035,0.00011418131993612413
FTSE 100,2025-06-24,8759.0,0,1,0.5237331,-0.0045895878524945255
FTSE 100,2025-06-25,8718.8,1,1,0.54474723,0.0019268477755389757
FTSE 100,2025-06-26,8735.6,1,1,0.60228765,0.007246302818183281
FTSE 100,2025-06-27,8798.9,0,1,0.5049618,-0.0043074018658059154
FTSE 100,2025-06-30,8761.0,1,0,0.4938626,0.0027736331469010445
FTSE 100,2025-07-01,8785.3,0,1,0.60746986,-0.0012065154566497371
FTSE 100,2025-07-02,8774.7,1,1,0.8155241,0.005527254367049483
FTSE 100,2025-07-03,8823.2,0,1,0.80469686,-3.3978601097439665e-05
FTSE 100,2025-07-04,8822.9,0,1,0.80245036,-0.0018588445133077558
FTSE 100,2025-07-07,8806.5,1,1,0.71916896,0.005416476466246545
FTSE 100,2025-07-08,8854.2,1,1,0.5491993,0.0014456189956040255
FTSE 100,2025-07-09,8867.0,1,1,0.5420246,0.012258960189466483
FTSE 100,2025-07-10,8975.7,0,0,0.4093375,-0.003854919307576643
FTSE 100,2025-07-11,8941.1,1,0,0.42124575,0.0063750548086949355
FTSE 100,2025-07-14,8998.1,0,0,0.47290993,-0.006645825525202986
FTSE 100,2025-07-15,8938.3,0,1,0.54240996,-0.0013089961471197675
FTSE 100,2025-07-16,8926.6,1,1,0.7673901,0.005153138043740624
FTSE 100,2025-07-17,8972.6,1,1,0.79059035,0.002173283203231291
FTSE 100,2025-07-18,8992.1,1,1,0.7673309,0.002324306994998082
FTSE 100,2025-07-21,9013.0,1,1,0.701659,0.0011982469765894344
FTSE 100,2025-07-22,9023.8,1,0,0.486314,0.004177863077148514
FTSE 100,2025-07-23,9061.5,1,1,0.52225953,0.008486497820449301
FTSE 100,2025-07-24,9138.4,0,0,0.4658637,-0.001980718638679879
FTSE 100,2025-07-25,9120.3,0,0,0.45624515,-0.004265144880434724
FTSE 100,2025-07-28,9081.4,1,1,0.5844759,0.00604525707290704
FTSE 100,2025-07-29,9136.3,1,1,0.7351696,6.573777274687664e-05
FTSE 100,2025-07-30,9136.9,0,1,0.78485554,-0.00044879552369858633
FTSE 100,2025-07-31,9132.8,0,1,0.5615735,-0.007029629621356781
FTSE 100,2025-08-01,9068.6,1,0,0.22684595,0.00658317740701686
FTSE 100,2025-08-04,9128.3,1,0,0.23907363,0.0015775555487340664
FTSE 100,2025-08-05,9142.7,1,1,0.520436,0.0023624968037343486
FTSE 100,2025-08-06,9164.3,0,1,0.81550837,-0.006929061836235428
FTSE 100,2025-08-07,9100.8,0,1,0.83571494,-0.0005603463554929577
FTSE 100,2025-08-08,9095.7,1,1,0.800416,0.0037380299759659508
FTSE 100,2025-08-11,9129.7,1,1,0.7158521,0.0019824966432087088
FTSE 100,2025-08-12,9147.8,1,1,0.610542,0.0019021404469301562
FTSE 100,2025-08-13,9165.2,1,1,0.7654775,0.0013093003685833438
FTSE 100,2025-08-14,9177.2,0,1,0.7085976,-0.004173364333928231
FTSE 100,2025-08-15,9138.9,1,0,0.30892304,0.002057118381550538
FTSE 100,2025-08-18,9157.7,1,0,0.23300469,0.0034397282409397434
FTSE 100,2025-08-19,9189.2,1,0,0.2294091,0.01076256886861593
FTSE 100,2025-08-20,9288.1,1,0,0.30681443,0.002271788730603186
FTSE 100,2025-08-21,9309.2,1,1,0.5616479,0.0013105529731760601
FTSE 100,2025-08-22,9321.4,0,1,0.7358619,-0.005964833352722354
FTSE 100,2025-08-26,9265.8,0,1,0.80870885,-0.0011115931945778756
FTSE 100,2025-08-27,9255.5,0,1,0.7160393,-0.004181319215601498
FTSE 100,2025-08-28,9216.8,0,1,0.5272946,-0.003200677094016946
FTSE 100,2025-08-29,9187.3,1,1,0.6500561,0.0009796131829724608
FTSE 100,2025-09-01,9196.3,0,1,0.77015835,-0.008655611684169062
FTSE 100,2025-09-02,9116.7,1,1,0.8232258,0.006723902141698268
FTSE 100,2025-09-03,9178.0,1,1,0.74223924,0.004238439747221712
FTSE 100,2025-09-04,9216.9,0,1,0.62168556,-0.0009439398954556033
FTSE 100,2025-09-05,9208.2,1,0,0.46362293,0.001433526608163982
FTSE 100,2025-09-08,9221.4,1,0,0.38471925,0.002288112334868364
FTSE 100,2025-09-09,9242.5,0,1,0.5253227,-0.0018501054909385584
FTSE 100,2025-09-10,9225.4,1,1,0.62522674,0.007826131860899865
FTSE 100,2025-09-11,9297.6,0,1,0.5716234,-0.0015380098751508475
FTSE 100,2025-09-12,9283.3,0,1,0.62859094,-0.0006786164548947538
FTSE 100,2025-09-15,9277.0,0,1,0.6900587,-0.008763587366605652
FTSE 100,2025-09-16,9195.7,1,1,0.8050992,0.0013811020067837632
FTSE 100,2025-09-17,9208.4,1,1,0.57584727,0.00213926405719711
FTSE 100,2025-09-18,9228.1,0,1,0.5911776,-0.0012352922588741988
FTSE 100,2025-09-19,9216.7,1,1,0.61379474,0.001084987010860905
FTSE 100,2025-09-22,9226.7,0,1,0.5947908,-0.00036853912301160197
FTSE 100,2025-09-23,9223.3,1,1,0.57151246,0.0029382759519538393
FTSE 100,2025-09-24,9250.4,0,1,0.78865004,-0.00393500804570579
FTSE 100,2025-09-25,9214.0,1,1,0.8676864,0.007683937486433701
FTSE 100,2025-09-26,9284.8,1,1,0.698544,0.001615543719100998
FTSE 100,2025-09-29,9299.8,1,1,0.75669044,0.005441041859847395
FTSE 100,2025-09-30,9350.4,1,1,0.7695304,0.010266940012536807
FTSE 100,2025-10-01,9446.4,0,1,0.77037925,-0.0019796111966629004
FTSE 100,2025-10-02,9427.7,1,1,0.8260181,0.006746035475332812
FTSE 100,2025-10-03,9491.3,0,1,0.668669,-0.0012854087698295213
FTSE 100,2025-10-06,9479.1,1,1,0.7382032,0.00047472863350850325
FTSE 100,2025-10-07,9483.6,1,1,0.66704094,0.0068856555268319575
FTSE 100,2025-10-08,9548.9,0,0,0.41821155,-0.004136601948429575
FTSE 100,2025-10-09,9509.4,0,1,0.5702341,-0.008612572460404588
FTSE 100,2025-10-10,9427.5,1,1,0.65266806,0.0016335613895519518
FTSE 100,2025-10-13,9442.9,1,0,0.48781475,0.0010483431552450462
FTSE 100,2025-10-14,9452.8,0,1,0.66376364,-0.0029620853707279515
FTSE 100,2025-10-15,9424.8,1,1,0.88915175,0.0011989432390913102
FTSE 100,2025-10-16,9436.1,0,1,0.88122237,-0.008637043212218698
FTSE 100,2025-10-17,9354.6,1,1,0.85581887,0.005238064919422136
FTSE 100,2025-10-20,9403.6,1,1,0.7337874,0.0024884513372942507
FTSE 100,2025-10-21,9427.0,1,0,0.17799686,0.009334889148191472
FTSE 100,2025-10-22,9515.0,1,0,0.43985194,0.006684140830268026
FTSE 100,2025-10-23,9578.6,1,1,0.6801118,0.006994759442706
FTSE 100,2025-10-24,9645.6,1,1,0.8025956,0.0008501493261239279
FTSE 100,2025-10-27,9653.8,1,1,0.61845356,0.004443887473199792
FTSE 100,2025-10-28,9696.7,1,1,0.5718358,0.006125733370616171
FTSE 100,2025-10-29,9756.1,1,0,0.25062925,0.00040999991431012184
FTSE 100,2025-10-30,9760.1,0,0,0.32444903,-0.004385180659426724
FTSE 100,2025-10-31,9717.3,0,0,0.42875013,-0.0016361952730943319
FTSE 100,2025-11-03,9701.4,1,1,0.54845554,0.001401818236468122
FTSE 100,2025-11-04,9715.0,1,1,0.6763947,0.0063921358723622035
FTSE 100,2025-11-05,9777.1,0,1,0.7189455,-0.004224136164062253
FTSE 100,2025-11-06,9735.8,0,1,0.7584929,-0.005464389273904469
FTSE 100,2025-11-07,9682.6,1,1,0.681298,0.010802945936130515
FTSE 100,2025-11-10,9787.2,1,1,0.75735307,0.01148432623254192
FTSE 100,2025-11-11,9899.6,1,1,0.61712396,0.001192048211727803
FTSE 100,2025-11-12,9911.4,0,1,0.55972624,-0.010462719274261345
FTSE 100,2025-11-13,9807.7,0,1,0.7822559,-0.011144284365461998
FTSE 100,2025-11-14,9698.4,0,1,0.8973425,-0.0023715251022220496
FTSE 100,2025-11-17,9675.4,0,1,0.8076175,-0.012723049683814658
FTSE 100,2025-11-18,9552.3,0,0,0.49957734,-0.004700375924130862
FTSE 100,2025-11-19,9507.4,1,0,0.4432844,0.0021351577871906446
FTSE 100,2025-11-20,9527.7,1,0,0.46169174,0.0012594854737348893
FTSE 100,2025-11-21,9539.7,0,1,0.6148499,-0.0005031395011761974
FTSE 100,2025-11-24,9534.9,1,0,0.36448163,0.007823846801797707
FTSE 100,2025-11-25,9609.5,1,1,0.6070516,0.008543587075290127
FTSE 100,2025-11-26,9691.6,1,1,0.66464686,0.00023740147085749008
FTSE 100,2025-11-27,9693.9,1,1,0.68320864,0.002743952269202099
FTSE 100,2025-11-28,9720.5,0,0,0.38242906,-0.0018517565968828587
FTSE 100,2025-12-01,9702.5,0,1,0.7293192,-7.216696727641025e-05
FTSE 100,2025-12-02,9701.8,0,1,0.72038114,-0.0009998351027611374
FTSE 100,2025-12-03,9692.1,1,1,0.7197968,0.0019398067267077934
FTSE 100,2025-12-04,9710.9,0,1,0.7819713,-0.004520734246229119
FTSE 100,2025-12-05,9667.0,0,1,0.848904,-0.0022654805006724343
FTSE 100,2025-12-08,9645.1,0,1,0.76173025,-0.00032136526615023087
FTSE 100,2025-12-09,9642.0,1,1,0.7951767,0.001400124455507079
FTSE 100,2025-12-10,9655.5,1,1,0.66220605,0.004940210242866616
FTSE 100,2025-12-11,9703.2,0,0,0.30661425,-0.005585806629033518
FTSE 100,2025-12-12,9649.0,1,0,0.3216585,0.010602114208726254
FTSE 100,2025-12-15,9751.3,0,0,0.47923255,-0.006819603679911523
FTSE 100,2025-12-16,9684.8,1,1,0.72413796,0.009241285503909014
FTSE 100,2025-12-17,9774.3,1,1,0.8459539,0.0064966290475354516
FTSE 100,2025-12-18,9837.8,1,1,0.86402357,0.0060583261716709025
FTSE 100,2025-12-19,9897.4,0,1,0.6611874,-0.003172590653198193
FTSE 100,2025-12-22,9866.0,1,1,0.6385743,0.0023515305088182004
FTSE 100,2025-12-23,9889.2,0,0,0.3500629,-0.0018707276246667792
FTSE 100,2025-12-24,9870.7,0,1,0.5997126,-0.0004255219908309016
FTSE 100,2025-12-29,9866.5,1,1,0.8450708,0.007520417574621074
FTSE 100,2025-12-30,9940.7,0,1,0.89766484,-0.0009355276603150164
FTSE 100,2025-12-31,9931.4,1,1,0.7990136,0.001983526915297684
FTSE 100,2026-01-02,9951.1,1,1,0.82523817,0.005376290274493822
FTSE 100,2026-01-05,10004.6,1,1,0.77359664,0.011804630342227673
FTSE 100,2026-01-06,10122.7,0,1,0.7657271,-0.007359696378244962
FTSE 100,2026-01-07,10048.2,0,1,0.82758874,-0.00034832108540194806
FTSE 100,2026-01-08,10044.7,1,1,0.87768817,0.00795438374556956
FTSE 100,2026-01-09,10124.6,1,1,0.8105566,0.0015902456033916046
FTSE 100,2026-01-12,10140.7,0,1,0.6583242,-0.0003254015930772569
FTSE 100,2026-01-13,10137.4,1,1,0.6499896,0.0046362970924971325
FTSE 100,2026-01-14,10184.4,1,1,0.81451035,0.005351321418981092
FTSE 100,2026-01-15,10238.9,0,1,0.89655733,-0.0003516588558669653
FTSE 100,2026-01-16,10235.3,0,1,0.8325651,-0.0038982150771978974
FTSE 100,2026-01-19,10195.4,0,1,0.80899024,-0.006728583214838713
FTSE 100,2026-01-20,10126.8,1,1,0.8641356,0.0011158312816650362
FTSE 100,2026-01-21,10138.1,1,1,0.5626509,0.001183653788526584
FTSE 100,2026-01-22,10150.1,0,0,0.40350354,-0.0006600132278503645
FTSE 100,2026-01-23,10143.4,1,0,0.3234528,0.0005422244792780972
FTSE 100,2026-01-26,10148.9,1,1,0.67561805,0.005803525276492083
FTSE 100,2026-01-27,10207.8,0,1,0.85254705,-0.005231235040483506
FTSE 100,2026-01-28,10154.4,1,1,0.92383456,0.001713483742476818
FTSE 100,2026-01-29,10171.8,1,1,0.8333765,0.005082699327212392
FTSE 100,2026-01-30,10223.5,1,1,0.67185575,0.011551777766909632
FTSE 100,2026-02-02,10341.6,0,1,0.53226626,-0.0026108146751301353
FTSE 100,2026-02-03,10314.6,1,1,0.7664694,0.008502530723538904
FTSE 100,2026-02-04,10402.3,0,1,0.70799154,-0.008949905481478337
FTSE 100,2026-02-05,10309.2,1,1,0.8188075,0.005878205760326827
FTSE 100,2026-02-06,10369.8,1,1,0.665854,0.0015815541588370952
FTSE 100,2026-02-09,10386.2,0,1,0.64799625,-0.0031195624363180574
FTSE 100,2026-02-10,10353.8,1,1,0.6674576,0.011425737631125532
FTSE 100,2026-02-11,10472.1,0,0,0.45197186,-0.006655704458731426
FTSE 100,2026-02-12,10402.4,1,1,0.5631757,0.004229792962016754
FTSE 100,2026-02-13,10446.4,1,1,0.63358045,0.0026133212355137214
FTSE 100,2026-02-16,10473.7,1,1,0.736019,0.007876872397015955
FTSE 100,2026-02-17,10556.2,1,1,0.750558,0.012315037374907023
FTSE 100,2026-02-18,10686.2,0,1,0.59825313,-0.005539873752318347
FTSE 100,2026-02-19,10627.0,1,1,0.6179156,0.005636623694363463
FTSE 100,2026-02-20,10686.9,0,1,0.57218474,-0.00020587821703677012
FTSE 100,2026-02-23,10684.7,0,1,0.77719456,-0.0003837824106660559
FTSE 100,2026-02-24,10680.6,1,1,0.85323554,0.01177843985463145
FTSE 100,2026-02-25,10806.4,1,1,0.8365705,0.0037292528971994976
FTSE 100,2026-02-26,10846.7,1,1,0.73749715,0.005891137288002168
FTSE 100,2026-02-27,10910.6,0,1,0.5960261,-0.01196084585488777
FTSE 100,2026-03-02,10780.1,0,1,0.5695666,-0.02745800233608231
FTSE 100,2026-03-03,10484.1,1,1,0.7636781,0.007974037179120153
FTSE 100,2026-03-04,10567.7,0,1,0.86421084,-0.014553762605793774
FTSE 100,2026-03-05,10413.9,0,1,0.7436701,-0.01239694975381167
FTSE 100,2026-03-06,10284.8,0,0,0.42571092,-0.0034322301538626254
FTSE 100,2026-03-09,10249.5,1,1,0.558293,0.0158739645836381
FTSE 100,2026-03-10,10412.2,0,1,0.6899994,-0.005608843364344751
FTSE 100,2026-03-11,10353.8,0,1,0.73468757,-0.004693890256599498
FTSE 100,2026-03-12,10305.2,0,1,0.56850797,-0.004269689006138888
FTSE 100,2026-03-13,10261.2,1,1,0.7550125,0.005506178507266535
FTSE 100,2026-03-16,10317.7,1,1,0.7001589,0.008325440586071764
FTSE 100,2026-03-17,10403.6,0,1,0.58653635,-0.009448633528725825
FTSE 100,2026-03-18,10305.3,0,1,0.5375038,-0.023463635672200445
FTSE 100,2026-03-19,10063.5,0,0,0.1908226,-0.014428399662145264
FTSE 100,2026-03-20,9918.3,0,0,0.20347328,-0.0024298116094455535
FTSE 100,2026-03-23,9894.2,1,0,0.47211295,0.007175921101737925
FTSE 100,2026-03-24,9965.2,1,1,0.72465295,0.014209408457243278
FTSE 100,2026-03-25,10106.8,0,0,0.40433332,-0.013317726942607577
FTSE 100,2026-03-26,9972.2,0,1,0.64569193,-0.00048131805456519405
FTSE 100,2026-03-27,9967.4,1,1,0.83138007,0.01611248606005633
FTSE 100,2026-03-30,10128.0,1,1,0.80246985,0.004788704581358605
FTSE 100,2026-03-31,10176.5,1,1,0.82426745,0.018503395076892915
FTSE 100,2026-04-01,10364.8,1,0,0.38526127,0.006898348388745479
FTSE 100,2026-04-02,10436.3,0,0,0.2411821,-0.008384197625292411
FTSE 100,2026-04-07,10348.8,1,0,0.45654294,0.025133407257525553
FTSE 100,2026-04-08,10608.9,0,0,0.24323319,-0.0005090442738061585
FTSE 100,2026-04-09,10603.5,0,0,0.49760506,-0.00028292544914410023
FTSE 100,2026-04-10,10600.5,0,1,0.586197,-0.0016508655252110982
FTSE 100,2026-04-13,10583.0,1,1,0.6312641,0.0024661816120192803
FTSE 100,2026-04-14,10609.1,0,1,0.72841513,-0.004665805946434842
FTSE 100,2026-04-15,10559.6,1,1,0.7759496,0.002878934917191378
FTSE 100,2026-04-16,10590.0,1,1,0.8730874,0.007327629839471106
FTSE 100,2026-04-17,10667.6,0,1,0.8770593,-0.00548389536480165
FTSE 100,2026-04-20,10609.1,0,1,0.874811,-0.010462716364732727
FTSE 100,2026-04-21,10498.1,0,1,0.8387956,-0.002057477145673059
FTSE 100,2026-04-22,10476.5,0,1,0.8087302,-0.001861308643153703
FTSE 100,2026-04-23,10457.0,0,1,0.77705085,-0.007449593573682689
FTSE 100,2026-04-24,10379.1,0,1,0.6758824,-0.0055881533307571285
FTSE 100,2026-04-27,10321.1,1,1,0.6519339,0.0011336195224780354
FTSE 100,2026-04-28,10332.8,0,1,0.6519356,-0.011584488455878228
FTSE 100,2026-04-29,10213.1,1,1,0.66027594,0.016224281216252967
FTSE 100,2026-04-30,10378.8,0,0,0.32385987,0.0
FTSE 100,2026-04-30,10378.8,0,1,0.82117337,-0.001435560978833017
FTSE 100,2026-05-01,10363.9,0,1,0.9306162,0.0
FTSE 100,2026-05-01,10363.9,0,1,0.89405113,0.0
FTSE 100,2026-05-01,10363.9,0,1,0.646552,-0.013971651059093593
FTSE 100,2026-05-05,10219.1,1,1,0.62078345,0.021489231791027796
FTSE 100,2026-05-06,10438.7,0,1,0.52574503,-0.015490453495349832
FTSE 100,2026-05-07,10277.0,0,1,0.72843486,-0.004271713535078381
FTSE 100,2026-05-08,10233.1,0,1,0.9265697,0.0
FTSE 100,2026-05-08,10233.1,0,1,0.9277053,0.0
FTSE 100,2026-05-08,10233.1,1,1,0.53884995,0.003547390470039158
DAX P,2025-06-04,24276.48,1,1,0.7619505,0.001940132961200769
DAX P,2025-06-05,24323.58,0,1,0.722475,-0.0007860356050136685
DAX P,2025-06-06,24304.46,0,1,0.67945397,-0.005354597270659789
DAX P,2025-06-09,24174.32,0,1,0.6766464,-0.007725545028043679
DAX P,2025-06-10,23987.56,0,1,0.7025489,-0.0016116728501841537
DAX P,2025-06-11,23948.9,0,1,0.77259564,-0.007409576098951098
DAX P,2025-06-12,23771.45,0,1,0.6194746,-0.010736354264846315
DAX P,2025-06-13,23516.23,1,0,0.3801968,0.0077771222730615985
DAX P,2025-06-16,23699.12,0,0,0.37814677,-0.011159431660056951
DAX P,2025-06-17,23434.65,0,1,0.61616606,-0.004985775251846736
DAX P,2025-06-18,23317.81,0,1,0.6457545,-0.011168698707796798
DAX P,2025-06-19,23057.38,1,1,0.6597522,0.012714796241233062
DAX P,2025-06-20,23350.55,0,1,0.6270088,-0.003492037541144466
DAX P,2025-06-23,23269.01,1,1,0.72959566,0.016011437667622586
DAX P,2025-06-24,23641.58,0,1,0.6135752,-0.006059239669856109
DAX P,2025-06-25,23498.33,1,1,0.6491746,0.006424741645790544
DAX P,2025-06-26,23649.3,1,1,0.68235624,0.01623387952340649
DAX P,2025-06-27,24033.22,0,1,0.5125676,-0.005143351427717713
DAX P,2025-06-30,23909.61,0,0,0.4196773,-0.009883904669726662
DAX P,2025-07-01,23673.29,1,1,0.5525306,0.004934688184076608
DAX P,2025-07-02,23790.11,1,1,0.821021,0.006053839332071265
DAX P,2025-07-03,23934.13,0,1,0.798589,-0.0061285576072453996
DAX P,2025-07-04,23787.45,1,1,0.82706624,0.012032425065567898
DAX P,2025-07-07,24073.67,1,1,0.73103625,0.00553468999755613
DAX P,2025-07-08,24206.91,1,1,0.64852226,0.014155061392345791
DAX P,2025-07-09,24549.56,0,1,0.59870934,-0.003778071709267472
DAX P,2025-07-10,24456.81,0,0,0.4489771,-0.008239013832159303
DAX P,2025-07-11,24255.31,0,0,0.38816905,-0.0039030586724503324
DAX P,2025-07-14,24160.64,0,1,0.5228679,-0.004153511558795175
DAX P,2025-07-15,24060.29,0,1,0.6047251,-0.002115859863047187
DAX P,2025-07-16,24009.38,1,1,0.7961776,0.015058647347295784
DAX P,2025-07-17,24370.93,0,1,0.71654254,-0.0033408614690640936
DAX P,2025-07-18,24289.51,1,1,0.7103421,0.0007530411338314558
DAX P,2025-07-21,24307.8,0,1,0.6314142,-0.010938891682870877
DAX P,2025-07-22,24041.9,1,0,0.40150556,0.008273884205925786
DAX P,2025-07-23,24240.82,1,0,0.45888326,0.0022734131649828626
DAX P,2025-07-24,24295.93,0,1,0.52169573,-0.003228100384238486
DAX P,2025-07-25,24217.5,0,1,0.55763817,-0.010205041808609483
DAX P,2025-07-28,23970.36,1,1,0.6732937,0.010304797515885422
DAX P,2025-07-29,24217.37,1,1,0.7398188,0.001852042631666384
DAX P,2025-07-30,24262.22,0,1,0.7278496,-0.00810931540161941
DAX P,2025-07-31,24065.47,0,1,0.53354007,-0.02657334269385392
DAX P,2025-08-01,23425.97,1,0,0.2881935,0.01416030115669864
DAX P,2025-08-04,23757.69,1,0,0.25426623,0.0037200923936646646
DAX P,2025-08-05,23846.07,1,1,0.62451285,0.003283102792832171
DAX P,2025-08-06,23924.36,1,1,0.86876076,0.011207848683296273
DAX P,2025-08-07,24192.5,0,1,0.7888745,-0.0012251978919085582
DAX P,2025-08-08,24162.86,0,1,0.7206505,-0.003373756336139566
DAX P,2025-08-11,24081.34,0,1,0.7211012,-0.0023487272913279567
DAX P,2025-08-12,24024.78,1,1,0.6139655,0.006693526628983593
DAX P,2025-08-13,24185.59,1,1,0.74300236,0.007934898490670639
DAX P,2025-08-14,24377.5,0,1,0.68059176,-0.0007465572761767847
DAX P,2025-08-15,24359.3,0,0,0.36981544,-0.001828102553748323
DAX P,2025-08-18,24314.77,1,0,0.28242046,0.004454115840991202
DAX P,2025-08-19,24423.07,0,0,0.2916407,-0.005982032488355826
DAX P,2025-08-20,24276.97,1,0,0.39692265,0.0006742645201611719
DAX P,2025-08-21,24293.34,1,1,0.6061574,0.002871157303780958
DAX P,2025-08-22,24363.09,0,1,0.751429,-0.003692910084007517
DAX P,2025-08-25,24273.12,0,1,0.81613135,-0.004954039878624417
DAX P,2025-08-26,24152.87,0,1,0.7889679,-0.004415963981686977
DAX P,2025-08-27,24046.21,0,1,0.7917374,-0.00026162126025419674
DAX P,2025-08-28,24039.92,0,1,0.7074724,-0.005728346873568491
DAX P,2025-08-29,23902.21,1,1,0.79597586,0.005653000074566261
DAX P,2025-09-01,24037.33,0,1,0.8103559,-0.022881076962869562
DAX P,2025-09-02,23487.33,1,1,0.8574497,0.0045756882345686645
DAX P,2025-09-03,23594.8,1,1,0.7706763,0.007439321123660303
DAX P,2025-09-04,23770.33,0,1,0.71823686,-0.007292687954720378
DAX P,2025-09-05,23596.98,1,0,0.46768263,0.008905817420156836
DAX P,2025-09-08,23807.13,0,0,0.40395346,-0.003725005771275103
DAX P,2025-09-09,23718.45,0,1,0.53226584,-0.003604788798755032
DAX P,2025-09-10,23632.95,1,1,0.63759065,0.0029916367780284947
DAX P,2025-09-11,23703.65,0,1,0.61236197,-0.00023203177178143797
DAX P,2025-09-12,23698.15,1,1,0.6564163,0.0021397872468562618
DAX P,2025-09-15,23748.86,0,1,0.7169961,-0.01766902540170001
DAX P,2025-09-16,23329.24,1,1,0.84112155,0.0012833465532238186
DAX P,2025-09-17,23359.18,1,1,0.6555209,0.013500028855893298
DAX P,2025-09-18,23674.53,0,1,0.60619915,-0.0014834128085494669
DAX P,2025-09-19,23639.41,0,1,0.6289831,-0.004753054287284897
DAX P,2025-09-22,23527.05,1,1,0.58610535,0.003582229694509609
DAX P,2025-09-23,23611.33,1,1,0.5725514,0.002349736324257279
DAX P,2025-09-24,23666.81,0,1,0.7515825,-0.005576602728111557
DAX P,2025-09-25,23534.83,1,1,0.83672565,0.008695223170529731
DAX P,2025-09-26,23739.47,1,1,0.7604901,0.00023546439053490076
DAX P,2025-09-29,23745.06,1,1,0.7452734,0.005713196645677154
DAX P,2025-09-30,23880.72,1,1,0.77143896,0.009752569988392246
DAX P,2025-10-01,24113.62,1,1,0.80190897,0.012811905119626044
DAX P,2025-10-02,24422.56,0,1,0.8187978,-0.0017917736348733726
DAX P,2025-10-03,24378.8,0,1,0.711916,-2.0989547607208614e-05
DAX P,2025-10-06,24378.29,1,1,0.72456527,0.0003072487970452453
DAX P,2025-10-07,24385.78,1,1,0.677461,0.00866700208346427
DAX P,2025-10-08,24597.13,1,0,0.42416885,0.000574014101782927
DAX P,2025-10-09,24611.25,0,1,0.5056336,-0.015025205952562404
DAX P,2025-10-10,24241.46,1,1,0.62073815,0.006042078099344428
DAX P,2025-10-13,24387.93,0,1,0.50085324,-0.006191185633932728
DAX P,2025-10-14,24236.94,0,1,0.6106962,-0.002292797735456653
DAX P,2025-10-15,24181.37,1,1,0.8561308,0.003755800576237922
DAX P,2025-10-16,24272.19,0,1,0.8814445,-0.018177152909917726
DAX P,2025-10-17,23830.99,1,1,0.8590092,0.01795186001125537
DAX P,2025-10-20,24258.8,1,1,0.82440007,0.00293619213032148
DAX P,2025-10-21,24330.03,0,0,0.27913234,-0.0073529874458473365
DAX P,2025-10-22,24151.13,1,1,0.5069276,0.0023459853799228103
DAX P,2025-10-23,24207.79,1,1,0.62478733,0.0013260814470659188
DAX P,2025-10-24,24239.89,1,1,0.8525723,0.0028419558956260804
DAX P,2025-10-27,24308.78,0,1,0.68828005,-0.0012402268179709797
DAX P,2025-10-28,24278.63,0,1,0.5583678,-0.0063603256969486655
DAX P,2025-10-29,24124.21,0,0,0.2648678,-0.00022053778347619346
DAX P,2025-10-30,24118.89,0,0,0.32499033,-0.006658258153880325
DAX P,2025-10-31,23958.3,1,0,0.40228587,0.007267184824726769
DAX P,2025-11-03,24132.41,0,0,0.40044793,-0.007595627559819795
DAX P,2025-11-04,23949.11,1,1,0.71714336,0.004201859798594443
DAX P,2025-11-05,24049.74,0,1,0.73317754,-0.013127821646904958
DAX P,2025-11-06,23734.02,0,1,0.8440725,-0.006912381613236707
DAX P,2025-11-07,23569.96,1,1,0.6778098,0.01654772791752923
DAX P,2025-11-10,23959.99,1,1,0.83118796,0.005345173304787121
DAX P,2025-11-11,24088.06,1,1,0.7352673,0.012180324771269957
DAX P,2025-11-12,24381.46,0,1,0.5270527,-0.013938533108981965
DAX P,2025-11-13,24041.62,0,1,0.7792873,-0.006865939407550092
DAX P,2025-11-14,23876.55,0,1,0.8975541,-0.011979590452403266
DAX P,2025-11-17,23590.52,0,1,0.78764075,-0.017379447705676898
DAX P,2025-11-18,23180.53,0,0,0.41811678,-0.000759663412862488
DAX P,2025-11-19,23162.92,1,0,0.4558246,0.005004969170575135
DAX P,2025-11-20,23278.85,0,1,0.5462428,-0.008032205337157317
DAX P,2025-11-21,23091.87,1,1,0.65393853,0.006379327691581338
DAX P,2025-11-24,23239.18,1,0,0.39432245,0.009701340706100625
DAX P,2025-11-25,23464.63,1,1,0.5460576,0.01114825974100464
DAX P,2025-11-26,23726.22,1,1,0.6141232,0.0017592435191331468
DAX P,2025-11-27,23767.96,1,1,0.7154053,0.0028958394996352332
DAX P,2025-11-28,23836.79,0,0,0.38079053,-0.010376800288089183
DAX P,2025-12-01,23589.44,1,1,0.7098517,0.0051472142862911685
DAX P,2025-12-02,23710.86,0,1,0.687839,-0.0007232340131881898
DAX P,2025-12-03,23693.71,1,1,0.7766705,0.007948033163517776
DAX P,2025-12-04,23882.03,1,1,0.795985,0.00611804374597269
DAX P,2025-12-05,24028.14,1,1,0.8380759,0.0007436780189309378
DAX P,2025-12-08,24046.01,1,1,0.80483896,0.004850725794846689
DAX P,2025-12-09,24162.65,0,1,0.79665023,-0.0013454567053621247
DAX P,2025-12-10,24130.14,1,1,0.73111576,0.006815907239264174
DAX P,2025-12-11,24294.61,0,0,0.38595825,-0.004450337036495111
DAX P,2025-12-12,24186.49,1,0,0.35836896,0.001795217067088073
DAX P,2025-12-15,24229.91,0,1,0.5103593,-0.006316205827291865
DAX P,2025-12-16,24076.87,0,1,0.7420526,-0.004829502520325546
DAX P,2025-12-17,23960.59,1,1,0.87393075,0.009970964905045898
DAX P,2025-12-18,24199.5,1,1,0.85237324,0.003673646149713772
DAX P,2025-12-19,24288.4,0,1,0.6240421,-0.0001823792397623869
DAX P,2025-12-22,24283.97,1,1,0.59566516,0.0023097458275223026
DAX P,2025-12-23,24340.06,1,0,0.33755687,0.0004543374080767659
DAX P,2025-12-29,24351.12,1,1,0.5824382,0.005720110826446412
DAX P,2025-12-30,24490.41,1,1,0.8356462,0.0019979085527934703
DAX P,2026-01-02,24539.34,1,1,0.8619949,0.01342129424362093
DAX P,2026-01-05,24868.69,1,1,0.8003641,0.0009453533930687819
DAX P,2026-01-06,24892.2,1,1,0.8038026,0.009242276994151588
DAX P,2026-01-07,25122.26,1,1,0.7913578,0.00020703153463919044
DAX P,2026-01-08,25127.46,1,1,0.87579244,0.005339962542733501
DAX P,2026-01-09,25261.64,1,1,0.8725597,0.005688434978368129
DAX P,2026-01-12,25405.34,1,1,0.753198,0.0006030385785273928
DAX P,2026-01-13,25420.66,0,1,0.7313627,-0.0052878249007867195
DAX P,2026-01-14,25286.24,1,1,0.8730236,0.0026160631029676917
DAX P,2026-01-15,25352.39,0,1,0.9256391,-0.002179664271975912
DAX P,2026-01-16,25297.13,0,1,0.8231959,-0.013363981920969548
DAX P,2026-01-19,24959.06,0,1,0.7974544,-0.01025444847974144
DAX P,2026-01-20,24703.12,0,1,0.8849929,-0.005753872594979281
DAX P,2026-01-21,24560.98,1,1,0.5821985,0.012030879630395841
DAX P,2026-01-22,24856.47,1,0,0.32903594,0.0017798262888542027
DAX P,2026-01-23,24900.71,1,0,0.22060618,0.0012999307582017838
DAX P,2026-01-26,24933.08,0,1,0.55653995,-0.0015497724246270606
DAX P,2026-01-27,24894.44,0,1,0.8391938,-0.002878168837663453
DAX P,2026-01-28,24822.79,0,1,0.9050969,-0.020679714835107
DAX P,2026-01-29,24309.46,1,1,0.7883224,0.00943458190798463
DAX P,2026-01-30,24538.81,1,1,0.5272933,0.010542850070096144
DAX P,2026-02-02,24797.52,0,0,0.42978472,-0.0006746803848666216
DAX P,2026-02-03,24780.79,0,1,0.7294199,-0.0071728950713679795
DAX P,2026-02-04,24603.04,0,1,0.7319559,-0.0045514133251937094
DAX P,2026-02-05,24491.06,1,1,0.88192207,0.00940753055589405
DAX P,2026-02-06,24721.46,1,1,0.65647477,0.011868562346976974
DAX P,2026-02-09,25014.87,0,1,0.5886131,-0.0010801375730564722
DAX P,2026-02-10,24987.85,0,1,0.64864033,-0.005270529561695603
DAX P,2026-02-11,24856.15,0,1,0.5022221,-0.00013923716843933232
DAX P,2026-02-12,24852.69,1,1,0.6295298,0.0025024011988723505
DAX P,2026-02-13,24914.88,0,1,0.6690237,-0.0045744027618450644
DAX P,2026-02-16,24800.91,1,1,0.71362907,0.007963022260368602
DAX P,2026-02-17,24998.4,1,1,0.6625862,0.01119313618162554
DAX P,2026-02-18,25278.21,0,1,0.554207,-0.00928232622665548
DAX P,2026-02-19,25043.57,1,1,0.59937936,0.008669658415277892
DAX P,2026-02-20,25260.69,0,0,0.48852524,-0.010637825226425424
DAX P,2026-02-23,24991.97,0,1,0.81251067,-0.00022890151675802883
DAX P,2026-02-24,24986.25,1,1,0.8599775,0.007591755465506056
DAX P,2026-02-25,25175.94,1,1,0.8490138,0.00449159007551625
DAX P,2026-02-26,25289.02,0,1,0.7696644,-0.00018821212107489327
DAX P,2026-02-27,25284.26,0,1,0.66347736,-0.025559767424949476
DAX P,2026-03-02,24638.0,0,1,0.6866042,-0.03439197986849585
DAX P,2026-03-03,23790.65,1,1,0.80522215,0.017431595733086835
DAX P,2026-03-04,24205.36,0,1,0.84707034,-0.016095997318676503
DAX P,2026-03-05,23815.75,0,1,0.67870855,-0.009435801937793364
DAX P,2026-03-06,23591.03,0,0,0.3447349,-0.007700393132062167
DAX P,2026-03-09,23409.37,1,1,0.5417277,0.02389051142775145
DAX P,2026-03-10,23968.63,0,1,0.6609133,-0.013709652477480572
DAX P,2026-03-11,23640.03,0,1,0.76826143,-0.0021310844991211386
DAX P,2026-03-12,23589.65,0,1,0.6159982,-0.006034905036150784
DAX P,2026-03-13,23447.29,1,1,0.77043027,0.004978004045678608
DAX P,2026-03-16,23564.01,1,1,0.66475326,0.007083263901884962
DAX P,2026-03-17,23730.92,0,1,0.50958544,-0.009635947572348424
DAX P,2026-03-18,23502.25,0,0,0.4157284,-0.028196853492750695
DAX P,2026-03-19,22839.56,0,0,0.27447572,-0.020112952698892794
DAX P,2026-03-20,22380.19,1,0,0.3145461,0.012228220855770688
DAX P,2026-03-23,22653.86,0,1,0.61821276,-0.0007481815659190483
DAX P,2026-03-24,22636.91,1,1,0.78825825,0.014143710301947499
DAX P,2026-03-25,22957.08,0,0,0.45852596,-0.014989249438564167
DAX P,2026-03-26,22612.97,0,1,0.59117275,-0.013807150955181702
DAX P,2026-03-27,22300.75,1,1,0.7450273,0.011754353553131702
DAX P,2026-03-30,22562.88,1,1,0.865271,0.00519251954213007
DAX P,2026-03-31,22680.04,1,1,0.88458323,0.027286174299408383
DAX P,2026-04-01,23298.89,0,0,0.36560512,-0.005614451874373816
DAX P,2026-04-02,23168.08,0,0,0.20893542,-0.010639219949865275
DAX P,2026-04-07,22921.59,1,0,0.3387582,0.05056547604738992
DAX P,2026-04-08,24080.63,0,0,0.24068359,-0.011363518719104682
DAX P,2026-04-09,23806.99,0,1,0.61020464,-0.00012773559254886102
DAX P,2026-04-10,23803.95,0,1,0.73181933,-0.0025840124041265344
DAX P,2026-04-13,23742.44,1,1,0.71814764,0.01271062310172466
DAX P,2026-04-14,24044.22,1,1,0.739842,0.0009348816200143162
DAX P,2026-04-15,24066.7,1,1,0.7787104,0.00364701030542669
DAX P,2026-04-16,24154.47,1,1,0.85570765,0.022677768716331093
DAX P,2026-04-17,24702.24,0,1,0.84984607,-0.011514720838962544
DAX P,2026-04-20,24417.8,0,1,0.8333896,-0.006017401042931025
DAX P,2026-04-21,24270.87,0,1,0.80839527,-0.0031300362457973296
DAX P,2026-04-22,24194.9,0,1,0.7797201,-0.001630558479174371
DAX P,2026-04-23,24155.45,0,1,0.7431291,-0.0010957651741785313
DAX P,2026-04-24,24128.98,0,1,0.6061654,-0.0018836767678602762
DAX P,2026-04-27,24083.53,0,1,0.564188,-0.002710130196739824
DAX P,2026-04-28,24018.26,0,1,0.57178724,-0.0026521197010285213
DAX P,2026-04-29,23954.56,1,1,0.5662146,0.014102550535210145
DAX P,2026-04-30,24292.38,0,0,0.36393204,0.0
DAX P,2026-04-30,24292.38,0,0,0.29016364,-0.012395302100668193
DAX P,2026-05-04,23991.27,1,1,0.62211436,0.01710746069523328
DAX P,2026-05-05,24401.7,1,0,0.21899733,0.021186651624654163
DAX P,2026-05-06,24918.69,0,0,0.2202177,-0.010236497388837362
DAX P,2026-05-07,24663.61,0,1,0.609339,-0.013176437184413081
DAX P,2026-05-08,24338.63,0,1,0.79599506,0.0
DAX P,2026-05-08,24338.63,0,1,0.88279873,0.0
DAX P,2026-05-08,24338.63,1,1,0.9302776,0.00047859717532428014
S&P 500,2025-06-05,5939.3,1,1,0.5227257,0.010280689989752734
S&P 500,2025-06-06,6000.36,1,1,0.5260276,0.0009199448186432146
S&P 500,2025-06-09,6005.88,1,1,0.59742254,0.005482993424493765
S&P 500,2025-06-10,6038.81,0,1,0.5258059,-0.002743901484830502
S&P 500,2025-06-11,6022.24,1,1,0.71896446,0.003822431393553538
S&P 500,2025-06-12,6045.26,0,1,0.6018595,-0.01129638795672605
S&P 500,2025-06-13,5976.97,1,0,0.26555917,0.009392668546348126
S&P 500,2025-06-16,6033.11,0,0,0.24519698,-0.008352193285920517
S&P 500,2025-06-17,5982.72,0,1,0.6453216,-0.00030924060262749187
S&P 500,2025-06-18,5980.87,0,1,0.7626855,-0.002178662934010256
S&P 500,2025-06-20,5967.84,1,1,0.6990389,0.009606507869061698
S&P 500,2025-06-23,6025.17,1,1,0.50549275,0.01112172787027954
S&P 500,2025-06-24,6092.18,0,1,0.5120339,-3.282896983147765e-06
S&P 500,2025-06-25,6092.16,1,1,0.69414645,0.008020110830309513
S&P 500,2025-06-26,6141.02,1,1,0.7842233,0.0052189701385112475
S&P 500,2025-06-27,6173.07,1,1,0.8106859,0.005164432127432006
S&P 500,2025-06-30,6204.95,0,1,0.6796817,-0.0011185263017905456
S&P 500,2025-07-01,6198.01,1,0,0.3705537,0.004745087689277394
S&P 500,2025-07-02,6227.42,1,1,0.8350433,0.008338959124949863
S&P 500,2025-07-03,6279.35,0,1,0.8616498,-0.007862294539047965
S&P 500,2025-07-07,6229.98,0,1,0.84810394,-0.0007158931489344988
S&P 500,2025-07-08,6225.52,1,1,0.60832036,0.0060621120805972595
S&P 500,2025-07-09,6263.26,1,0,0.4318006,0.00274620573778539
S&P 500,2025-07-10,6280.46,0,0,0.29178056,-0.0032975291618766445
S&P 500,2025-07-11,6259.75,1,0,0.37680182,0.0014074204241383281
S&P 500,2025-07-14,6268.56,0,0,0.48116016,-0.003956299310267419
S&P 500,2025-07-15,6243.76,1,0,0.45645618,0.003193652644997824
S&P 500,2025-07-16,6263.7,1,1,0.7700645,0.005373772518678432
S&P 500,2025-07-17,6297.36,0,1,0.8379004,-9.049824196971645e-05
S&P 500,2025-07-18,6296.79,1,1,0.72997695,0.0013991414673191205
S&P 500,2025-07-21,6305.6,1,1,0.7779509,0.0006375285359438987
S&P 500,2025-07-22,6309.62,1,0,0.43674025,0.00781189663067039
S&P 500,2025-07-23,6358.91,1,0,0.35411838,0.0006982171253180347
S&P 500,2025-07-24,6363.35,1,0,0.3456119,0.003974321639163003
S&P 500,2025-07-25,6388.64,1,0,0.22568192,0.0001768608001568861
S&P 500,2025-07-28,6389.77,0,1,0.51013905,-0.0029594335946364625
S&P 500,2025-07-29,6370.86,0,1,0.81624806,-0.0012494388708814697
S&P 500,2025-07-30,6362.9,0,1,0.867036,-0.003694824744924996
S&P 500,2025-07-31,6339.39,0,0,0.4133618,-0.01599212201817335
S&P 500,2025-08-01,6238.01,1,0,0.14191777,0.01473708810140062
S&P 500,2025-08-04,6329.94,0,0,0.18460861,-0.004857866028080249
S&P 500,2025-08-05,6299.19,1,1,0.7878959,0.007281920489490057
S&P 500,2025-08-06,6345.06,0,1,0.8912571,-0.0007974865360218519
S&P 500,2025-08-07,6340.0,1,1,0.85564923,0.007799716088328079
S&P 500,2025-08-08,6389.45,0,1,0.79836166,-0.0025041278199492423
S&P 500,2025-08-11,6373.45,1,1,0.7916902,0.011345440496263626
S&P 500,2025-08-12,6445.76,1,0,0.45313975,0.0032300769259197004
S&P 500,2025-08-13,6466.58,1,1,0.6989003,0.0003030813768161167
S&P 500,2025-08-14,6468.54,0,1,0.72155523,-0.002897129800542353
S&P 500,2025-08-15,6449.8,0,0,0.09650342,-0.00010076281747528615
S&P 500,2025-08-18,6449.15,0,0,0.1481895,-0.005858105422545723
S&P 500,2025-08-19,6411.37,0,0,0.2403866,-0.0024316643333380794
S&P 500,2025-08-20,6395.78,0,0,0.43896315,-0.004004187261106185
S&P 500,2025-08-21,6370.17,1,1,0.81868726,0.0151864552309664
S&P 500,2025-08-22,6466.91,0,1,0.8734081,-0.004266396029436126
S&P 500,2025-08-25,6439.32,1,1,0.8939448,0.00413399253753477
S&P 500,2025-08-26,6465.94,1,1,0.7287211,0.002390990364757428
S&P 500,2025-08-27,6481.4,1,1,0.6045815,0.003156725447537978
S&P 500,2025-08-28,6501.86,0,0,0.3743233,-0.006398184617912306
S&P 500,2025-08-29,6460.26,0,1,0.6421921,-0.0069222912676050186
S&P 500,2025-09-02,6415.54,1,1,0.8686753,0.005100085105852248
S&P 500,2025-09-03,6448.26,1,1,0.8384902,0.008346484426697609
S&P 500,2025-09-04,6502.08,0,1,0.72051144,-0.00316515633204828
S&P 500,2025-09-05,6481.5,1,1,0.5842349,0.002105978554347132
S&P 500,2025-09-08,6495.15,1,0,0.286946,0.0026881596681855857
S&P 500,2025-09-09,6512.61,1,0,0.24922647,0.0029834582906616003
S&P 500,2025-09-10,6532.04,1,0,0.37130356,0.008485894146392114
S&P 500,2025-09-11,6587.47,0,0,0.42107263,-0.00048276499224231273
S&P 500,2025-09-12,6584.29,1,1,0.6724919,0.00470662744198691
S&P 500,2025-09-15,6615.28,0,1,0.8372907,-0.001287927382905285
S&P 500,2025-09-16,6606.76,0,1,0.88364536,-0.0009701730037166012
S&P 500,2025-09-17,6600.35,1,1,0.57667917,0.004789124746579887
S&P 500,2025-09-18,6631.96,1,0,0.4553113,0.0048854184886519825
S&P 500,2025-09-19,6664.36,1,1,0.66306365,0.004410040940315829
S&P 500,2025-09-22,6693.75,0,1,0.64743847,-0.005502162464986027
S&P 500,2025-09-23,6656.92,0,1,0.6530526,-0.002846616796455703
S&P 500,2025-09-24,6637.97,0,1,0.7799077,-0.005009061354327882
S&P 500,2025-09-25,6604.72,1,1,0.8793216,0.005901839717600721
S&P 500,2025-09-26,6643.7,1,1,0.7598055,0.0026355493885772407
S&P 500,2025-09-29,6661.21,1,1,0.7499506,0.0040908483593822265
S&P 500,2025-09-30,6688.46,1,1,0.78761625,0.00339991567565634
S&P 500,2025-10-01,6711.2,1,1,0.8152087,0.0006183543742295239
S&P 500,2025-10-02,6715.35,1,1,0.7647076,6.550663680227053e-05
S&P 500,2025-10-03,6715.79,1,0,0.476792,0.003646600027696012
S&P 500,2025-10-06,6740.28,0,1,0.68521476,-0.0038114144757017687
S&P 500,2025-10-07,6714.59,1,1,0.61550534,0.005827667983530516
S&P 500,2025-10-08,6753.72,0,0,0.203459,-0.002755562778570475
S&P 500,2025-10-09,6735.11,0,1,0.50226766,-0.02711167341159504
S&P 500,2025-10-10,6552.51,1,1,0.6786746,0.015598664194290901
S&P 500,2025-10-13,6654.72,0,0,0.0945458,-0.0015643182113050935
S&P 500,2025-10-14,6644.31,1,1,0.66855013,0.004026001134414203
S&P 500,2025-10-15,6671.06,0,1,0.9431364,-0.006294396898028132
S&P 500,2025-10-16,6629.07,1,1,0.9550577,0.005270724408422911
S&P 500,2025-10-17,6664.01,1,1,0.5584947,0.010672268219053427
S&P 500,2025-10-20,6735.13,1,1,0.77235115,3.269424692153855e-05
S&P 500,2025-10-21,6735.35,0,0,0.07501846,-0.0053375399149628855
S&P 500,2025-10-22,6699.4,1,1,0.65415674,0.005827387614224966
S&P 500,2025-10-23,6738.44,1,1,0.9128476,0.007902422636432593
S&P 500,2025-10-24,6791.69,1,1,0.8345739,0.012290063478899382
S&P 500,2025-10-27,6875.16,1,0,0.47000134,0.002287932141566529
S&P 500,2025-10-28,6890.89,0,0,0.44544807,-4.3579275774474624e-05
S&P 500,2025-10-29,6890.59,0,0,0.089583635,-0.009904812502407268
S&P 500,2025-10-30,6822.34,1,0,0.20067722,0.0026179288226013675
S&P 500,2025-10-31,6840.2,1,0,0.4446024,0.0017207098704508095
S&P 500,2025-11-03,6851.97,0,1,0.63870585,-0.011736828627771922
S&P 500,2025-11-04,6771.55,1,1,0.68485034,0.003653550624407975
S&P 500,2025-11-05,6796.29,0,1,0.64709675,-0.011178186922570998
S&P 500,2025-11-06,6720.32,1,1,0.8067511,0.0012618447116161668
S&P 500,2025-11-07,6728.8,1,1,0.5716784,0.015401022928338559
S&P 500,2025-11-10,6832.43,1,1,0.78014344,0.0020753523394940743
S&P 500,2025-11-11,6846.61,1,1,0.5876109,0.0006295086273280237
S&P 500,2025-11-12,6850.92,0,0,0.3670719,-0.016556856839035516
S&P 500,2025-11-13,6737.49,0,1,0.87732315,-0.0005017150154815742
S&P 500,2025-11-14,6734.11,0,1,0.9472545,-0.009162265082724663
S&P 500,2025-11-17,6672.41,0,1,0.7472101,-0.008256446823368235
S&P 500,2025-11-18,6617.32,1,0,0.25282308,0.0037538460813091312
S&P 500,2025-11-19,6642.16,0,0,0.30188343,-0.015567284872171627
S&P 500,2025-11-20,6538.76,1,1,0.64184445,0.00982302484945241
S&P 500,2025-11-21,6602.99,1,1,0.5047476,0.015467219684802691
S&P 500,2025-11-24,6705.12,1,0,0.24475284,0.009061701967127966
S&P 500,2025-11-25,6765.88,1,1,0.76608175,0.006906714380194634
S&P 500,2025-11-26,6812.61,1,1,0.8214387,0.005354761322822643
S&P 500,2025-11-28,6849.09,0,0,0.43177018,-0.005323320479751925
S&P 500,2025-12-01,6812.63,1,1,0.7843533,0.0024572302100251964
S&P 500,2025-12-02,6829.37,1,1,0.7763864,0.0029797916501845823
S&P 500,2025-12-03,6849.72,1,1,0.6969213,0.001080321499847603
S&P 500,2025-12-04,6857.12,1,1,0.8150702,0.001936643927237025
S&P 500,2025-12-05,6870.4,0,1,0.7605729,-0.0034772502834952146
S&P 500,2025-12-08,6846.51,0,0,0.46528316,-0.0008763589296256757
S&P 500,2025-12-09,6840.51,1,1,0.72642636,0.006749555420562325
S&P 500,2025-12-10,6886.68,1,1,0.6738857,0.002079347317449187
S&P 500,2025-12-11,6901.0,0,0,0.17623521,-0.010663642950296981
S&P 500,2025-12-12,6827.41,0,0,0.45038152,-0.0015965643898180337
S&P 500,2025-12-15,6816.51,0,1,0.72624874,-0.0023839179399404165
S&P 500,2025-12-16,6800.26,0,1,0.6669708,-0.011592145347152805
S&P 500,2025-12-17,6721.43,1,1,0.8893779,0.007934263752378268
S&P 500,2025-12-18,6774.76,1,1,0.92678183,0.008818054331608982
S&P 500,2025-12-19,6834.5,1,1,0.54106486,0.006436491330748417
S&P 500,2025-12-22,6878.49,1,1,0.6415243,0.0045503881069715035
S&P 500,2025-12-23,6909.79,1,0,0.2641294,0.0032214871942561896
S&P 500,2025-12-24,6932.05,0,1,0.6461355,-0.00030436884628259886
S&P 500,2025-12-26,6929.94,0,1,0.9049918,-0.00349205048661394
S&P 500,2025-12-29,6905.74,0,1,0.84485793,-0.001375667158750038
S&P 500,2025-12-30,6896.24,0,1,0.8697643,-0.007357661352921041
S&P 500,2025-12-31,6845.5,1,1,0.56480265,0.0018947045504345006
S&P 500,2026-01-02,6858.47,1,1,0.6930501,0.006354128359411737
S&P 500,2026-01-05,6902.05,1,1,0.5308281,0.006196709852774429
S&P 500,2026-01-06,6944.82,0,1,0.6622526,-0.0034399164683870387
S&P 500,2026-01-07,6920.93,1,1,0.9026884,7.655040358600651e-05
S&P 500,2026-01-08,6921.46,1,1,0.92628914,0.0064754834962565955
S&P 500,2026-01-09,6966.28,1,1,0.74990535,0.001577628277290799
S&P 500,2026-01-12,6977.27,0,1,0.6137468,-0.0019391251879317117
S&P 500,2026-01-13,6963.74,0,1,0.7066851,-0.005333355198977818
S&P 500,2026-01-14,6926.6,1,1,0.91933113,0.0025799237348782533
S&P 500,2026-01-15,6944.47,0,1,0.9483366,-0.0006422952178555263
S&P 500,2026-01-16,6940.01,0,1,0.6570539,-0.020626757616394098
S&P 500,2026-01-20,6796.86,1,1,0.68510514,0.011587733329621708
S&P 500,2026-01-21,6875.62,1,1,0.575207,0.0054875050469993525
S&P 500,2026-01-22,6913.35,1,0,0.41612294,0.0003268748099420904
S&P 500,2026-01-23,6915.61,1,0,0.25115573,0.005006080519376788
S&P 500,2026-01-26,6950.23,1,1,0.7784824,0.004081893692726712
S&P 500,2026-01-27,6978.6,0,1,0.90902203,-8.172126097316657e-05
S&P 500,2026-01-28,6978.03,0,1,0.9316365,-0.0012926284722946102
S&P 500,2026-01-29,6969.01,0,1,0.6254487,-0.004301902402260915
S&P 500,2026-01-30,6939.03,1,0,0.26339492,0.005391258011314459
S&P 500,2026-02-02,6976.44,0,0,0.34739137,-0.008403971200268034
S&P 500,2026-02-03,6917.81,0,1,0.92780817,-0.00507240000704845
S&P 500,2026-02-04,6882.72,0,1,0.8765869,-0.012251013777953568
S&P 500,2026-02-05,6798.4,1,1,0.9241759,0.019695796359375572
S&P 500,2026-02-06,6932.3,1,0,0.49035987,0.004691083902632176
S&P 500,2026-02-09,6964.82,0,0,0.47204512,-0.0033037035645919755
S&P 500,2026-02-10,6941.81,0,1,0.697918,-4.89641743440794e-05
S&P 500,2026-02-11,6941.47,0,0,0.18686546,-0.015661005070654932
S&P 500,2026-02-12,6832.76,1,0,0.49635267,0.0004990809131033558
S&P 500,2026-02-13,6836.17,1,1,0.86984193,0.0010313231097429654
S&P 500,2026-02-17,6843.22,1,1,0.8942817,0.005566078379298567
S&P 500,2026-02-18,6881.31,0,1,0.5748476,-0.00282213702300671
S&P 500,2026-02-19,6861.89,1,1,0.58797646,0.006939735161307858
S&P 500,2026-02-20,6909.51,0,0,0.2138749,-0.010385657170643214
S&P 500,2026-02-23,6837.75,1,1,0.84042567,0.007651610544404219
S&P 500,2026-02-24,6890.07,1,1,0.9230933,0.008136361695493921
S&P 500,2026-02-25,6946.13,0,1,0.862899,-0.0053655777442341845
S&P 500,2026-02-26,6908.86,0,1,0.76999664,-0.0043393556149546875
S&P 500,2026-02-27,6878.88,1,1,0.68067473,0.00039834973714247823
S&P 500,2026-03-02,6881.62,0,1,0.6315794,-0.00944402612402273
S&P 500,2026-03-03,6816.63,1,1,0.8043755,0.0077560467233228625
S&P 500,2026-03-04,6869.5,0,1,0.80270207,-0.005646699177523806
S&P 500,2026-03-05,6830.71,0,0,0.3905923,-0.013276804314631963
S&P 500,2026-03-06,6740.02,1,0,0.16090982,0.008304159334838745
S&P 500,2026-03-09,6795.99,0,1,0.5106868,-0.0021351119664652085
S&P 500,2026-03-10,6781.48,0,1,0.64936244,-0.0008376047706399881
S&P 500,2026-03-11,6775.8,0,1,0.6220574,-0.01522767836204364
S&P 500,2026-03-12,6672.62,0,0,0.35683802,-0.0060591191157428614
S&P 500,2026-03-13,6632.19,1,1,0.7834695,0.010130892060252972
S&P 500,2026-03-16,6699.38,1,1,0.91866523,0.002494245773403625
S&P 500,2026-03-17,6716.09,0,0,0.353326,-0.013607560756558001
S&P 500,2026-03-18,6624.7,0,1,0.6274083,-0.002748803636427155
S&P 500,2026-03-19,6606.49,0,0,0.07678802,-0.015138174275956762
S&P 500,2026-03-20,6506.48,1,0,0.28099012,0.011453197427795159
S&P 500,2026-03-23,6581.0,0,1,0.8055457,-0.003742577115939838
S&P 500,2026-03-24,6556.37,1,0,0.3979764,0.005419126659735207
S&P 500,2026-03-25,6591.9,0,0,0.06384933,-0.017406165406122165
S&P 500,2026-03-26,6477.16,0,0,0.49646983,-0.01672184980078162
S&P 500,2026-03-27,6368.85,0,1,0.9417183,-0.0039457515258523035
S&P 500,2026-03-30,6343.72,1,1,0.5337652,0.02913113980027071
S&P 500,2026-03-31,6528.52,1,1,0.649251,0.007168515988309698
S&P 500,2026-04-01,6575.32,1,1,0.64370275,0.0011208732387435472
S&P 500,2026-04-02,6582.69,1,0,0.21094073,0.004426792153766845
S&P 500,2026-04-06,6611.83,1,0,0.4909397,0.0007592451596720728
S&P 500,2026-04-07,6616.85,1,1,0.5551586,0.025081420538754617
S&P 500,2026-04-08,6782.81,1,0,0.04891546,0.0061700238371704685
S&P 500,2026-04-09,6824.66,0,0,0.1499894,-0.0011385328752339108
S&P 500,2026-04-10,6816.89,1,0,0.4257162,0.010173275347361121
S&P 500,2026-04-13,6886.24,1,1,0.656284,0.011782873911368785
S&P 500,2026-04-14,6967.38,1,1,0.72463554,0.007975781541638138
S&P 500,2026-04-15,7022.95,1,1,0.7916857,0.0026099572797768644
S&P 500,2026-04-16,7041.28,1,1,0.8676387,0.012040467416164713
S&P 500,2026-04-17,7126.06,0,1,0.87447447,-0.002374383567155136
S&P 500,2026-04-20,7109.14,0,1,0.9100308,-0.006348207992131094
S&P 500,2026-04-21,7064.01,1,1,0.82407963,0.010460078920049076
S&P 500,2026-04-22,7137.9,0,1,0.78461087,-0.004132868268438505
S&P 500,2026-04-23,7108.4,1,1,0.73277545,0.0079736932076655
S&P 500,2026-04-24,7165.08,1,1,0.59085953,0.0012323798027045196
S&P 500,2026-04-27,7173.91,0,1,0.648112,-0.004894178909571556
S&P 500,2026-04-28,7138.8,0,1,0.52367926,-0.00039917074015716203
S&P 500,2026-04-29,7135.95,1,1,0.5537058,0.01023824409536922
S&P 500,2026-04-30,7209.01,0,0,0.39678937,0.0
S&P 500,2026-04-30,7209.01,1,0,0.26350144,0.0029283217231859116
S&P 500,2026-05-01,7230.12,0,1,0.6581756,0.0
S&P 500,2026-05-01,7230.12,0,1,0.86188465,0.0
S&P 500,2026-05-01,7230.12,0,1,0.79450774,-0.004062187016782737
S&P 500,2026-05-04,7200.75,1,1,0.81622136,0.008120015276186443
S&P 500,2026-05-05,7259.22,1,0,0.35605833,0.014588330024759566
S&P 500,2026-05-06,7365.12,0,0,0.41975605,-0.0038030880175328186
S&P 500,2026-05-07,7337.11,1,1,0.8054434,0.008425701787566187
S&P 500,2026-05-08,7398.93,0,1,0.94486374,0.0
S&P 500,2026-05-08,7398.93,0,1,0.96132916,0.0
S&P 500,2026-05-08,7398.93,1,1,0.6463011,0.0018799474551063344
S&P 500,2026-05-11,7412.84,0,1,0.80002165,-0.0016025976981183243
S&P 500,2026-05-12,7400.96,1,1,0.9060706,0.0058492411795225685
S&P 500,2026-05-13,7444.25,0,0,0.19430904,0.0
S&P 500,2026-05-13,7444.25,1,0,0.4113427,0.007655599959700554
S&P 500,2026-05-14,7501.24,0,0,0.42724967,-0.012363315602132108
S&P 500,2026-05-15,7408.5,0,1,0.92904025,-0.0007356684888979448
S&P 500,2026-05-15,7408.5,0,1,0.9661841,0.0
S&P 500,2026-05-15,7408.5,0,1,0.87198305,0.0
S&P 500,2026-05-15,7408.5,0,1,0.8611363,0.0
S&P 500,2026-05-15,7408.5,0,1,0.6407888,0.0
S&P 500,2026-05-15,7408.5,0,1,0.63811356,0.0
S&P 500,2026-05-18,7403.05,0,0,0.41062555,-0.006678315199230345
S&P 500,2026-05-19,7353.61,1,0,0.22427824,0.01079201930469531
S&P 500,2026-05-20,7432.97,1,0,0.3631612,0.001715330434124418
S&P 500,2026-05-21,7445.72,1,0,0.37506962,0.003726973248336707
S&P 500,2026-05-22,7473.47,0,1,0.95403975,0.0
S&P 500,2026-05-22,7473.47,0,1,0.92585844,0.0
NASDAQ Composite,2025-06-05,19298.45,1,1,0.7733647,0.011995782541946332
NASDAQ Composite,2025-06-06,19529.95,1,1,0.7223267,0.0031383082143399132
NASDAQ Composite,2025-06-09,19591.24,1,1,0.7397337,0.0063165985785831325
NASDAQ Composite,2025-06-10,19714.99,0,1,0.53576875,-0.005027103690875778
NASDAQ Composite,2025-06-11,19615.88,1,1,0.830096,0.002376100274956272
NASDAQ Composite,2025-06-12,19662.49,0,1,0.78080004,-0.013002427332424071
NASDAQ Composite,2025-06-13,19406.83,1,1,0.5893006,0.015168927562260626
NASDAQ Composite,2025-06-16,19701.21,0,0,0.48546648,-0.0091426410749198
NASDAQ Composite,2025-06-17,19521.09,1,1,0.80558884,0.0012898716341132044
NASDAQ Composite,2025-06-18,19546.27,0,1,0.7383034,-0.005057706791569583
NASDAQ Composite,2025-06-20,19447.41,1,1,0.5179552,0.009438814634557424
NASDAQ Composite,2025-06-23,19630.97,1,1,0.51593703,0.014342571455215669
NASDAQ Composite,2025-06-24,19912.53,1,1,0.73302877,0.0030644776000405827
NASDAQ Composite,2025-06-25,19973.55,1,1,0.78238344,0.009730838644874229
NASDAQ Composite,2025-06-26,20167.91,1,1,0.7732418,0.005233596290011189
NASDAQ Composite,2025-06-27,20273.46,1,1,0.8157319,0.004748552823558683
NASDAQ Composite,2025-06-30,20369.73,0,1,0.57602537,-0.008190579644635099
NASDAQ Composite,2025-07-01,20202.89,1,0,0.2973024,0.009416489143390327
NASDAQ Composite,2025-07-02,20393.13,1,1,0.88356036,0.01019797798679356
NASDAQ Composite,2025-07-03,20601.1,0,1,0.8549496,-0.00915388516446003
NASDAQ Composite,2025-07-07,20412.52,1,1,0.75671595,0.0002910664702611143
NASDAQ Composite,2025-07-08,20418.46,1,1,0.5459797,0.009446299647394296
NASDAQ Composite,2025-07-09,20611.34,1,0,0.44879577,0.0009373674970900581
NASDAQ Composite,2025-07-10,20630.66,0,0,0.29362512,-0.0021875645065396743
NASDAQ Composite,2025-07-11,20585.53,1,0,0.4067279,0.002662103033707286
NASDAQ Composite,2025-07-14,20640.33,1,1,0.5331137,0.0018154118571971356
NASDAQ Composite,2025-07-15,20677.8,1,0,0.42452133,0.0025481143043026844
NASDAQ Composite,2025-07-16,20730.49,1,1,0.78025115,0.007484637290438911
NASDAQ Composite,2025-07-17,20885.65,1,1,0.856851,0.0004787976341880107
NASDAQ Composite,2025-07-18,20895.65,1,1,0.7203627,0.0037581649049795995
NASDAQ Composite,2025-07-21,20974.18,0,1,0.7791506,-0.0038852627928995798
NASDAQ Composite,2025-07-22,20892.69,1,0,0.4735909,0.0060944762520880325
NASDAQ Composite,2025-07-23,21020.02,1,0,0.3782645,0.0018050125976334375
NASDAQ Composite,2025-07-24,21057.96,1,1,0.5003485,0.0023914661176904772
NASDAQ Composite,2025-07-25,21108.32,1,0,0.34937367,0.0033285358096446505
NASDAQ Composite,2025-07-28,21178.58,0,1,0.6259588,-0.0037911417866959285
NASDAQ Composite,2025-07-29,21098.29,1,1,0.7792067,0.0014873623093920596
NASDAQ Composite,2025-07-30,21129.67,0,1,0.7719155,-0.0003417327404627857
NASDAQ Composite,2025-07-31,21122.45,0,0,0.36424515,-0.0223609627618373
NASDAQ Composite,2025-08-01,20650.13,1,0,0.3033762,0.019537367678381212
NASDAQ Composite,2025-08-04,21053.58,0,0,0.29494953,-0.006508598506721364
NASDAQ Composite,2025-08-05,20916.55,1,1,0.8792995,0.012089426331228559
NASDAQ Composite,2025-08-06,21169.42,1,1,0.854859,0.0034615639137092202
NASDAQ Composite,2025-08-07,21242.7,1,1,0.5174669,0.009759602489687325
NASDAQ Composite,2025-08-08,21450.02,0,1,0.70330834,-0.003012542715870259
NASDAQ Composite,2025-08-11,21385.4,1,1,0.8850103,0.013864598953218676
NASDAQ Composite,2025-08-12,21681.9,1,1,0.5779354,0.0014408423350196209
NASDAQ Composite,2025-08-13,21713.14,0,1,0.80694497,-0.00011378823752461464
NASDAQ Composite,2025-08-14,21710.67,0,1,0.8098647,-0.004039000196857101
NASDAQ Composite,2025-08-15,21622.98,1,0,0.13317817,0.000313971517478695
NASDAQ Composite,2025-08-18,21629.77,0,0,0.29088515,-0.01455495399523321
NASDAQ Composite,2025-08-19,21314.95,0,0,0.40093872,-0.0066662040179761295
NASDAQ Composite,2025-08-20,21172.86,0,1,0.5996355,-0.003426504593895374
NASDAQ Composite,2025-08-21,21100.31,1,1,0.8274674,0.01877833029992626
NASDAQ Composite,2025-08-22,21496.54,0,1,0.7650467,-0.0021980282398109674
NASDAQ Composite,2025-08-25,21449.29,1,1,0.7108484,0.0044281374341677004
NASDAQ Composite,2025-08-26,21544.27,1,0,0.36036956,0.002129155504669189
NASDAQ Composite,2025-08-27,21590.14,1,1,0.5272951,0.005327413198967346
NASDAQ Composite,2025-08-28,21705.16,0,0,0.46620518,-0.011500002658353936
NASDAQ Composite,2025-08-29,21455.55,0,1,0.8091363,-0.00819927214359839
NASDAQ Composite,2025-09-02,21279.63,1,1,0.9213816,0.010249219125318731
NASDAQ Composite,2025-09-03,21497.73,1,1,0.7182907,0.00976656582423896
NASDAQ Composite,2025-09-04,21707.69,0,1,0.78981906,-0.00033623569196539194
NASDAQ Composite,2025-09-05,21700.39,1,1,0.65927684,0.004530268685578376
NASDAQ Composite,2025-09-08,21798.7,1,0,0.46007654,0.0037062303240553707
NASDAQ Composite,2025-09-09,21879.49,1,0,0.3427344,0.00030029493100336424
NASDAQ Composite,2025-09-10,21886.06,1,1,0.59400755,0.0071739635372021215
NASDAQ Composite,2025-09-11,22043.07,1,0,0.422075,0.004447170864396499
NASDAQ Composite,2025-09-12,22141.1,1,1,0.53800625,0.009378504399121912
NASDAQ Composite,2025-09-15,22348.75,0,1,0.78994817,-0.0006617417081492549
NASDAQ Composite,2025-09-16,22333.96,0,1,0.8643319,-0.003252033990979175
NASDAQ Composite,2025-09-17,22261.33,1,1,0.64368606,0.00940602376674704
NASDAQ Composite,2025-09-18,22470.72,1,0,0.48260674,0.007154189763036722
NASDAQ Composite,2025-09-19,22631.48,1,1,0.82605577,0.006959332598678092
NASDAQ Composite,2025-09-22,22788.98,0,1,0.7336581,-0.00945675476794583
NASDAQ Composite,2025-09-23,22573.47,0,1,0.64751196,-0.0033495646728352035
NASDAQ Composite,2025-09-24,22497.86,0,1,0.7004964,-0.005029820748190916
NASDAQ Composite,2025-09-25,22384.7,1,1,0.8931901,0.004439242140899635
NASDAQ Composite,2025-09-26,22484.07,1,1,0.8481374,0.004762487333087595
NASDAQ Composite,2025-09-29,22591.15,1,1,0.80662143,0.0030480696547441344
NASDAQ Composite,2025-09-30,22660.01,1,1,0.84616214,0.004199044962460707
NASDAQ Composite,2025-10-01,22755.16,1,1,0.8448285,0.00390639306507734
NASDAQ Composite,2025-10-02,22844.05,0,1,0.79607725,-0.0027815119374537955
NASDAQ Composite,2025-10-03,22780.51,1,1,0.61205,0.007074472933876086
NASDAQ Composite,2025-10-06,22941.67,0,1,0.6844484,-0.006682621651704634
NASDAQ Composite,2025-10-07,22788.36,1,1,0.71131086,0.01119086703538641
NASDAQ Composite,2025-10-08,23043.38,0,0,0.16701946,-0.0008136826831691701
NASDAQ Composite,2025-10-09,23024.63,0,0,0.47484583,-0.03562277300175953
NASDAQ Composite,2025-10-10,22204.43,1,1,0.687213,0.022075761756673362
NASDAQ Composite,2025-10-13,22694.61,0,0,0.12337158,-0.0076189987213439725
NASDAQ Composite,2025-10-14,22521.7,1,1,0.5107187,0.0065883528006625
NASDAQ Composite,2025-10-15,22670.08,0,1,0.8686302,-0.004743741509761867
NASDAQ Composite,2025-10-16,22562.54,1,1,0.9451461,0.005204715634154811
NASDAQ Composite,2025-10-17,22679.97,1,1,0.5739075,0.013693509753960997
NASDAQ Composite,2025-10-20,22990.54,0,1,0.8087781,-0.0016036683541710284
NASDAQ Composite,2025-10-21,22953.67,0,0,0.10119877,-0.009291302912742605
NASDAQ Composite,2025-10-22,22740.4,1,1,0.65561587,0.00885650192861176
NASDAQ Composite,2025-10-23,22941.8,1,1,0.9216951,0.011466767682857704
NASDAQ Composite,2025-10-24,23204.87,1,1,0.82401294,0.018642285726145236
NASDAQ Composite,2025-10-27,23637.46,1,1,0.5852362,0.008039327946598673
NASDAQ Composite,2025-10-28,23827.49,1,1,0.5884491,0.0054970330026618
NASDAQ Composite,2025-10-29,23958.47,0,0,0.06320277,-0.015749339961001918
NASDAQ Composite,2025-10-30,23581.14,1,0,0.14733166,0.006098954348289665
NASDAQ Composite,2025-10-31,23724.96,1,0,0.4410793,0.004626342714014964
NASDAQ Composite,2025-11-03,23834.72,0,1,0.50184,-0.020393782084469847
NASDAQ Composite,2025-11-04,23348.64,1,1,0.74004614,0.006474047144312101
NASDAQ Composite,2025-11-05,23499.8,0,1,0.77727574,-0.018970824637798644
NASDAQ Composite,2025-11-06,23053.99,0,1,0.797913,-0.0021450126234545674
NASDAQ Composite,2025-11-07,23004.54,1,1,0.6090784,0.022718594696817807
NASDAQ Composite,2025-11-10,23527.17,0,1,0.82151645,-0.0025021751553722105
NASDAQ Composite,2025-11-11,23468.3,0,1,0.72073793,-0.00263503951679378
NASDAQ Composite,2025-11-12,23406.46,0,0,0.2912153,-0.022903996562760875
NASDAQ Composite,2025-11-13,22870.36,1,1,0.90912604,0.0013218156947720772
NASDAQ Composite,2025-11-14,22900.59,0,1,0.965871,-0.008406748545838894
NASDAQ Composite,2025-11-17,22708.07,0,1,0.7216588,-0.012119951029040066
NASDAQ Composite,2025-11-18,22432.85,1,0,0.26498258,0.0058566300021019035
NASDAQ Composite,2025-11-19,22564.23,0,0,0.39719054,-0.021546478174826356
NASDAQ Composite,2025-11-20,22078.05,1,1,0.5309957,0.008833628555651174
NASDAQ Composite,2025-11-21,22273.08,1,0,0.34727246,0.02689029524928621
NASDAQ Composite,2025-11-24,22872.01,1,0,0.14189693,0.006714757528654136
NASDAQ Composite,2025-11-25,23025.59,1,1,0.5080045,0.008212588760701411
NASDAQ Composite,2025-11-26,23214.69,1,1,0.760861,0.006504502246303945
NASDAQ Composite,2025-11-28,23365.69,0,1,0.6596792,-0.003841940979315006
NASDAQ Composite,2025-12-01,23275.92,1,1,0.7993082,0.00591813344399772
NASDAQ Composite,2025-12-02,23413.67,1,1,0.8203138,0.0017263376554224052
NASDAQ Composite,2025-12-03,23454.09,1,1,0.7756712,0.0021766267817393548
NASDAQ Composite,2025-12-04,23505.14,1,1,0.8201035,0.003105290933677729
NASDAQ Composite,2025-12-05,23578.13,0,1,0.8883813,-0.0013669658607248225
NASDAQ Composite,2025-12-08,23545.9,1,1,0.6724841,0.0012991560942814395
NASDAQ Composite,2025-12-09,23576.49,1,1,0.78301406,0.003293967818840171
NASDAQ Composite,2025-12-10,23654.15,0,1,0.75607353,-0.0025488550203857097
NASDAQ Composite,2025-12-11,23593.86,0,0,0.19415614,-0.016898019660149366
NASDAQ Composite,2025-12-12,23195.17,0,0,0.37238288,-0.005939154599596264
NASDAQ Composite,2025-12-15,23057.41,1,1,0.6364633,0.0023441791394247513
NASDAQ Composite,2025-12-16,23111.46,0,1,0.65143836,-0.01809234828595363
NASDAQ Composite,2025-12-17,22693.32,1,1,0.9000008,0.01379432784016199
NASDAQ Composite,2025-12-18,23006.36,1,1,0.9065045,0.013094627218594113
NASDAQ Composite,2025-12-19,23307.62,1,0,0.33368486,0.005200488281533522
NASDAQ Composite,2025-12-22,23428.83,1,1,0.5352347,0.005677180611762589
NASDAQ Composite,2025-12-23,23561.84,1,0,0.31031224,0.0021844940988011707
NASDAQ Composite,2025-12-24,23613.31,0,1,0.66233504,-0.0008559113301795929
NASDAQ Composite,2025-12-26,23593.1,0,1,0.942771,-0.0050332513325209716
NASDAQ Composite,2025-12-29,23474.35,0,1,0.89354485,-0.0023544635289917126
NASDAQ Composite,2025-12-30,23419.08,0,1,0.87121713,-0.007561778654149531
NASDAQ Composite,2025-12-31,23241.99,0,1,0.60683316,-0.0002736125411497703
NASDAQ Composite,2026-01-02,23235.63,1,1,0.7566715,0.006894127415322249
NASDAQ Composite,2026-01-05,23395.82,1,1,0.58140504,0.0064690871300632224
NASDAQ Composite,2026-01-06,23547.17,1,1,0.60316694,0.0015759600902185422
NASDAQ Composite,2026-01-07,23584.28,0,1,0.89237607,-0.004420732924410364
NASDAQ Composite,2026-01-08,23480.02,1,1,0.92022485,0.008148634629541185
NASDAQ Composite,2026-01-09,23671.35,1,1,0.8130226,0.002642468682900745
NASDAQ Composite,2026-01-12,23733.9,0,1,0.701138,-0.001012530582625959
NASDAQ Composite,2026-01-13,23709.87,0,1,0.78410167,-0.010043037310568659
NASDAQ Composite,2026-01-14,23471.75,1,1,0.94733435,0.002482537518506245
NASDAQ Composite,2026-01-15,23530.02,0,1,0.95331895,-0.0006217121919511737
NASDAQ Composite,2026-01-16,23515.39,0,1,0.7260966,-0.023859705736718584
NASDAQ Composite,2026-01-20,22954.32,1,1,0.8414695,0.01178427400440163
NASDAQ Composite,2026-01-21,23224.82,1,1,0.61534876,0.009093685000438834
NASDAQ Composite,2026-01-22,23436.02,1,0,0.30403864,0.00278292565851479
NASDAQ Composite,2026-01-23,23501.24,1,0,0.18382603,0.004260166661332221
NASDAQ Composite,2026-01-26,23601.36,1,1,0.76062423,0.009141007360787823
NASDAQ Composite,2026-01-27,23817.1,1,1,0.9512292,0.001694144151792365
NASDAQ Composite,2026-01-28,23857.45,0,1,0.9493727,-0.007223324612591009
NASDAQ Composite,2026-01-29,23685.12,0,1,0.59402364,-0.009427809885912741
NASDAQ Composite,2026-01-30,23461.82,1,0,0.2018593,0.0055532391917605395
NASDAQ Composite,2026-02-02,23592.11,0,0,0.38708144,-0.014281041779163672
NASDAQ Composite,2026-02-03,23255.19,0,1,0.94905716,-0.015076609029567423
NASDAQ Composite,2026-02-04,22904.58,0,1,0.8887366,-0.01589159453746103
NASDAQ Composite,2026-02-05,22540.59,1,1,0.95734805,0.02176611634181813
NASDAQ Composite,2026-02-06,23031.21,1,0,0.41276795,0.009007733067131207
NASDAQ Composite,2026-02-09,23238.67,0,0,0.36302176,-0.005860886211908278
NASDAQ Composite,2026-02-10,23102.47,0,1,0.5121042,-0.0015582748904861
NASDAQ Composite,2026-02-11,23066.47,0,0,0.12940088,-0.020346428636783265
NASDAQ Composite,2026-02-12,22597.15,0,1,0.61497825,-0.0022339321156175096
NASDAQ Composite,2026-02-13,22546.67,1,1,0.91147906,0.0014064604724619567
NASDAQ Composite,2026-02-17,22578.38,1,1,0.7826385,0.007761849743619154
NASDAQ Composite,2026-02-18,22753.63,0,1,0.50769573,-0.003116003784697008
NASDAQ Composite,2026-02-19,22682.73,1,0,0.49292666,0.008964520386996577
NASDAQ Composite,2026-02-20,22886.07,0,0,0.19594339,-0.011308223587865207
NASDAQ Composite,2026-02-23,22627.27,1,1,0.8726046,0.010448021578564948
NASDAQ Composite,2026-02-24,22863.68,1,1,0.93828034,0.01261391008727264
NASDAQ Composite,2026-02-25,23152.08,0,1,0.8744124,-0.011821797385713095
NASDAQ Composite,2026-02-26,22878.38,0,1,0.8336778,-0.009186401822692036
NASDAQ Composite,2026-02-27,22668.21,1,1,0.7548742,0.0035577796746193435
NASDAQ Composite,2026-03-02,22748.86,0,1,0.74165386,-0.010205782009448772
NASDAQ Composite,2026-03-03,22516.69,1,1,0.7956892,0.012914465068233127
NASDAQ Composite,2026-03-04,22807.48,0,1,0.73986334,-0.002564522635457367
NASDAQ Composite,2026-03-05,22748.99,0,0,0.29134792,-0.015882485192683427
NASDAQ Composite,2026-03-06,22387.68,1,0,0.22512902,0.01376960471700861
NASDAQ Composite,2026-03-09,22695.95,1,1,0.6381568,5.06874592405282e-05
NASDAQ Composite,2026-03-10,22697.1,1,0,0.4043949,0.0008384903946052624
NASDAQ Composite,2026-03-11,22716.13,0,1,0.5787491,-0.01779133963345836
NASDAQ Composite,2026-03-12,22311.98,0,1,0.5762758,-0.009260545024230349
NASDAQ Composite,2026-03-13,22105.36,1,1,0.87048656,0.012160865387241815
NASDAQ Composite,2026-03-16,22374.18,1,1,0.85222965,0.004708534632891892
NASDAQ Composite,2026-03-17,22479.53,0,0,0.21206896,-0.014551434580082456
NASDAQ Composite,2026-03-18,22152.42,0,0,0.43948308,-0.002786621067976447
NASDAQ Composite,2026-03-19,22090.69,0,0,0.05244608,-0.02005732324470899
NASDAQ Composite,2026-03-20,21647.61,1,0,0.20097959,0.013819096347885917
NASDAQ Composite,2026-03-23,21946.76,0,1,0.8032234,-0.00842353047487221
NASDAQ Composite,2026-03-24,21761.89,1,0,0.2820788,0.007716687078649365
NASDAQ Composite,2026-03-25,21929.82,0,0,0.086445935,-0.023791357743136676
NASDAQ Composite,2026-03-26,21408.08,0,1,0.51161057,-0.021474167597121285
NASDAQ Composite,2026-03-27,20948.36,0,1,0.94201493,-0.0073379875275579876
NASDAQ Composite,2026-03-30,20794.64,1,1,0.5467505,0.03827862742672261
NASDAQ Composite,2026-03-31,21590.63,1,1,0.75168043,0.011593839066555534
NASDAQ Composite,2026-04-01,21840.95,1,1,0.61058027,0.0017504046939498252
NASDAQ Composite,2026-04-02,21879.18,1,0,0.10908983,0.005354867120543894
NASDAQ Composite,2026-04-06,21996.34,1,0,0.44678277,0.0009778808745262157
NASDAQ Composite,2026-04-07,22017.85,1,1,0.64555055,0.028029104168283414
NASDAQ Composite,2026-04-08,22634.99,1,0,0.073177814,0.00828052931960177
NASDAQ Composite,2026-04-09,22822.42,1,0,0.3742576,0.0035259494984578588
NASDAQ Composite,2026-04-10,22902.89,1,1,0.5351966,0.012262626796986087
NASDAQ Composite,2026-04-13,23183.74,1,1,0.5690117,0.019640484929174695
NASDAQ Composite,2026-04-14,23639.08,1,1,0.6724395,0.015945603568558564
NASDAQ Composite,2026-04-15,24016.02,1,1,0.85022277,0.003609245070774536
NASDAQ Composite,2026-04-16,24102.7,1,1,0.85931677,0.015175947596773876
NASDAQ Composite,2026-04-17,24468.48,0,1,0.85881484,-0.0026192840213352664
NASDAQ Composite,2026-04-20,24404.39,0,1,0.8984211,-0.005918185066256076
NASDAQ Composite,2026-04-21,24259.96,1,1,0.795494,0.016389531773730148
NASDAQ Composite,2026-04-22,24657.57,0,1,0.72448677,-0.008884504731595522
NASDAQ Composite,2026-04-23,24438.5,1,1,0.6842872,0.0162898541236165
NASDAQ Composite,2026-04-24,24836.6,1,1,0.60975873,0.0020332896134460654
NASDAQ Composite,2026-04-27,24887.1,0,1,0.69753945,-0.00897247182632721
NASDAQ Composite,2026-04-28,24663.8,1,1,0.58630264,0.00038272284456652983
NASDAQ Composite,2026-04-29,24673.24,1,1,0.57881045,0.008878862209593441
NASDAQ Composite,2026-04-30,24892.31,0,0,0.28216338,0.0
NASDAQ Composite,2026-04-30,24892.31,1,1,0.8645891,0.008923599117084846
NASDAQ Composite,2026-05-01,25114.44,0,1,0.5303718,0.0
NASDAQ Composite,2026-05-01,25114.44,0,1,0.7032964,0.0
NASDAQ Composite,2026-05-01,25114.44,0,1,0.89290977,-0.0018570472177967812
NASDAQ Composite,2026-05-04,25067.8,1,1,0.9053859,0.010305255816457581
NASDAQ Composite,2026-05-05,25326.13,1,0,0.30214813,0.020248201433721524
NASDAQ Composite,2026-05-06,25838.94,0,0,0.28196552,-0.0012670914764130181
NASDAQ Composite,2026-05-07,25806.2,1,1,0.81385005,0.017084301976557636
NASDAQ Composite,2026-05-08,26247.08,0,1,0.96200913,0.0
NASDAQ Composite,2026-05-08,26247.08,0,1,0.91300774,0.0
Nikkei 225,2025-06-04,37747.45,0,1,0.67959166,-0.005111892434840448
Nikkei 225,2025-06-05,37554.49,1,1,0.70587796,0.004982656094398186
Nikkei 225,2025-06-06,37741.61,1,1,0.70340276,0.009193060537582731
Nikkei 225,2025-06-09,38088.57,1,1,0.67630976,0.0032277767065467255
Nikkei 225,2025-06-10,38211.51,1,1,0.7015057,0.005487343752484941
Nikkei 225,2025-06-11,38421.19,0,1,0.7765882,-0.0064574155813398315
Nikkei 225,2025-06-12,38173.09,0,1,0.6954365,-0.008876404864664678
Nikkei 225,2025-06-13,37834.25,1,1,0.6455362,0.012609688311516543
Nikkei 225,2025-06-16,38311.33,1,1,0.6367732,0.005883643590001153
Nikkei 225,2025-06-17,38536.74,1,1,0.70995647,0.009040985702726267
Nikkei 225,2025-06-18,38885.15,0,1,0.6426076,-0.010204631236536477
Nikkei 225,2025-06-19,38488.34,0,1,0.7084376,-0.002211300888587675
Nikkei 225,2025-06-20,38403.23,0,1,0.74231815,-0.0012795980796458384
Nikkei 225,2025-06-23,38354.09,1,1,0.77771384,0.01137998065593493
Nikkei 225,2025-06-24,38790.56,1,1,0.76545334,0.0039058911618767844
Nikkei 225,2025-06-25,38942.07,1,1,0.72471327,0.01649906630670328
Nikkei 225,2025-06-26,39584.58,1,1,0.692793,0.014303828086019266
Nikkei 225,2025-06-27,40150.79,1,1,0.64507675,0.008383434237410725
Nikkei 225,2025-06-30,40487.39,0,1,0.53221464,-0.01237576669117324
Nikkei 225,2025-07-01,39986.33,0,1,0.64899236,-0.005598103417752909
Nikkei 225,2025-07-02,39762.48,1,1,0.74377495,0.0005889446459457215
Nikkei 225,2025-07-03,39785.9,1,1,0.6754611,0.0006278732165063694
Nikkei 225,2025-07-04,39810.88,0,1,0.7354932,-0.005606487627682122
Nikkei 225,2025-07-07,39587.68,1,1,0.76007605,0.002554554870766834
Nikkei 225,2025-07-08,39688.81,1,1,0.7137755,0.0033377847477136235
Nikkei 225,2025-07-09,39821.28,0,1,0.64976424,-0.0043926738238831975
Nikkei 225,2025-07-10,39646.36,0,0,0.4781856,-0.00193409183492399
Nikkei 225,2025-07-11,39569.68,0,0,0.4628932,-0.0027813871841879667
Nikkei 225,2025-07-14,39459.62,1,1,0.5878255,0.005534731300296469
Nikkei 225,2025-07-15,39678.02,0,1,0.5939771,-0.0003684936946010131
Nikkei 225,2025-07-16,39663.4,1,1,0.7476331,0.005995275483000606
Nikkei 225,2025-07-17,39901.19,0,1,0.6700192,-0.002057131557229641
Nikkei 225,2025-07-18,39819.11,0,1,0.6542039,-0.0011097058840798812
Nikkei 225,2025-07-22,39774.92,1,1,0.6203669,0.03510750828149334
Nikkei 225,2025-07-23,41171.32,1,1,0.51574576,0.01590960637713623
Nikkei 225,2025-07-24,41826.34,0,1,0.5364838,-0.008848713556331878
Nikkei 225,2025-07-25,41456.23,0,1,0.5949469,-0.011046855791676413
Nikkei 225,2025-07-28,40998.27,0,1,0.6698816,-0.007895911314013015
Nikkei 225,2025-07-29,40674.55,0,1,0.7592818,-0.0004880594772295188
Nikkei 225,2025-07-30,40654.7,1,1,0.7247953,0.010210900785609489
Nikkei 225,2025-07-31,41069.82,0,1,0.5241603,-0.00657949555235815
Nikkei 225,2025-08-01,40799.6,0,0,0.3881077,-0.012473219836538818
Nikkei 225,2025-08-04,40290.7,1,0,0.3770661,0.00642430896309687
Nikkei 225,2025-08-05,40549.54,1,1,0.6201083,0.006049891205791802
Nikkei 225,2025-08-06,40794.86,1,1,0.8000927,0.006478487826336199
Nikkei 225,2025-08-07,41059.15,1,1,0.6745439,0.018542325636739188
Nikkei 225,2025-08-08,41820.48,1,1,0.7238335,0.021465353560440326
Nikkei 225,2025-08-12,42718.17,1,1,0.68315923,0.013027242862890365
Nikkei 225,2025-08-13,43274.67,0,1,0.77251226,-0.014452107261383906
Nikkei 225,2025-08-14,42649.26,1,1,0.6779038,0.017094009859495163
Nikkei 225,2025-08-15,43378.31,1,1,0.507328,0.0077458068524138834
Nikkei 225,2025-08-18,43714.31,0,0,0.44269806,-0.003843581321105294
Nikkei 225,2025-08-19,43546.29,0,0,0.4391531,-0.015104347892642922
Nikkei 225,2025-08-20,42888.55,0,1,0.51064235,-0.006490750906883003
Nikkei 225,2025-08-21,42610.17,1,1,0.65421134,0.0005425277338531043
Nikkei 225,2025-08-22,42633.29,1,1,0.66056603,0.004093777507773844
Nikkei 225,2025-08-25,42807.82,0,0,0.4893388,-0.00965762557174632
Nikkei 225,2025-08-26,42394.4,1,1,0.5563634,0.002969050269622464
Nikkei 225,2025-08-27,42520.27,1,1,0.7146912,0.007255824189919657
Nikkei 225,2025-08-28,42828.79,0,1,0.7516115,-0.0025758444802727043
Nikkei 225,2025-08-29,42718.47,0,1,0.82861966,-0.012399313806865653
Nikkei 225,2025-09-01,42188.79,1,1,0.755759,0.00288463363363034
Nikkei 225,2025-09-02,42310.49,0,1,0.76974785,-0.008782637944644067
Nikkei 225,2025-09-03,41938.89,1,1,0.70066965,0.01529317754533066
Nikkei 225,2025-09-04,42580.27,1,1,0.690392,0.01029773895630215
Nikkei 225,2025-09-05,43018.75,1,0,0.4979656,0.014529910794711443
Nikkei 225,2025-09-08,43643.81,0,1,0.51482713,-0.004227850545563849
Nikkei 225,2025-09-09,43459.29,1,1,0.6346206,0.008706603532546042
Nikkei 225,2025-09-10,43837.67,1,1,0.64193034,0.012200193961486416
Nikkei 225,2025-09-11,44372.5,1,1,0.5731083,0.008915907375063314
Nikkei 225,2025-09-12,44768.12,1,1,0.62926406,0.0029965161973259935
Nikkei 225,2025-09-16,44902.27,0,1,0.7421329,-0.002491869592471274
Nikkei 225,2025-09-17,44790.38,1,1,0.71416587,0.01145448671344007
Nikkei 225,2025-09-18,45303.43,0,1,0.75688154,-0.0056865694651812015
Nikkei 225,2025-09-19,45045.81,1,1,0.76724946,0.009942136991631267
Nikkei 225,2025-09-22,45493.66,1,1,0.7352956,0.0030036800600186098
Nikkei 225,2025-09-24,45630.31,1,1,0.7232372,0.002731103598102802
Nikkei 225,2025-09-25,45754.93,0,1,0.75671417,-0.008740946661316862
Nikkei 225,2025-09-26,45354.99,0,1,0.82685864,-0.0068622727436575826
Nikkei 225,2025-09-29,45043.75,0,1,0.8608332,-0.002466959345081121
Nikkei 225,2025-09-30,44932.63,0,1,0.8539747,-0.008496660652766774
Nikkei 225,2025-10-01,44550.85,1,1,0.8085768,0.008661538133201363
Nikkei 225,2025-10-02,44936.73,1,1,0.7975222,0.018532044737878728
Nikkei 225,2025-10-03,45769.5,1,1,0.6604916,0.04752644665115424
Nikkei 225,2025-10-06,47944.76,1,1,0.61702853,0.0001275884952411932
Nikkei 225,2025-10-07,47950.88,0,1,0.63561743,-0.004502328319158422
Nikkei 225,2025-10-08,47734.99,1,0,0.4791183,0.017711392211653854
Nikkei 225,2025-10-09,48580.44,0,1,0.5716843,-0.010120134478646459
Nikkei 225,2025-10-10,48088.8,0,1,0.6119087,-0.025816416282936294
Nikkei 225,2025-10-14,46847.32,1,1,0.65959865,0.01761790417711473
Nikkei 225,2025-10-15,47672.67,1,1,0.7962607,0.012692101698625224
Nikkei 225,2025-10-16,48277.74,0,1,0.7110493,-0.014408087961320204
Nikkei 225,2025-10-17,47582.15,1,1,0.75486326,0.033696494460935256
Nikkei 225,2025-10-20,49185.5,1,1,0.7486448,0.002654412377631532
Nikkei 225,2025-10-21,49316.06,0,0,0.3419093,-0.00016768371671926907
Nikkei 225,2025-10-22,49307.79,0,1,0.6328551,-0.013510638220848525
Nikkei 225,2025-10-23,48641.61,1,1,0.59630907,0.01352831471073812
Nikkei 225,2025-10-24,49299.65,1,1,0.7493039,0.024597982731252133
Nikkei 225,2025-10-27,50512.32,0,1,0.6557571,-0.005803348534753394
Nikkei 225,2025-10-28,50219.18,1,1,0.687596,0.021674362395051272
Nikkei 225,2025-10-29,51307.65,1,0,0.392113,0.0003500647673417845
Nikkei 225,2025-10-30,51325.61,1,1,0.502962,0.021153775136667052
Nikkei 225,2025-10-31,52411.34,0,0,0.4615081,-0.01744165677672671
Nikkei 225,2025-11-04,51497.2,0,1,0.55590785,-0.024951448233324514
Nikkei 225,2025-11-05,50212.27,1,1,0.72391486,0.01337143703492627
Nikkei 225,2025-11-06,50883.68,0,1,0.7109571,-0.011935233528325262
Nikkei 225,2025-11-07,50276.37,1,1,0.73810244,0.012637956680210838
Nikkei 225,2025-11-10,50911.76,0,1,0.86187804,-0.0013519862150046524
Nikkei 225,2025-11-11,50842.93,1,1,0.8190569,0.004334504350955948
Nikkei 225,2025-11-12,51063.31,1,1,0.6717489,0.004279383886221622
Nikkei 225,2025-11-13,51281.83,0,1,0.83102334,-0.017653364428324547
Nikkei 225,2025-11-14,50376.53,0,1,0.9211054,-0.0010445558406282363
Nikkei 225,2025-11-17,50323.91,0,1,0.7715277,-0.032209931492962585
Nikkei 225,2025-11-18,48702.98,0,1,0.5771375,-0.003393658833672264
Nikkei 225,2025-11-19,48537.7,1,1,0.75288916,0.026499859309359275
Nikkei 225,2025-11-20,49823.94,0,1,0.64907473,-0.024045919819582928
Nikkei 225,2025-11-21,48625.88,1,1,0.6822953,0.0006918250273517668
Nikkei 225,2025-11-25,48659.52,1,0,0.38912177,0.018486635487635628
Nikkei 225,2025-11-26,49559.07,1,1,0.6102683,0.012268819740147485
Nikkei 225,2025-11-27,50167.1,1,1,0.7546708,0.0017303889846407294
Nikkei 225,2025-11-28,50253.91,0,1,0.5032716,-0.018916516072414957
Nikkei 225,2025-12-01,49303.28,1,1,0.7543536,3.4054528537108553e-06
Nikkei 225,2025-12-02,49303.45,1,1,0.62374294,0.011383189393572746
Nikkei 225,2025-12-03,49864.68,1,1,0.7093108,0.023338006119790755
Nikkei 225,2025-12-04,51028.42,0,1,0.6700479,-0.010514744137129717
Nikkei 225,2025-12-05,50491.87,1,1,0.77125674,0.001783857441559622
Nikkei 225,2025-12-08,50581.94,1,1,0.81451076,0.001446369948939985
Nikkei 225,2025-12-09,50655.1,0,1,0.79443663,-0.0010324883051858746
Nikkei 225,2025-12-10,50602.8,0,1,0.80132514,-0.00897145005459854
Nikkei 225,2025-12-11,50148.82,1,1,0.68177444,0.013713792186652807
Nikkei 225,2025-12-12,50836.55,0,1,0.5603493,-0.013148834637301876
Nikkei 225,2025-12-15,50168.11,0,1,0.7231535,-0.0156438085745364
Nikkei 225,2025-12-16,49383.29,1,1,0.8226792,0.0026120617389173706
Nikkei 225,2025-12-17,49512.28,0,1,0.82630396,-0.01031625460570329
Nikkei 225,2025-12-18,49001.5,1,1,0.72088397,0.010320314684244325
Nikkei 225,2025-12-19,49507.21,1,0,0.3853113,0.018081804321560035
Nikkei 225,2025-12-22,50402.39,1,0,0.46930566,0.00020793656561202134
Nikkei 225,2025-12-23,50412.87,0,0,0.4160901,-0.0013641258373001675
Nikkei 225,2025-12-24,50344.1,1,1,0.635726,0.0012650439272114955
Nikkei 225,2025-12-25,50407.79,1,1,0.80338603,0.006796598424904765
Nikkei 225,2025-12-26,50750.39,0,1,0.837641,-0.004403290247779856
Nikkei 225,2025-12-29,50526.92,0,1,0.7511065,-0.0037097332066057254
Nikkei 225,2025-12-30,50339.48,1,1,0.8201049,0.02966499227182129
Nikkei 225,2026-01-05,51832.8,1,1,0.6500933,0.013220919753964111
Nikkei 225,2026-01-06,52518.08,0,1,0.6829009,-0.010588689078475655
Nikkei 225,2026-01-07,51961.98,0,1,0.7233108,-0.016256478137895325
Nikkei 225,2026-01-08,51117.26,1,1,0.8450337,0.016092976670540216
Nikkei 225,2026-01-09,51939.89,1,1,0.81376106,0.03098330746195299
Nikkei 225,2026-01-13,53549.16,1,1,0.74429893,0.0147914607258397
Nikkei 225,2026-01-14,54341.23,0,1,0.8036477,-0.004245956484183688
Nikkei 225,2026-01-15,54110.5,0,1,0.86940056,-0.003221705583943968
Nikkei 225,2026-01-16,53936.17,0,1,0.78947556,-0.006537386462163841
Nikkei 225,2026-01-19,53583.57,0,1,0.82233703,-0.011056909733392573
Nikkei 225,2026-01-20,52991.1,0,1,0.88091856,-0.004084855635460127
Nikkei 225,2026-01-21,52774.64,1,1,0.6958681,0.017323661319258665
Nikkei 225,2026-01-22,53688.89,1,0,0.496783,0.002942517497279029
Nikkei 225,2026-01-23,53846.87,0,0,0.34212187,-0.017858439689358185
Nikkei 225,2026-01-26,52885.25,1,1,0.5141019,0.008476637625802974
Nikkei 225,2026-01-27,53333.54,1,1,0.69690734,0.00047196942908289685
Nikkei 225,2026-01-28,53358.71,1,1,0.7463313,0.00031655000121078025
Nikkei 225,2026-01-29,53375.6,0,1,0.6713631,-0.0009882792590388823
Nikkei 225,2026-01-30,53322.85,0,1,0.56027675,-0.012521308969155043
Nikkei 225,2026-02-02,52655.18,1,1,0.56241614,0.03922653975863266
Nikkei 225,2026-02-03,54720.66,0,1,0.68808824,-0.007808765435911136
Nikkei 225,2026-02-04,54293.36,0,1,0.67722285,-0.008754667334141764
Nikkei 225,2026-02-05,53818.04,1,1,0.83921486,0.00809469477679281
Nikkei 225,2026-02-06,54253.68,1,1,0.62784976,0.03889619490638907
Nikkei 225,2026-02-09,56363.94,1,1,0.6335209,0.022826609850956858
Nikkei 225,2026-02-10,57650.54,0,1,0.63816494,-0.00018558889764141995
Nikkei 225,2026-02-12,57639.84,0,1,0.6407667,-0.012107441700419108
Nikkei 225,2026-02-13,56941.97,0,1,0.68648916,-0.002380644766185269
Nikkei 225,2026-02-16,56806.41,0,1,0.7057101,-0.0042235004668540466
Nikkei 225,2026-02-17,56566.49,1,1,0.72749573,0.010206599655577353
Nikkei 225,2026-02-18,57143.84,1,1,0.58223355,0.005669697751042646
Nikkei 225,2026-02-19,57467.83,0,1,0.6059901,-0.011173710948021665
Nikkei 225,2026-02-20,56825.7,1,1,0.64730656,0.008717721153882474
Nikkei 225,2026-02-24,57321.09,1,1,0.7795452,0.022016875540981085
Nikkei 225,2026-02-25,58583.12,1,1,0.8055204,0.002906460031539826
Nikkei 225,2026-02-26,58753.39,1,1,0.73557943,0.0016489073908869667
Nikkei 225,2026-02-27,58850.27,0,1,0.62374413,-0.013475404730304619
Nikkei 225,2026-03-02,58057.24,0,1,0.587066,-0.030628179225672847
Nikkei 225,2026-03-03,56279.05,0,1,0.7333762,-0.036132658086692415
Nikkei 225,2026-03-04,54245.54,1,1,0.77118814,0.01903418266516943
Nikkei 225,2026-03-05,55278.06,1,1,0.6110077,0.006201035432167101
Nikkei 225,2026-03-06,55620.84,0,0,0.38077867,-0.05199707538396425
Nikkei 225,2026-03-09,52728.72,1,1,0.64205027,0.02882057130506266
Nikkei 225,2026-03-10,54248.39,1,1,0.710029,0.014322646098924086
Nikkei 225,2026-03-11,55025.37,0,1,0.8052652,-0.010402659510641565
Nikkei 225,2026-03-12,54452.96,0,1,0.7367084,-0.011631167332904369
Nikkei 225,2026-03-13,53819.61,0,1,0.83335596,-0.0012720456495918242
Nikkei 225,2026-03-16,53751.15,0,1,0.646459,-0.0009443109870374
Nikkei 225,2026-03-17,53700.39,1,1,0.73948276,0.028659154669165465
Nikkei 225,2026-03-18,55239.4,0,1,0.62566125,-0.03379593467839059
Nikkei 225,2026-03-19,53372.53,0,0,0.47783297,-0.03479398399828204
Nikkei 225,2026-03-23,51515.49,1,1,0.50809765,0.014302358850008412
Nikkei 225,2026-03-24,52252.28,1,1,0.72950184,0.028655969897337208
Nikkei 225,2026-03-25,53749.62,0,1,0.54978096,-0.0027157903072175804
Nikkei 225,2026-03-26,53603.65,0,1,0.66668135,-0.00430153743042605
Nikkei 225,2026-03-27,53373.07,0,1,0.6258723,-0.027864589607467183
Nikkei 225,2026-03-30,51885.85,0,1,0.8114851,-0.015845028551097373
Nikkei 225,2026-03-31,51063.72,1,1,0.8806323,0.05240434819251738
Nikkei 225,2026-04-01,53739.68,0,1,0.560688,-0.02375172697577499
Nikkei 225,2026-04-02,52463.27,1,1,0.6534564,0.01258440059668775
Nikkei 225,2026-04-03,53123.49,1,1,0.7111966,0.0054625817935980425
Nikkei 225,2026-04-06,53413.68,1,1,0.72339606,0.00029728152205921177
Nikkei 225,2026-04-07,53429.56,1,1,0.58014244,0.05388147264237375
Nikkei 225,2026-04-08,56308.42,0,0,0.42044014,-0.007336408765524327
Nikkei 225,2026-04-09,55895.32,1,1,0.68350637,0.01840563922844174
Nikkei 225,2026-04-10,56924.11,0,1,0.653906,-0.007401782907823562
Nikkei 225,2026-04-13,56502.77,1,1,0.668187,0.02432838446972041
Nikkei 225,2026-04-14,57877.39,1,1,0.7335618,0.004437789909623069
Nikkei 225,2026-04-15,58134.24,1,1,0.70609677,0.023808714803441378
Nikkei 225,2026-04-16,59518.34,0,1,0.74500084,-0.017514624962707726
Nikkei 225,2026-04-17,58475.9,1,1,0.7839627,0.0059681374643061336
Nikkei 225,2026-04-20,58824.89,1,1,0.7098899,0.00891257586121208
Nikkei 225,2026-04-21,59349.17,1,1,0.6948219,0.003988050589801118
Nikkei 225,2026-04-22,59585.86,0,1,0.6846457,-0.007478769367216698
Nikkei 225,2026-04-23,59140.23,1,1,0.6821772,0.009738704011307497
Nikkei 225,2026-04-24,59716.18,1,1,0.54011166,0.013751376999088238
Nikkei 225,2026-04-27,60537.36,0,1,0.5859639,-0.01023993292974723
Nikkei 225,2026-04-28,59917.46,0,1,0.578945,-0.010556839200106971
Nikkei 225,2026-04-30,59284.92,0,1,0.5046457,0.0
Nikkei 225,2026-04-30,59284.92,1,0,0.3813431,0.0038491945791025994
Nikkei 225,2026-05-01,59513.12,0,0,0.4042141,0.0
Nikkei 225,2026-05-01,59513.12,0,1,0.7246829,0.0
Nikkei 225,2026-05-01,59513.12,1,1,0.8234966,0.0557980935736877
Nikkei 225,2026-05-07,62833.84,0,1,0.638217,-0.0019128450590091273
Nikkei 225,2026-05-08,62713.65,0,1,0.85565406,0.0
Nikkei 225,2026-05-08,62713.65,0,1,0.8140352,0.0
Nikkei 225,2026-05-08,62713.65,0,1,0.6880051,-0.0047161902958271495
Russell 2000 Index,2025-06-05,2097.35,1,0,0.383007,0.016639997299449316
Russell 2000 Index,2025-06-06,2132.25,1,0,0.4470475,0.005721655528197811
Russell 2000 Index,2025-06-09,2144.45,1,1,0.588323,0.0055771409918627946
Russell 2000 Index,2025-06-10,2156.41,0,1,0.5200628,-0.003793295513992989
Russell 2000 Index,2025-06-11,2148.23,0,1,0.6887504,-0.003789119414587927
Russell 2000 Index,2025-06-12,2140.09,0,1,0.6186238,-0.018494595157465432
Russell 2000 Index,2025-06-13,2100.51,1,0,0.24259107,0.011244840538726208
Russell 2000 Index,2025-06-16,2124.13,0,0,0.2178184,-0.010437167708057693
Russell 2000 Index,2025-06-17,2101.96,1,1,0.6041846,0.0052332109079145095
Russell 2000 Index,2025-06-18,2112.96,0,1,0.7334923,-0.0017463652885052472
Russell 2000 Index,2025-06-20,2109.27,1,1,0.6434288,0.011098579129272368
Russell 2000 Index,2025-06-23,2132.68,1,0,0.46015674,0.013377581886526935
Russell 2000 Index,2025-06-24,2161.21,0,0,0.48837456,-0.01158152146251401
Russell 2000 Index,2025-06-25,2136.18,1,1,0.6766381,0.01681983806700904
Russell 2000 Index,2025-06-26,2172.11,1,1,0.7234391,0.00019331432600977472
Russell 2000 Index,2025-06-27,2172.53,1,1,0.77153313,0.0011553350241422233
Russell 2000 Index,2025-06-30,2175.04,1,1,0.5835959,0.010344637340002905
Russell 2000 Index,2025-07-01,2197.54,1,0,0.34489778,0.013123720159815111
Russell 2000 Index,2025-07-02,2226.38,1,1,0.81498367,0.010178002415490717
Russell 2000 Index,2025-07-03,2249.04,0,1,0.82490337,-0.015477714936150466
Russell 2000 Index,2025-07-07,2214.23,1,1,0.80903196,0.00655306810945544
Russell 2000 Index,2025-07-08,2228.74,1,1,0.52386564,0.010656245232732342
Russell 2000 Index,2025-07-09,2252.49,1,0,0.38844183,0.0048479238531582425
Russell 2000 Index,2025-07-10,2263.41,0,0,0.2892962,-0.012626877703415529
Russell 2000 Index,2025-07-11,2234.83,1,0,0.37990698,0.00666712874504416
Russell 2000 Index,2025-07-14,2249.73,0,0,0.4301022,-0.01986016099709731
Russell 2000 Index,2025-07-15,2205.05,1,0,0.4274215,0.009949887757646936
Russell 2000 Index,2025-07-16,2226.99,1,1,0.7392153,0.011984741736604354
Russell 2000 Index,2025-07-17,2253.68,0,1,0.7920696,-0.006065590770011231
Russell 2000 Index,2025-07-18,2240.01,0,1,0.6818146,-0.003964312659318625
Russell 2000 Index,2025-07-21,2231.13,1,1,0.76469105,0.007901870706855885
Russell 2000 Index,2025-07-22,2248.76,1,0,0.34937412,0.015283934257101617
Russell 2000 Index,2025-07-23,2283.13,0,0,0.29095444,-0.013577852053008432
Russell 2000 Index,2025-07-24,2252.13,1,0,0.34480947,0.003969664449639421
Russell 2000 Index,2025-07-25,2261.07,0,0,0.18915598,-0.001919489360369675
Russell 2000 Index,2025-07-28,2256.73,0,0,0.47748563,-0.006101748990796407
Russell 2000 Index,2025-07-29,2242.96,0,1,0.81427056,-0.004708108927488741
Russell 2000 Index,2025-07-30,2232.4,0,1,0.83227,-0.009294929640518257
Russell 2000 Index,2025-07-31,2211.65,0,0,0.32129338,-0.020287975958581783
Russell 2000 Index,2025-08-01,2166.78,1,0,0.11242143,0.021008131882332304
Russell 2000 Index,2025-08-04,2212.3,1,0,0.13149913,0.006043438954933533
Russell 2000 Index,2025-08-05,2225.67,0,1,0.7050046,-0.0019679018887751587
Russell 2000 Index,2025-08-06,2221.29,0,1,0.88502,-0.0029577407722540805
Russell 2000 Index,2025-08-07,2214.72,1,1,0.85526776,0.0016705949284785415
Russell 2000 Index,2025-08-08,2218.42,0,1,0.7686619,-0.0008609280866979097
Russell 2000 Index,2025-08-11,2216.51,1,1,0.7268248,0.029898353718232684
Russell 2000 Index,2025-08-12,2282.78,1,0,0.39087427,0.01983550758285957
Russell 2000 Index,2025-08-13,2328.06,0,1,0.5874151,-0.012448132245383214
Russell 2000 Index,2025-08-14,2299.08,0,1,0.65979326,-0.0054630980451704225
Russell 2000 Index,2025-08-15,2286.52,1,0,0.079880476,0.003476899392963917
Russell 2000 Index,2025-08-18,2294.47,0,0,0.1325936,-0.007783889089855167
Russell 2000 Index,2025-08-19,2276.61,0,0,0.2851164,-0.0031889518543380957
Russell 2000 Index,2025-08-20,2269.35,1,1,0.51408666,0.002093110269764109
Russell 2000 Index,2025-08-21,2274.1,1,1,0.80690247,0.038630621404923904
Russell 2000 Index,2025-08-22,2361.95,0,1,0.75525403,-0.0096446156777239
Russell 2000 Index,2025-08-25,2339.17,1,1,0.7822476,0.008306450933726728
Russell 2000 Index,2025-08-26,2358.6,1,1,0.6093306,0.006444458303889622
Russell 2000 Index,2025-08-27,2373.8,1,1,0.54794097,0.001941991743196425
Russell 2000 Index,2025-08-28,2378.41,0,0,0.39059642,-0.005041183187136977
Russell 2000 Index,2025-08-29,2366.42,0,1,0.6494055,-0.006004809205669592
Russell 2000 Index,2025-09-02,2352.21,0,1,0.8740512,-0.0009522959259591346
Russell 2000 Index,2025-09-03,2349.97,1,1,0.8766671,0.012612969527270534
Russell 2000 Index,2025-09-04,2379.61,1,1,0.7295547,0.004807468248685165
Russell 2000 Index,2025-09-05,2391.05,1,1,0.5890073,0.0016059471780180967
Russell 2000 Index,2025-09-08,2394.89,0,0,0.3495484,-0.005457369877421181
Russell 2000 Index,2025-09-09,2381.82,0,0,0.28584513,-0.0015996590170683778
Russell 2000 Index,2025-09-10,2378.01,1,0,0.34697032,0.018301016396062186
Russell 2000 Index,2025-09-11,2421.53,0,0,0.35116854,-0.010105140138672697
Russell 2000 Index,2025-09-12,2397.06,1,1,0.65179324,0.003366540538553675
Russell 2000 Index,2025-09-15,2405.13,0,1,0.7847463,-0.0008730921352728682
Russell 2000 Index,2025-09-16,2403.03,1,1,0.85681564,0.0017936105666593871
Russell 2000 Index,2025-09-17,2407.34,1,0,0.47346982,0.025073274856344474
Russell 2000 Index,2025-09-18,2467.7,0,0,0.34239504,-0.007671110750901544
Russell 2000 Index,2025-09-19,2448.77,1,1,0.63021314,0.005949966717984978
Russell 2000 Index,2025-09-22,2463.34,0,1,0.61003697,-0.0023667458667195884
Russell 2000 Index,2025-09-23,2457.51,0,1,0.5271414,-0.009167816204206813
Russell 2000 Index,2025-09-24,2434.98,0,1,0.78325546,-0.00983170292979818
Russell 2000 Index,2025-09-25,2411.04,1,1,0.87917936,0.009655625788041577
Russell 2000 Index,2025-09-26,2434.32,1,1,0.57952124,0.0003819957777944083
Russell 2000 Index,2025-09-29,2435.25,1,1,0.7132102,0.0005050816137972536
Russell 2000 Index,2025-09-30,2436.48,1,1,0.7853598,0.0024092543341214245
Russell 2000 Index,2025-10-01,2442.35,1,1,0.7698123,0.006608348246223805
Russell 2000 Index,2025-10-02,2458.49,1,1,0.75709116,0.00719543296901759
Russell 2000 Index,2025-10-03,2476.18,1,0,0.3789229,0.004107213696387779
Russell 2000 Index,2025-10-06,2486.35,0,1,0.6537755,-0.011233413991054708
Russell 2000 Index,2025-10-07,2458.42,1,1,0.67033553,0.0104010303528701
Russell 2000 Index,2025-10-08,2483.99,0,0,0.1427883,-0.006094992330886839
Russell 2000 Index,2025-10-09,2468.85,0,0,0.40203115,-0.030078780400640825
Russell 2000 Index,2025-10-10,2394.59,1,1,0.6437768,0.02790865960733746
Russell 2000 Index,2025-10-13,2461.42,1,0,0.10218583,0.013845707512155858
Russell 2000 Index,2025-10-14,2495.5,1,1,0.6596288,0.009717491484672491
Russell 2000 Index,2025-10-15,2519.75,0,1,0.9411924,-0.020926679234051004
Russell 2000 Index,2025-10-16,2467.02,0,1,0.96229297,-0.00601944856547576
Russell 2000 Index,2025-10-17,2452.17,1,1,0.7154723,0.019468471576949087
Russell 2000 Index,2025-10-20,2499.91,0,1,0.7805132,-0.004888176169869252
Russell 2000 Index,2025-10-21,2487.69,0,0,0.06461896,-0.014527493961365434
Russell 2000 Index,2025-10-22,2451.55,1,1,0.57655025,0.012689890069547793
Russell 2000 Index,2025-10-23,2482.66,1,1,0.9018638,0.012410117068391013
Russell 2000 Index,2025-10-24,2513.47,1,1,0.87750983,0.002773018973769359
Russell 2000 Index,2025-10-27,2520.44,0,1,0.5124247,-0.005471267138724478
Russell 2000 Index,2025-10-28,2506.65,0,0,0.44995275,-0.008712744448277299
Russell 2000 Index,2025-10-29,2484.81,0,0,0.081350274,-0.007590157493323257
Russell 2000 Index,2025-10-30,2465.95,1,0,0.21677579,0.005446136377461164
Russell 2000 Index,2025-10-31,2479.38,0,0,0.46820852,-0.003283038633974611
Russell 2000 Index,2025-11-03,2471.24,0,1,0.7220248,-0.017764320745860318
Russell 2000 Index,2025-11-04,2427.34,1,1,0.7592366,0.015424249778595245
Russell 2000 Index,2025-11-05,2464.78,0,1,0.52492815,-0.0186466540624316
Russell 2000 Index,2025-11-06,2418.82,1,1,0.874828,0.0057879459493495045
Russell 2000 Index,2025-11-07,2432.82,1,1,0.57185507,0.009384088860495687
Russell 2000 Index,2025-11-10,2455.65,1,1,0.6939779,0.0010710402977234246
Russell 2000 Index,2025-11-11,2458.28,0,0,0.48202178,-0.003042777877214964
Russell 2000 Index,2025-11-12,2450.8,0,0,0.35540953,-0.02767259670311739
Russell 2000 Index,2025-11-13,2382.98,1,1,0.8972655,0.0022031238197550707
Russell 2000 Index,2025-11-14,2388.23,0,1,0.9456749,-0.01961708043195176
Russell 2000 Index,2025-11-17,2341.38,1,1,0.7166738,0.003143488162685504
Russell 2000 Index,2025-11-18,2348.74,0,0,0.21911073,-0.00036193874162304684
Russell 2000 Index,2025-11-19,2347.89,0,0,0.32789928,-0.01822053069865004
Russell 2000 Index,2025-11-20,2305.11,1,1,0.5882776,0.02797263349807033
Russell 2000 Index,2025-11-21,2369.59,1,0,0.4526244,0.018859759753385275
Russell 2000 Index,2025-11-24,2414.28,1,0,0.22177996,0.021414251868051792
Russell 2000 Index,2025-11-25,2465.98,1,1,0.7462882,0.008167178971443478
Russell 2000 Index,2025-11-26,2486.12,1,1,0.86043537,0.005755876395512782
Russell 2000 Index,2025-11-28,2500.43,0,0,0.43425208,-0.012517847430955853
Russell 2000 Index,2025-12-01,2469.13,0,1,0.7905218,-0.001680713517745569
Russell 2000 Index,2025-12-02,2464.98,1,1,0.7858614,0.019131960502722256
Russell 2000 Index,2025-12-03,2512.14,1,1,0.6112491,0.0075712343886580324
Russell 2000 Index,2025-12-04,2531.16,0,1,0.78757715,-0.003824294150677754
Russell 2000 Index,2025-12-05,2521.48,0,1,0.78201437,-0.0001982962387169218
Russell 2000 Index,2025-12-08,2520.98,1,0,0.49566808,0.002086490174455946
Russell 2000 Index,2025-12-09,2526.24,1,1,0.67956364,0.013209394198492763
Russell 2000 Index,2025-12-10,2559.61,1,1,0.6149304,0.012111219595515754
Russell 2000 Index,2025-12-11,2590.61,0,0,0.13700008,-0.015112308872724523
Russell 2000 Index,2025-12-12,2551.46,0,0,0.35571304,-0.008148315082345037
Russell 2000 Index,2025-12-15,2530.67,0,1,0.6734332,-0.004492841994129582
Russell 2000 Index,2025-12-16,2519.3,0,1,0.69915485,-0.010717262731711141
Russell 2000 Index,2025-12-17,2492.3,1,1,0.8881867,0.006247281627412393
Russell 2000 Index,2025-12-18,2507.87,1,1,0.9327106,0.008596856751073245
Russell 2000 Index,2025-12-19,2529.43,1,1,0.6007546,0.011603444712976696
Russell 2000 Index,2025-12-22,2558.78,0,1,0.66313493,-0.006901687522960165
Russell 2000 Index,2025-12-23,2541.12,1,0,0.26124284,0.0027389496466538876
Russell 2000 Index,2025-12-24,2548.08,0,1,0.61729336,-0.0053883706403107245
Russell 2000 Index,2025-12-26,2534.35,0,1,0.8840773,-0.005741156283024962
Russell 2000 Index,2025-12-29,2519.8,0,1,0.79708374,-0.007623581236606225
Russell 2000 Index,2025-12-30,2500.59,0,1,0.84558755,-0.007470316706444491
Russell 2000 Index,2025-12-31,2481.91,1,0,0.47759864,0.010600747432450985
Russell 2000 Index,2026-01-02,2508.22,1,1,0.62439686,0.015827917806253033
Russell 2000 Index,2026-01-05,2547.92,1,0,0.48221728,0.013728846028479902
Russell 2000 Index,2026-01-06,2582.9,0,1,0.69968134,-0.0028959697586422584
Russell 2000 Index,2026-01-07,2575.42,1,1,0.9070108,0.011062273767473929
Russell 2000 Index,2026-01-08,2603.91,1,1,0.9101277,0.00779984745247897
Russell 2000 Index,2026-01-09,2624.22,1,1,0.6899898,0.00437078446166872
Russell 2000 Index,2026-01-12,2635.69,0,1,0.5972733,-0.0009787949637019011
Russell 2000 Index,2026-01-13,2633.11,1,1,0.6758042,0.007037229472478312
Russell 2000 Index,2026-01-14,2651.64,1,1,0.89924586,0.008643783041581088
Russell 2000 Index,2026-01-15,2674.56,1,1,0.9381679,0.0011889431835909736
Russell 2000 Index,2026-01-16,2677.74,0,1,0.7508448,-0.012092249434224378
Russell 2000 Index,2026-01-20,2645.36,1,1,0.6808669,0.019963180060060592
Russell 2000 Index,2026-01-21,2698.17,1,1,0.55357933,0.007634841675463022
Russell 2000 Index,2026-01-22,2718.77,0,0,0.43457007,-0.018247258870739302
Russell 2000 Index,2026-01-23,2669.16,0,0,0.32865316,-0.003555425810196078
Russell 2000 Index,2026-01-26,2659.67,1,1,0.8205936,0.0026432227548238707
Russell 2000 Index,2026-01-27,2666.7,0,1,0.862578,-0.004931188360145389
Russell 2000 Index,2026-01-28,2653.55,1,1,0.8878327,0.0004635299881290411
Russell 2000 Index,2026-01-29,2654.78,0,1,0.6218005,-0.015458908082779166
Russell 2000 Index,2026-01-30,2613.74,1,0,0.32825524,0.010154032153159909
Russell 2000 Index,2026-02-02,2640.28,1,0,0.25345615,0.0031133061644976756
Russell 2000 Index,2026-02-03,2648.5,0,1,0.87459576,-0.009042854445912685
Russell 2000 Index,2026-02-04,2624.55,0,1,0.84270066,-0.017869768150730714
Russell 2000 Index,2026-02-05,2577.65,1,1,0.86260355,0.035959189027183314
Russell 2000 Index,2026-02-06,2670.34,1,0,0.45032996,0.007006560699889919
Russell 2000 Index,2026-02-09,2689.05,0,0,0.4866483,-0.0034510328926573575
Russell 2000 Index,2026-02-10,2679.77,0,1,0.6498381,-0.0038436134444375103
Russell 2000 Index,2026-02-11,2669.47,0,0,0.15236968,-0.020093838851906853
Russell 2000 Index,2026-02-12,2615.83,1,0,0.46781346,0.0118011869348853
Russell 2000 Index,2026-02-13,2646.7,0,1,0.8431038,-4.152340650620534e-05
Russell 2000 Index,2026-02-17,2646.59,1,1,0.9005931,0.004541693101625333
Russell 2000 Index,2026-02-18,2658.61,1,1,0.5422249,0.0024373637939614223
Russell 2000 Index,2026-02-19,2665.09,0,1,0.59047997,-0.0004915781271334074
Russell 2000 Index,2026-02-20,2663.78,0,0,0.27879396,-0.016063638889097565
Russell 2000 Index,2026-02-23,2620.99,1,1,0.82687825,0.01195735199294945
Russell 2000 Index,2026-02-24,2652.33,1,1,0.90402746,0.004147296748621132
Russell 2000 Index,2026-02-25,2663.33,1,1,0.8677018,0.005241520756289253
Russell 2000 Index,2026-02-26,2677.29,0,1,0.6688282,-0.016781857774092468
Russell 2000 Index,2026-02-27,2632.36,1,1,0.54254234,0.008957665024629469
Russell 2000 Index,2026-03-02,2655.94,0,0,0.48656484,-0.017914486694522003
Russell 2000 Index,2026-03-03,2608.36,1,1,0.8516428,0.01060049185693357
Russell 2000 Index,2026-03-04,2636.01,0,1,0.89251536,-0.01913494258367776
Russell 2000 Index,2026-03-05,2585.57,0,0,0.42550057,-0.023310178285245398
Russell 2000 Index,2026-03-06,2525.3,1,0,0.12884653,0.011234269195739
Russell 2000 Index,2026-03-09,2553.67,0,0,0.47768015,-0.0021889281774436498
Russell 2000 Index,2026-03-10,2548.08,0,1,0.6520098,-0.002032981616237328
Russell 2000 Index,2026-03-11,2542.9,0,1,0.65419,-0.021200165999456067
Russell 2000 Index,2026-03-12,2488.99,0,0,0.282885,-0.0035918183680929694
Russell 2000 Index,2026-03-13,2480.05,1,1,0.72566867,0.009370778814943082
Russell 2000 Index,2026-03-16,2503.29,1,1,0.9363846,0.006671220673593492
Russell 2000 Index,2026-03-17,2519.99,0,1,0.5031998,-0.016408834955694118
Russell 2000 Index,2026-03-18,2478.64,1,1,0.70043147,0.006483434725633064
Russell 2000 Index,2026-03-19,2494.71,0,0,0.054312702,-0.022551719438331563
Russell 2000 Index,2026-03-20,2438.45,1,0,0.21188878,0.022875187106563777
Russell 2000 Index,2026-03-23,2494.23,1,1,0.7043988,0.004494332920380151
Russell 2000 Index,2026-03-24,2505.44,1,0,0.45885295,0.012349128789718833
Russell 2000 Index,2026-03-25,2536.38,0,0,0.06683587,-0.01697687321997776
Russell 2000 Index,2026-03-26,2493.32,0,0,0.47489622,-0.017494785366708454
Russell 2000 Index,2026-03-27,2449.7,0,1,0.9329327,-0.014569130913989259
Russell 2000 Index,2026-03-30,2414.01,1,1,0.6336146,0.03411754715183446
Russell 2000 Index,2026-03-31,2496.37,1,1,0.50635785,0.00640930605602108
Russell 2000 Index,2026-04-01,2512.37,1,1,0.5679519,0.007033159644751263
Russell 2000 Index,2026-04-02,2530.04,1,0,0.19276631,0.004189617555453662
Russell 2000 Index,2026-04-06,2540.64,1,0,0.45500597,0.0016964623754824881
Russell 2000 Index,2026-04-07,2544.95,1,1,0.50051093,0.029670523978860164
Russell 2000 Index,2026-04-08,2620.46,1,0,0.049735494,0.006048594521572692
Russell 2000 Index,2026-04-09,2636.31,0,0,0.13949586,-0.002169699232271727
Russell 2000 Index,2026-04-10,2630.59,1,0,0.3983689,0.01516766143079451
Russell 2000 Index,2026-04-13,2670.49,1,1,0.6868368,0.013173574887005879
Russell 2000 Index,2026-04-14,2705.67,1,1,0.7404417,0.002953057946943227
Russell 2000 Index,2026-04-15,2713.66,1,1,0.7876041,0.002188999439465489
Russell 2000 Index,2026-04-16,2719.6,1,1,0.86018246,0.02106920057842321
Russell 2000 Index,2026-04-17,2776.9,1,1,0.8574235,0.005783463782760068
Russell 2000 Index,2026-04-20,2792.96,0,1,0.8926676,-0.010021625802016598
Russell 2000 Index,2026-04-21,2764.97,1,1,0.79562354,0.007381599077024292
Russell 2000 Index,2026-04-22,2785.38,0,1,0.7725977,-0.0036906276231833957
Russell 2000 Index,2026-04-23,2775.1,1,1,0.70333654,0.004288097571687466
Russell 2000 Index,2026-04-24,2787.0,1,1,0.63046795,0.0004269465374955317
Russell 2000 Index,2026-04-27,2788.19,0,1,0.64673066,-0.011527156023339646
Russell 2000 Index,2026-04-28,2756.05,0,1,0.5302401,-0.00601585602583421
Russell 2000 Index,2026-04-29,2739.47,1,1,0.56934714,0.022062625252329937
Russell 2000 Index,2026-04-30,2799.91,0,0,0.24541184,0.0
Russell 2000 Index,2026-04-30,2799.91,1,1,0.87111974,0.004610934087557528
Russell 2000 Index,2026-05-01,2812.82,0,1,0.9410091,0.0
Russell 2000 Index,2026-05-01,2812.82,0,1,0.9282961,0.0
Russell 2000 Index,2026-05-01,2812.82,0,1,0.53334,-0.005979799419095433
Russell 2000 Index,2026-05-04,2796.0,1,1,0.8067468,0.017525035765379116
Russell 2000 Index,2026-05-05,2845.0,1,0,0.2903191,0.014681898066783772
Russell 2000 Index,2026-05-06,2886.77,0,0,0.3063665,-0.01632970413299295
Russell 2000 Index,2026-05-07,2839.63,1,1,0.7613279,0.007599617119118385
Russell 2000 Index,2026-05-08,2861.21,0,1,0.9811652,0.0
Russell 2000 Index,2026-05-08,2861.21,0,0,0.31612763,0.0
EURO STOXX 50 I,2025-06-05,5410.55,1,1,0.6670426,0.0036262673342366547
EURO STOXX 50 I,2025-06-06,5430.17,0,0,0.48196855,-0.0027236716847478526
EURO STOXX 50 I,2025-06-10,5415.38,0,0,0.4532964,-0.004104975165269531
EURO STOXX 50 I,2025-06-11,5393.15,0,1,0.66547066,-0.005994660003794783
EURO STOXX 50 I,2025-06-12,5360.82,0,1,0.5883694,-0.013122918252167382
EURO STOXX 50 I,2025-06-13,5290.47,1,0,0.3096619,0.009280762983978397
EURO STOXX 50 I,2025-06-16,5339.57,0,0,0.28510317,-0.00953065544718612
EURO STOXX 50 I,2025-06-17,5288.68,0,1,0.6388416,-0.004116338893018989
EURO STOXX 50 I,2025-06-18,5266.91,0,1,0.7017452,-0.013267816869176885
EURO STOXX 50 I,2025-06-19,5197.03,1,1,0.61289877,0.007032920996527636
EURO STOXX 50 I,2025-06-20,5233.58,0,1,0.67693365,-0.0022317801154891903
EURO STOXX 50 I,2025-06-23,5221.9,1,1,0.73408294,0.014395124655683267
EURO STOXX 50 I,2025-06-24,5297.07,0,0,0.43961063,-0.008506589813107701
EURO STOXX 50 I,2025-06-25,5252.01,0,0,0.48368382,-0.0015194183377189585
EURO STOXX 50 I,2025-06-26,5244.03,1,1,0.61473674,0.01556251644489115
EURO STOXX 50 I,2025-06-27,5325.64,0,1,0.54762757,-0.004206048395947626
EURO STOXX 50 I,2025-06-30,5303.24,0,0,0.49986947,-0.003924016113771467
EURO STOXX 50 I,2025-07-01,5282.43,1,1,0.67703676,0.006869944064760158
EURO STOXX 50 I,2025-07-02,5318.72,1,1,0.8478277,0.004593153819221429
EURO STOXX 50 I,2025-07-03,5343.15,0,1,0.8109009,-0.010169993546316314
EURO STOXX 50 I,2025-07-04,5288.81,1,1,0.82116944,0.009970087600611688
EURO STOXX 50 I,2025-07-07,5341.54,1,1,0.6761947,0.005693152162110637
EURO STOXX 50 I,2025-07-08,5371.95,1,1,0.51582795,0.013719356519723558
EURO STOXX 50 I,2025-07-09,5445.65,0,0,0.4844611,-0.001355191783445342
EURO STOXX 50 I,2025-07-10,5438.27,0,0,0.42151895,-0.0100748951412859
EURO STOXX 50 I,2025-07-11,5383.48,0,0,0.39942926,-0.002346047538023699
EURO STOXX 50 I,2025-07-14,5370.85,0,0,0.45224893,-0.0031056908477113954
EURO STOXX 50 I,2025-07-15,5354.17,0,1,0.51695484,-0.01047783336124608
EURO STOXX 50 I,2025-07-16,5298.07,1,1,0.7855317,0.014926209541444635
EURO STOXX 50 I,2025-07-17,5377.15,0,1,0.71370447,-0.0033326019049609856
EURO STOXX 50 I,2025-07-18,5359.23,0,1,0.73244274,-0.003032152006911426
EURO STOXX 50 I,2025-07-21,5342.98,0,1,0.7076647,-0.009825977263624441
EURO STOXX 50 I,2025-07-22,5290.48,1,0,0.3931212,0.010163539036155633
EURO STOXX 50 I,2025-07-23,5344.25,1,0,0.369962,0.0020489685175657524
EURO STOXX 50 I,2025-07-24,5355.2,0,0,0.4118743,-0.0005676725213746847
EURO STOXX 50 I,2025-07-25,5352.16,0,0,0.40304846,-0.0027241523899079745
EURO STOXX 50 I,2025-07-28,5337.58,1,1,0.5468049,0.007797559796807629
EURO STOXX 50 I,2025-07-29,5379.2,1,1,0.7309062,0.002598899367976637
EURO STOXX 50 I,2025-07-30,5393.18,0,1,0.7720983,-0.013583877653485454
EURO STOXX 50 I,2025-07-31,5319.92,0,1,0.5331859,-0.014586704585533239
EURO STOXX 50 I,2025-08-04,5242.32,1,0,0.16196921,0.0013867906341766822
EURO STOXX 50 I,2025-08-05,5249.59,1,0,0.36797005,0.002609765814464149
EURO STOXX 50 I,2025-08-06,5263.29,1,1,0.7221035,0.013067833997366662
EURO STOXX 50 I,2025-08-07,5332.07,1,1,0.7312631,0.0029388962612604264
EURO STOXX 50 I,2025-08-08,5347.74,0,1,0.78577304,-0.0029713672328360863
EURO STOXX 50 I,2025-08-11,5331.85,1,1,0.8116487,0.0007727336520582107
EURO STOXX 50 I,2025-08-12,5335.97,1,1,0.7038761,0.009797618434975508
EURO STOXX 50 I,2025-08-13,5388.25,1,1,0.7563282,0.008620646777710794
EURO STOXX 50 I,2025-08-14,5434.7,1,1,0.6646571,0.002559423609052036
EURO STOXX 50 I,2025-08-15,5448.61,0,0,0.24594308,-0.002563920019306387
EURO STOXX 50 I,2025-08-18,5434.64,1,0,0.222642,0.008949939481733171
EURO STOXX 50 I,2025-08-19,5483.28,0,0,0.20879406,-0.001998803708685437
EURO STOXX 50 I,2025-08-20,5472.32,0,0,0.32304198,-0.001856543544841771
EURO STOXX 50 I,2025-08-21,5462.16,1,1,0.63005537,0.004772800329071236
EURO STOXX 50 I,2025-08-22,5488.23,0,1,0.75989187,-0.008066352904306018
EURO STOXX 50 I,2025-08-25,5443.96,0,1,0.8373752,-0.011072785251912243
EURO STOXX 50 I,2025-08-26,5383.68,1,1,0.8220418,0.0017440857649755337
EURO STOXX 50 I,2025-08-27,5393.07,1,1,0.7101398,0.0006786858200868995
EURO STOXX 50 I,2025-08-28,5396.73,0,1,0.54001325,-0.008338382687293922
EURO STOXX 50 I,2025-08-29,5351.73,1,1,0.6783892,0.0028682500798808963
EURO STOXX 50 I,2025-09-01,5367.08,0,1,0.782275,-0.014167871278835564
EURO STOXX 50 I,2025-09-02,5291.04,1,1,0.85777944,0.0064202500831593845
EURO STOXX 50 I,2025-09-03,5325.01,1,1,0.7890085,0.004075147429775772
EURO STOXX 50 I,2025-09-04,5346.71,0,1,0.5567442,-0.005341621296086729
EURO STOXX 50 I,2025-09-05,5318.15,1,0,0.38938951,0.00839769484496844
EURO STOXX 50 I,2025-09-08,5362.81,1,0,0.27167615,0.0011206251737312378
EURO STOXX 50 I,2025-09-09,5368.82,0,0,0.48453286,-0.0013689414571150804
EURO STOXX 50 I,2025-09-10,5361.47,1,1,0.65796196,0.004718817610886106
EURO STOXX 50 I,2025-09-11,5386.77,1,1,0.6037485,0.0007314216125804407
EURO STOXX 50 I,2025-09-12,5390.71,1,1,0.66415745,0.009217691176115927
EURO STOXX 50 I,2025-09-15,5440.4,0,1,0.6841835,-0.012515587319233745
EURO STOXX 50 I,2025-09-16,5372.31,0,1,0.81790966,-0.0004858059105709023
EURO STOXX 50 I,2025-09-17,5369.7,1,1,0.5797706,0.016196379082765056
EURO STOXX 50 I,2025-09-18,5456.67,1,1,0.5270657,0.00032070842328213445
EURO STOXX 50 I,2025-09-19,5458.42,0,1,0.55050856,-0.0029990547264420186
EURO STOXX 50 I,2025-09-22,5442.05,1,1,0.5983823,0.005575160300811621
EURO STOXX 50 I,2025-09-23,5472.39,0,1,0.559412,-0.0014308190492486883
EURO STOXX 50 I,2025-09-24,5464.56,0,1,0.8127504,-0.0035995578125309624
EURO STOXX 50 I,2025-09-25,5444.89,1,1,0.8652685,0.010066337243427759
EURO STOXX 50 I,2025-09-26,5499.7,1,1,0.68794394,0.0013000526828716996
EURO STOXX 50 I,2025-09-29,5506.85,1,1,0.7646878,0.004196573282428728
EURO STOXX 50 I,2025-09-30,5529.96,1,1,0.78252274,0.009267698138865299
EURO STOXX 50 I,2025-10-01,5581.21,1,1,0.7985056,0.011574568955477371
EURO STOXX 50 I,2025-10-02,5645.81,1,1,0.8203689,0.0010450050383381537
EURO STOXX 50 I,2025-10-03,5651.71,0,1,0.6788153,-0.004067760023072742
EURO STOXX 50 I,2025-10-06,5628.72,0,1,0.76224464,-0.002682687975856357
EURO STOXX 50 I,2025-10-07,5613.62,1,1,0.6289064,0.006432551429691458
EURO STOXX 50 I,2025-10-08,5649.73,0,0,0.3491086,-0.004278062845481045
EURO STOXX 50 I,2025-10-09,5625.56,0,1,0.5444593,-0.01675216304239635
EURO STOXX 50 I,2025-10-10,5531.32,1,1,0.64304537,0.006665696675140831
EURO STOXX 50 I,2025-10-13,5568.19,0,0,0.37275204,-0.002898625996933135
EURO STOXX 50 I,2025-10-14,5552.05,1,1,0.62467515,0.009542421611564267
EURO STOXX 50 I,2025-10-15,5605.03,1,1,0.8984274,0.008381757399398504
EURO STOXX 50 I,2025-10-16,5652.01,0,1,0.9204209,-0.007894483834759103
EURO STOXX 50 I,2025-10-17,5607.39,1,1,0.8102625,0.01311485355727271
EURO STOXX 50 I,2025-10-20,5680.93,1,1,0.71817094,0.0010385447087521982
EURO STOXX 50 I,2025-10-21,5686.83,0,0,0.1391486,-0.008373751134221563
EURO STOXX 50 I,2025-10-22,5639.21,1,1,0.5268293,0.005163861604728259
EURO STOXX 50 I,2025-10-23,5668.33,1,1,0.7771804,0.0010884863603832784
EURO STOXX 50 I,2025-10-24,5674.5,1,1,0.86575943,0.006442876024319366
EURO STOXX 50 I,2025-10-27,5711.06,0,1,0.6170547,-0.0011749132179506017
EURO STOXX 50 I,2025-10-28,5704.35,1,1,0.5653502,0.00025594501992443064
EURO STOXX 50 I,2025-10-29,5705.81,0,0,0.19756351,-0.001161955950829796
EURO STOXX 50 I,2025-10-30,5699.18,0,0,0.28653806,-0.0065167618318157094
EURO STOXX 50 I,2025-10-31,5662.04,1,0,0.404614,0.003039540518964934
EURO STOXX 50 I,2025-11-03,5679.25,0,1,0.56535643,-0.0033542809349825786
EURO STOXX 50 I,2025-11-04,5660.2,1,1,0.6437442,0.0015776297099878711
EURO STOXX 50 I,2025-11-05,5669.13,0,1,0.66504943,-0.010221974275099965
EURO STOXX 50 I,2025-11-06,5611.18,0,1,0.7852813,-0.007957399051272573
EURO STOXX 50 I,2025-11-07,5566.53,1,1,0.68889934,0.017592684045273588
EURO STOXX 50 I,2025-11-10,5664.46,1,1,0.807724,0.010811304166681301
EURO STOXX 50 I,2025-11-11,5725.7,1,1,0.65266633,0.010760238546894119
EURO STOXX 50 I,2025-11-12,5787.31,0,0,0.47728372,-0.007692710297310668
EURO STOXX 50 I,2025-11-13,5742.79,0,1,0.71513677,-0.008535920693600096
EURO STOXX 50 I,2025-11-14,5693.77,0,1,0.8510377,-0.009278579921563446
EURO STOXX 50 I,2025-11-17,5640.94,0,1,0.7687936,-0.018831950327994118
EURO STOXX 50 I,2025-11-18,5534.71,1,0,0.43296424,0.001326139942291471
EURO STOXX 50 I,2025-11-19,5542.05,1,0,0.41801336,0.005028843299098584
EURO STOXX 50 I,2025-11-20,5569.92,0,1,0.54784006,-0.009843965619685147
EURO STOXX 50 I,2025-11-21,5515.09,1,1,0.72960055,0.0024623533781806817
EURO STOXX 50 I,2025-11-24,5528.67,1,0,0.38502875,0.008182854252159366
EURO STOXX 50 I,2025-11-25,5573.91,1,1,0.68270355,0.01465217362131166
EURO STOXX 50 I,2025-11-26,5655.58,0,1,0.7278022,-0.0004261631799716836
EURO STOXX 50 I,2025-11-27,5653.17,1,1,0.662812,0.00265337859383985
EURO STOXX 50 I,2025-11-28,5668.17,0,0,0.30977058,-0.00012171477075872961
EURO STOXX 50 I,2025-12-01,5667.48,1,1,0.73234206,0.003297744323755847
EURO STOXX 50 I,2025-12-02,5686.17,1,1,0.7307882,0.001475545076484508
EURO STOXX 50 I,2025-12-03,5694.56,1,1,0.72626626,0.0041302575768760175
EURO STOXX 50 I,2025-12-04,5718.08,1,1,0.78482217,0.0010230881515631562
EURO STOXX 50 I,2025-12-05,5723.93,1,1,0.8194111,0.00028994064253273777
EURO STOXX 50 I,2025-12-08,5725.59,0,1,0.6027378,-0.0012697381848765232
EURO STOXX 50 I,2025-12-09,5718.32,0,1,0.70640385,-0.0017836882785045027
EURO STOXX 50 I,2025-12-10,5708.12,1,1,0.62108487,0.008030647428038495
EURO STOXX 50 I,2025-12-11,5753.96,0,0,0.25888467,-0.005778628978998834
EURO STOXX 50 I,2025-12-12,5720.71,1,0,0.36266086,0.0055604986094384135
EURO STOXX 50 I,2025-12-15,5752.52,0,1,0.5493263,-0.006030383205968937
EURO STOXX 50 I,2025-12-16,5717.83,0,1,0.74079365,-0.0063241123586376125
EURO STOXX 50 I,2025-12-17,5681.67,1,1,0.8876023,0.010567333382039745
EURO STOXX 50 I,2025-12-18,5741.71,1,1,0.8903409,0.003246437037049965
EURO STOXX 50 I,2025-12-19,5760.35,0,1,0.72900105,-0.0028922200405838705
EURO STOXX 50 I,2025-12-22,5743.69,1,1,0.66886383,0.0009732245468196954
EURO STOXX 50 I,2025-12-23,5749.28,1,0,0.26448262,0.0004226964219065099
EURO STOXX 50 I,2025-12-29,5751.71,1,1,0.5581081,0.007738602954599605
EURO STOXX 50 I,2025-12-30,5796.22,1,1,0.7844483,0.021991866354559964
EURO STOXX 50 I,2026-01-05,5923.69,1,1,0.7101444,0.0013674078381449295
EURO STOXX 50 I,2026-01-06,5931.79,0,1,0.8199787,-0.0013857874267294568
EURO STOXX 50 I,2026-01-07,5923.57,0,1,0.8883078,-0.00324972958029468
EURO STOXX 50 I,2026-01-08,5904.32,1,1,0.91394246,0.01577665220640645
EURO STOXX 50 I,2026-01-09,5997.47,1,1,0.7156663,0.0031395904226418914
EURO STOXX 50 I,2026-01-12,6016.3,1,1,0.51570785,0.0022489404533996282
EURO STOXX 50 I,2026-01-13,6029.83,0,1,0.58736587,-0.004109618279294569
EURO STOXX 50 I,2026-01-14,6005.05,1,1,0.8287113,0.006009991790576041
EURO STOXX 50 I,2026-01-15,6041.14,0,1,0.9083313,-0.00193504865083316
EURO STOXX 50 I,2026-01-16,6029.45,0,1,0.76971066,-0.017187371412405117
EURO STOXX 50 I,2026-01-19,5925.82,0,1,0.7616823,-0.005693676341626208
EURO STOXX 50 I,2026-01-20,5892.08,0,1,0.86462647,-0.0015614519565000373
EURO STOXX 50 I,2026-01-21,5882.88,1,1,0.550329,0.012458183958506508
EURO STOXX 50 I,2026-01-22,5956.17,0,0,0.38935962,-0.0013380578683626076
EURO STOXX 50 I,2026-01-23,5948.2,1,0,0.27238026,0.0016138663254809948
EURO STOXX 50 I,2026-01-26,5957.8,1,1,0.70922667,0.006175098397901868
EURO STOXX 50 I,2026-01-27,5994.59,0,1,0.8874615,-0.010240834160162193
EURO STOXX 50 I,2026-01-28,5933.2,0,1,0.93501616,-0.006952403190440104
EURO STOXX 50 I,2026-01-29,5891.95,1,1,0.8199769,0.009480714891310527
EURO STOXX 50 I,2026-01-30,5947.81,1,1,0.51084894,0.010037257241955366
EURO STOXX 50 I,2026-02-02,6007.51,0,0,0.36574528,-0.002024083256593312
EURO STOXX 50 I,2026-02-03,5995.35,0,1,0.77047837,-0.004149866077045261
EURO STOXX 50 I,2026-02-04,5970.47,0,1,0.7744602,-0.007498571888023053
EURO STOXX 50 I,2026-02-05,5925.7,1,1,0.8607087,0.012268541699089086
EURO STOXX 50 I,2026-02-06,5998.4,1,1,0.5382271,0.010104344660315068
EURO STOXX 50 I,2026-02-09,6059.01,0,0,0.45577937,-0.0019722199492069326
EURO STOXX 50 I,2026-02-10,6047.06,0,1,0.61848015,-0.001888521002131327
EURO STOXX 50 I,2026-02-11,6035.64,0,0,0.49231935,-0.004034385681810249
EURO STOXX 50 I,2026-02-12,6011.29,0,1,0.65836495,-0.00433517597720301
EURO STOXX 50 I,2026-02-13,5985.23,0,1,0.7520833,-0.0010609617341355015
EURO STOXX 50 I,2026-02-16,5978.88,1,1,0.79809386,0.007186998353989393
EURO STOXX 50 I,2026-02-17,6021.85,1,1,0.74976504,0.013537367859754568
EURO STOXX 50 I,2026-02-18,6103.37,0,1,0.5565772,-0.007168170909380045
EURO STOXX 50 I,2026-02-19,6059.62,1,1,0.6722846,0.011830774671831357
EURO STOXX 50 I,2026-02-20,6131.31,0,1,0.56186897,-0.0028362943182403955
EURO STOXX 50 I,2026-02-23,6113.92,1,1,0.78271246,0.0004383766951214785
EURO STOXX 50 I,2026-02-24,6116.6,1,1,0.84807014,0.009273076394188395
EURO STOXX 50 I,2026-02-25,6173.32,0,1,0.8239276,-0.0019049231824990187
EURO STOXX 50 I,2026-02-26,6161.56,0,1,0.65884656,-0.003757149102546209
EURO STOXX 50 I,2026-02-27,6138.41,0,0,0.4849836,-0.024677399369628428
EURO STOXX 50 I,2026-03-02,5986.93,0,1,0.5236464,-0.03594499899130277
EURO STOXX 50 I,2026-03-03,5771.73,1,1,0.7846055,0.017185471253852835
EURO STOXX 50 I,2026-03-04,5870.92,0,1,0.87205136,-0.014994208999513092
EURO STOXX 50 I,2026-03-05,5782.89,0,1,0.6769044,-0.010892512033040203
EURO STOXX 50 I,2026-03-06,5719.9,0,0,0.3080697,-0.00606648728240855
EURO STOXX 50 I,2026-03-09,5685.2,1,1,0.60117584,0.026730756113038767
EURO STOXX 50 I,2026-03-10,5837.17,0,1,0.70655745,-0.007279161087978658
EURO STOXX 50 I,2026-03-11,5794.68,0,1,0.74609876,-0.007902092681490891
EURO STOXX 50 I,2026-03-12,5748.89,0,0,0.46119153,-0.0056150316736789385
EURO STOXX 50 I,2026-03-13,5716.61,1,1,0.70989275,0.003918388763942016
EURO STOXX 50 I,2026-03-16,5739.01,1,1,0.7785665,0.005269236515330622
EURO STOXX 50 I,2026-03-17,5769.25,0,1,0.54599684,-0.005615963946786873
EURO STOXX 50 I,2026-03-18,5736.85,0,1,0.5272596,-0.02144382332736905
EURO STOXX 50 I,2026-03-19,5613.83,0,0,0.24723487,-0.020048754236434707
EURO STOXX 50 I,2026-03-20,5501.28,1,0,0.29701474,0.01327691058360636
EURO STOXX 50 I,2026-03-23,5574.32,1,1,0.5772367,0.0012504126512440372
EURO STOXX 50 I,2026-03-24,5581.29,1,1,0.7776263,0.012190748017035569
EURO STOXX 50 I,2026-03-25,5649.33,0,0,0.31283468,-0.014762794618781494
EURO STOXX 50 I,2026-03-26,5565.93,0,1,0.5480825,-0.010803297533267697
EURO STOXX 50 I,2026-03-27,5505.8,1,1,0.8682732,0.006536779633723677
EURO STOXX 50 I,2026-03-30,5541.79,1,1,0.8746898,0.00504169230519369
EURO STOXX 50 I,2026-03-31,5569.73,1,1,0.79826236,0.029261741592500945
EURO STOXX 50 I,2026-04-01,5732.71,0,0,0.22192854,-0.006951354594947223
EURO STOXX 50 I,2026-04-02,5692.86,0,0,0.14242688,-0.010476228301349977
EURO STOXX 50 I,2026-04-07,5633.22,1,0,0.28856307,0.049731750234084604
EURO STOXX 50 I,2026-04-08,5913.37,0,0,0.1711705,-0.0028883867762649063
EURO STOXX 50 I,2026-04-09,5896.29,1,0,0.4532053,0.0050574005009931255
EURO STOXX 50 I,2026-04-10,5926.11,0,1,0.62467307,-0.0035588101395149785
EURO STOXX 50 I,2026-04-13,5905.02,1,1,0.6514657,0.013461393864880877
EURO STOXX 50 I,2026-04-14,5984.51,0,1,0.72682714,-0.0073807214752994454
EURO STOXX 50 I,2026-04-15,5940.34,0,1,0.7968196,-0.001188484200853157
EURO STOXX 50 I,2026-04-16,5933.28,1,1,0.8902644,0.02097157123788418
EURO STOXX 50 I,2026-04-17,6057.71,0,1,0.8860487,-0.012394139039339946
EURO STOXX 50 I,2026-04-20,5982.63,0,1,0.8767838,-0.008755330160068908
EURO STOXX 50 I,2026-04-21,5930.25,0,1,0.8544672,-0.004052072003709828
EURO STOXX 50 I,2026-04-22,5906.22,0,1,0.8082315,-0.0019454405035559397
EURO STOXX 50 I,2026-04-23,5894.73,0,1,0.78305906,-0.0019084843580622346
EURO STOXX 50 I,2026-04-24,5883.48,0,1,0.6723425,-0.0039364797704758425
EURO STOXX 50 I,2026-04-27,5860.32,0,1,0.6274516,-0.0041328290650624044
EURO STOXX 50 I,2026-04-28,5836.1,0,1,0.6358455,-0.0033618511786663863
EURO STOXX 50 I,2026-04-29,5816.48,1,1,0.643396,0.011180267103127806
EURO STOXX 50 I,2026-04-30,5881.51,0,0,0.28296152,0.0
EURO STOXX 50 I,2026-04-30,5881.51,0,1,0.8205117,-0.020045856252760008
EURO STOXX 50 I,2026-05-04,5763.61,1,1,0.89543253,0.018394721683020032
EURO STOXX 50 I,2026-05-05,5869.63,1,0,0.32500833,0.026833037633258616
EURO STOXX 50 I,2026-05-06,6027.13,0,0,0.35539368,-0.009039128225857507
EURO STOXX 50 I,2026-05-07,5972.65,0,1,0.67729104,-0.010233330435122312
EURO STOXX 50 I,2026-05-08,5911.53,0,1,0.81596,0.0
EURO STOXX 50 I,2026-05-08,5911.53,0,1,0.91433066,0.0
EURO STOXX 50 I,2026-05-08,5911.53,0,1,0.66176534,-0.0027200404199941852
CBOE Volatility Index,2025-06-05,18.48,0,0,0.45931458,-0.09253246753246758
CBOE Volatility Index,2025-06-06,16.77,1,1,0.5168082,0.023255813953488413
CBOE Volatility Index,2025-06-09,17.16,0,0,0.48125297,-0.012237762237762295
CBOE Volatility Index,2025-06-10,16.95,1,0,0.49630412,0.01828908554572295
CBOE Volatility Index,2025-06-11,17.26,1,0,0.4722647,0.044032444959443584
CBOE Volatility Index,2025-06-12,18.02,1,0,0.418373,0.1553829078801332
CBOE Volatility Index,2025-06-13,20.82,0,0,0.40251118,-0.08213256484149856
CBOE Volatility Index,2025-06-16,19.11,1,0,0.4241439,0.1302982731554161
CBOE Volatility Index,2025-06-17,21.6,0,0,0.40262833,-0.06759259259259265
CBOE Volatility Index,2025-06-18,20.14,1,0,0.4147115,0.02383316782522349
CBOE Volatility Index,2025-06-20,20.62,0,0,0.44668266,-0.038312318137730506
CBOE Volatility Index,2025-06-23,19.83,0,0,0.42344058,-0.11850731215330301
CBOE Volatility Index,2025-06-24,17.48,0,0,0.48419246,-0.041189931350114395
CBOE Volatility Index,2025-06-25,16.76,0,0,0.46580744,-0.010143198090692196
CBOE Volatility Index,2025-06-26,16.59,0,0,0.46676096,-0.016274864376130127
CBOE Volatility Index,2025-06-27,16.32,1,1,0.51412755,0.025122549019607865
CBOE Volatility Index,2025-06-30,16.73,1,0,0.49010417,0.005977286312014218
CBOE Volatility Index,2025-07-01,16.83,0,1,0.5097368,-0.01128936423054061
CBOE Volatility Index,2025-07-02,16.64,0,0,0.4944297,-0.01562500000000011
CBOE Volatility Index,2025-07-03,16.38,1,1,0.5004107,0.086080586080586
CBOE Volatility Index,2025-07-07,17.79,0,0,0.48179752,-0.05508712759977519
CBOE Volatility Index,2025-07-08,16.81,0,0,0.49541262,-0.05175490779298031
CBOE Volatility Index,2025-07-09,15.94,0,1,0.501353,-0.010037641154328703
CBOE Volatility Index,2025-07-10,15.78,1,0,0.47375292,0.03929024081115329
CBOE Volatility Index,2025-07-11,16.4,1,0,0.47950482,0.04878048780487809
CBOE Volatility Index,2025-07-14,17.2,1,0,0.48042288,0.010465116279069653
CBOE Volatility Index,2025-07-15,17.38,0,0,0.44329607,-0.012658227848101222
CBOE Volatility Index,2025-07-16,17.16,0,0,0.46875858,-0.037296037296037365
CBOE Volatility Index,2025-07-17,16.52,0,0,0.46323705,-0.006658595641646503
CBOE Volatility Index,2025-07-18,16.41,1,0,0.45429212,0.014625228519195455
CBOE Volatility Index,2025-07-21,16.65,0,0,0.45170352,-0.009009009009008917
CBOE Volatility Index,2025-07-22,16.5,0,0,0.45374596,-0.06848484848484848
CBOE Volatility Index,2025-07-23,15.37,1,0,0.48504248,0.0013012361743658385
CBOE Volatility Index,2025-07-24,15.39,0,0,0.4608716,-0.029889538661468595
CBOE Volatility Index,2025-07-25,14.93,1,0,0.48719648,0.006697923643670389
CBOE Volatility Index,2025-07-28,15.03,1,0,0.46111447,0.06320691949434476
CBOE Volatility Index,2025-07-29,15.98,0,0,0.46765217,-0.03128911138923651
CBOE Volatility Index,2025-07-30,15.48,1,1,0.5038829,0.08010335917312661
CBOE Volatility Index,2025-07-31,16.72,1,0,0.463621,0.21889952153110048
CBOE Volatility Index,2025-08-01,20.38,0,0,0.38633135,-0.14033366045142293
CBOE Volatility Index,2025-08-04,17.52,1,0,0.41899672,0.018835616438356295
CBOE Volatility Index,2025-08-05,17.85,0,0,0.416836,-0.06050420168067239
CBOE Volatility Index,2025-08-06,16.77,0,0,0.48127574,-0.011926058437686349
CBOE Volatility Index,2025-08-07,16.57,0,0,0.44073352,-0.08569704284852142
CBOE Volatility Index,2025-08-08,15.15,1,1,0.5309108,0.0726072607260726
CBOE Volatility Index,2025-08-11,16.25,0,1,0.50055856,-0.09353846153846146
CBOE Volatility Index,2025-08-12,14.73,0,0,0.48795056,-0.016293279022403295
CBOE Volatility Index,2025-08-13,14.49,1,1,0.523429,0.02346445824706689
CBOE Volatility Index,2025-08-14,14.83,1,0,0.4805096,0.017532029669588667
CBOE Volatility Index,2025-08-15,15.09,0,0,0.43762228,-0.0066269052352551094
CBOE Volatility Index,2025-08-18,14.99,1,0,0.4814582,0.03869246164109397
CBOE Volatility Index,2025-08-19,15.57,1,0,0.45819148,0.0077071290944121795
CBOE Volatility Index,2025-08-20,15.69,1,0,0.47825843,0.05799872530274075
CBOE Volatility Index,2025-08-21,16.6,0,0,0.46142405,-0.1433734939759036
CBOE Volatility Index,2025-08-22,14.22,1,0,0.49592304,0.04008438818565385
CBOE Volatility Index,2025-08-25,14.79,0,0,0.48104405,-0.011494252873563204
CBOE Volatility Index,2025-08-26,14.62,1,0,0.47897026,0.015731874145006763
CBOE Volatility Index,2025-08-27,14.85,0,0,0.4705228,-0.028282828282828243
CBOE Volatility Index,2025-08-28,14.43,1,0,0.43953523,0.06444906444906451
CBOE Volatility Index,2025-08-29,15.36,1,0,0.48700207,0.11783854166666674
CBOE Volatility Index,2025-09-02,17.17,0,0,0.44440618,-0.04775771694816544
CBOE Volatility Index,2025-09-03,16.35,0,0,0.4625173,-0.06422018348623859
CBOE Volatility Index,2025-09-04,15.3,0,0,0.48664585,-0.007843137254902044
CBOE Volatility Index,2025-09-05,15.18,0,1,0.50946337,-0.00461133069828723
CBOE Volatility Index,2025-09-08,15.11,0,0,0.4831729,-0.0046326935804102964
CBOE Volatility Index,2025-09-09,15.04,1,1,0.50430566,0.020611702127659504
CBOE Volatility Index,2025-09-10,15.35,0,0,0.4790758,-0.04169381107491854
CBOE Volatility Index,2025-09-11,14.71,1,0,0.4794126,0.003399048266485405
CBOE Volatility Index,2025-09-12,14.76,1,0,0.4965375,0.0630081300813008
CBOE Volatility Index,2025-09-15,15.69,1,0,0.4646408,0.042702358189929956
CBOE Volatility Index,2025-09-16,16.36,0,0,0.47634614,-0.03911980440097795
CBOE Volatility Index,2025-09-17,15.72,0,0,0.43364024,-0.0012722646310433516
CBOE Volatility Index,2025-09-18,15.7,0,0,0.43994913,-0.015923566878980888
CBOE Volatility Index,2025-09-19,15.45,1,0,0.45947677,0.04207119741100329
CBOE Volatility Index,2025-09-22,16.1,1,0,0.4504562,0.03354037267080745
CBOE Volatility Index,2025-09-23,16.64,0,0,0.42363757,-0.027644230769230838
CBOE Volatility Index,2025-09-24,16.18,1,0,0.46490893,0.034610630407911014
CBOE Volatility Index,2025-09-25,16.74,0,0,0.44788754,-0.08661887694145753
CBOE Volatility Index,2025-09-26,15.29,1,0,0.48982844,0.05428384565075217
CBOE Volatility Index,2025-09-29,16.12,1,0,0.44327632,0.00992555831265518
CBOE Volatility Index,2025-09-30,16.28,1,0,0.47311574,0.0006142506142505777
CBOE Volatility Index,2025-10-01,16.29,1,0,0.44562364,0.020871700429711426
CBOE Volatility Index,2025-10-02,16.63,1,0,0.46137092,0.0012026458208056479
CBOE Volatility Index,2025-10-03,16.65,0,0,0.41248274,-0.016816816816816682
CBOE Volatility Index,2025-10-06,16.37,1,0,0.41293958,0.05314599877825277
CBOE Volatility Index,2025-10-07,17.24,0,0,0.40574354,-0.054524361948955824
CBOE Volatility Index,2025-10-08,16.3,1,0,0.40736184,0.00797546012269934
CBOE Volatility Index,2025-10-09,16.43,1,0,0.44733793,0.3183201460742544
CBOE Volatility Index,2025-10-10,21.66,0,0,0.3791031,-0.12142197599261306
CBOE Volatility Index,2025-10-13,19.03,1,0,0.4103903,0.09353652128218592
CBOE Volatility Index,2025-10-14,20.81,0,0,0.38975447,-0.008169149447381008
CBOE Volatility Index,2025-10-15,20.64,1,0,0.43821567,0.22625968992248047
CBOE Volatility Index,2025-10-16,25.31,0,0,0.35316062,-0.178980640063216
CBOE Volatility Index,2025-10-17,20.78,0,0,0.43409023,-0.12271414821944182
CBOE Volatility Index,2025-10-20,18.23,0,1,0.5116823,-0.01974766867800326
CBOE Volatility Index,2025-10-21,17.87,1,0,0.4078113,0.04085058757694471
CBOE Volatility Index,2025-10-22,18.6,0,0,0.480916,-0.06989247311827962
CBOE Volatility Index,2025-10-23,17.3,0,0,0.44241452,-0.05375722543352601
CBOE Volatility Index,2025-10-24,16.37,0,0,0.4672392,-0.0354306658521687
CBOE Volatility Index,2025-10-27,15.79,1,0,0.43934214,0.03989867004433201
CBOE Volatility Index,2025-10-28,16.42,1,0,0.47220808,0.030450669914738215
CBOE Volatility Index,2025-10-29,16.92,0,0,0.41680342,-0.0005910165484634966
CBOE Volatility Index,2025-10-30,16.91,1,0,0.44420317,0.03134240094618579
CBOE Volatility Index,2025-10-31,17.44,0,0,0.47197768,-0.015481651376146766
CBOE Volatility Index,2025-11-03,17.17,1,0,0.46203744,0.10658124635993005
CBOE Volatility Index,2025-11-04,19.0,0,0,0.47478175,-0.052105263157894655
CBOE Volatility Index,2025-11-05,18.01,1,0,0.4683997,0.08273181565796772
CBOE Volatility Index,2025-11-06,19.5,0,1,0.50765955,-0.021538461538461617
CBOE Volatility Index,2025-11-07,19.08,0,0,0.47568554,-0.07756813417190755
CBOE Volatility Index,2025-11-10,17.6,0,1,0.5504218,-0.018181818181818188
CBOE Volatility Index,2025-11-11,17.28,1,1,0.5078008,0.01331018518518512
CBOE Volatility Index,2025-11-12,17.51,1,0,0.44502822,0.14220445459737285
CBOE Volatility Index,2025-11-13,20.0,0,0,0.44943428,-0.008500000000000063
CBOE Volatility Index,2025-11-14,19.83,1,1,0.5093385,0.12859304084720136
CBOE Volatility Index,2025-11-17,22.38,1,0,0.4352666,0.10321715817694388
CBOE Volatility Index,2025-11-18,24.69,0,0,0.3759225,-0.041717294451194875
CBOE Volatility Index,2025-11-19,23.66,1,0,0.4130854,0.11665257819103969
CBOE Volatility Index,2025-11-20,26.42,0,0,0.35991862,-0.11317183951551857
CBOE Volatility Index,2025-11-21,23.43,0,0,0.44279337,-0.12419974391805377
CBOE Volatility Index,2025-11-24,20.52,0,0,0.4302875,-0.09551656920077978
CBOE Volatility Index,2025-11-25,18.56,0,0,0.46153292,-0.0738146551724137
CBOE Volatility Index,2025-11-26,17.19,0,0,0.48994574,-0.048865619546247796
CBOE Volatility Index,2025-11-28,16.35,1,0,0.48549485,0.054434250764525904
CBOE Volatility Index,2025-12-01,17.24,0,1,0.50105035,-0.037703016241299236
CBOE Volatility Index,2025-12-02,16.59,0,0,0.4517151,-0.03074141048824608
CBOE Volatility Index,2025-12-03,16.08,0,0,0.4741936,-0.018656716417910335
CBOE Volatility Index,2025-12-04,15.78,0,1,0.50967735,-0.02344740177439797
CBOE Volatility Index,2025-12-05,15.41,1,1,0.54596424,0.08111615833874097
CBOE Volatility Index,2025-12-08,16.66,1,0,0.48203394,0.016206482593037252
CBOE Volatility Index,2025-12-09,16.93,0,1,0.53577024,-0.06851742468989963
CBOE Volatility Index,2025-12-10,15.77,0,1,0.54684514,-0.05833861762840842
CBOE Volatility Index,2025-12-11,14.85,1,1,0.53375894,0.05993265993265995
CBOE Volatility Index,2025-12-12,15.74,1,0,0.4633012,0.04828462515883092
CBOE Volatility Index,2025-12-15,16.5,0,1,0.5015118,-0.00121212121212122
CBOE Volatility Index,2025-12-16,16.48,1,0,0.48883766,0.06917475728155353
CBOE Volatility Index,2025-12-17,17.62,0,1,0.51889586,-0.04256526674233829
CBOE Volatility Index,2025-12-18,16.87,0,1,0.5316196,-0.11618257261410792
CBOE Volatility Index,2025-12-19,14.91,0,1,0.50076014,-0.0556673373574782
CBOE Volatility Index,2025-12-22,14.08,0,1,0.50680697,-0.005681818181818232
CBOE Volatility Index,2025-12-23,14.0,0,0,0.43102393,-0.03785714285714281
CBOE Volatility Index,2025-12-24,13.47,1,0,0.48127303,0.009651076466221209
CBOE Volatility Index,2025-12-26,13.6,1,1,0.56294334,0.044117647058823595
CBOE Volatility Index,2025-12-29,14.2,1,0,0.4937241,0.009154929577464888
CBOE Volatility Index,2025-12-30,14.33,1,0,0.46507886,0.04326587578506613
CBOE Volatility Index,2025-12-31,14.95,0,0,0.4109487,-0.02943143812709026
CBOE Volatility Index,2026-01-02,14.51,1,1,0.5194401,0.026878015161957203
CBOE Volatility Index,2026-01-05,14.9,0,0,0.49687776,-0.010067114093959773
CBOE Volatility Index,2026-01-06,14.75,1,0,0.48215222,0.042711864406779654
CBOE Volatility Index,2026-01-07,15.38,1,0,0.46428874,0.004551365409622754
CBOE Volatility Index,2026-01-08,15.45,0,1,0.51147634,-0.062135922330097015
CBOE Volatility Index,2026-01-09,14.49,1,0,0.49247494,0.04347826086956519
CBOE Volatility Index,2026-01-12,15.12,1,0,0.4605393,0.05687830687830697
CBOE Volatility Index,2026-01-13,15.98,1,0,0.472842,0.04818523153942422
CBOE Volatility Index,2026-01-14,16.75,0,0,0.48029873,-0.05432835820895521
CBOE Volatility Index,2026-01-15,15.84,1,1,0.5114454,0.0012626262626262985
CBOE Volatility Index,2026-01-16,15.86,1,0,0.4933498,0.2667087011349307
CBOE Volatility Index,2026-01-20,20.09,0,0,0.4234465,-0.1587854654056745
CBOE Volatility Index,2026-01-21,16.9,0,0,0.45699924,-0.0745562130177514
CBOE Volatility Index,2026-01-22,15.64,1,0,0.4545764,0.028772378516624064
CBOE Volatility Index,2026-01-23,16.09,1,0,0.4369506,0.003729024238657397
CBOE Volatility Index,2026-01-26,16.15,1,0,0.44323087,0.012383900928792713
CBOE Volatility Index,2026-01-27,16.35,0,0,0.48196286,0.0
CBOE Volatility Index,2026-01-28,16.35,1,0,0.49278036,0.03241590214067269
CBOE Volatility Index,2026-01-29,16.88,1,0,0.4870956,0.0331753554502372
CBOE Volatility Index,2026-01-30,17.44,0,0,0.44217676,-0.06307339449541294
CBOE Volatility Index,2026-02-02,16.34,1,0,0.4824873,0.10159118727050176
CBOE Volatility Index,2026-02-03,18.0,1,0,0.46369383,0.03555555555555556
CBOE Volatility Index,2026-02-04,18.64,1,0,0.4428542,0.1679184549356223
CBOE Volatility Index,2026-02-05,21.77,0,0,0.4296503,-0.06430868167202564
CBOE Volatility Index,2026-02-06,20.37,0,0,0.45904294,-0.147766323024055
CBOE Volatility Index,2026-02-09,17.36,1,0,0.48868436,0.024769585253456183
CBOE Volatility Index,2026-02-10,17.79,0,0,0.46395317,-0.00786958965711082
CBOE Volatility Index,2026-02-11,17.65,1,0,0.4384368,0.17960339943342785
CBOE Volatility Index,2026-02-12,20.82,0,0,0.40098152,-0.01056676272814594
CBOE Volatility Index,2026-02-13,20.6,0,0,0.424035,-0.015048543689320515
CBOE Volatility Index,2026-02-17,20.29,0,0,0.44290018,-0.03302119270576631
CBOE Volatility Index,2026-02-18,19.62,1,0,0.44579893,0.031090723751274085
CBOE Volatility Index,2026-02-19,20.23,0,0,0.44733578,-0.056351952545724227
CBOE Volatility Index,2026-02-20,19.09,1,0,0.4289202,0.10057621791513882
CBOE Volatility Index,2026-02-23,21.01,0,0,0.42167398,-0.06949071870537837
CBOE Volatility Index,2026-02-24,19.55,0,0,0.4658645,-0.08286445012787724
CBOE Volatility Index,2026-02-25,17.93,1,1,0.50031203,0.03904071388733965
CBOE Volatility Index,2026-02-26,18.63,1,1,0.5250956,0.06602254428341392
CBOE Volatility Index,2026-02-27,19.86,1,1,0.5182904,0.07955689828801615
CBOE Volatility Index,2026-03-02,21.44,1,0,0.49254408,0.09934701492537301
CBOE Volatility Index,2026-03-03,23.57,0,0,0.48280236,-0.10267288926601614
CBOE Volatility Index,2026-03-04,21.15,1,1,0.5340962,0.12293144208037843
CBOE Volatility Index,2026-03-05,23.75,1,0,0.48812687,0.24168421052631572
CBOE Volatility Index,2026-03-06,29.49,0,0,0.40418708,-0.13530010172939977
CBOE Volatility Index,2026-03-09,25.5,0,0,0.4750887,-0.022352941176470575
CBOE Volatility Index,2026-03-10,24.93,0,0,0.49629337,-0.02807862013638185
CBOE Volatility Index,2026-03-11,24.23,1,0,0.48263255,0.12628972348328515
CBOE Volatility Index,2026-03-12,27.29,0,0,0.43544352,-0.003664345914254241
CBOE Volatility Index,2026-03-13,27.19,0,1,0.5100874,-0.13534387642515633
CBOE Volatility Index,2026-03-16,23.51,0,1,0.5035939,-0.048490004253509134
CBOE Volatility Index,2026-03-17,22.37,1,1,0.5980938,0.12159141707644161
CBOE Volatility Index,2026-03-18,25.09,0,1,0.5504489,-0.04105221203666809
CBOE Volatility Index,2026-03-19,24.06,1,0,0.4942117,0.11305070656691618
CBOE Volatility Index,2026-03-20,26.78,0,0,0.49593177,-0.023525018670649822
CBOE Volatility Index,2026-03-23,26.15,1,1,0.5169453,0.030592734225621365
CBOE Volatility Index,2026-03-24,26.95,0,0,0.49859115,-0.0601113172541744
CBOE Volatility Index,2026-03-25,25.33,1,1,0.5106121,0.08330043426766687
CBOE Volatility Index,2026-03-26,27.44,1,0,0.482213,0.1315597667638484
CBOE Volatility Index,2026-03-27,31.05,0,0,0.44729185,-0.014170692431561993
CBOE Volatility Index,2026-03-30,30.61,0,0,0.49117482,-0.1751061744527932
CBOE Volatility Index,2026-03-31,25.25,0,1,0.61129296,-0.028118811881188144
CBOE Volatility Index,2026-04-01,24.54,0,1,0.52379614,-0.02730236348818249
CBOE Volatility Index,2026-04-02,23.87,1,1,0.5500663,0.012568077084206042
CBOE Volatility Index,2026-04-06,24.17,1,1,0.59343255,0.06661150186181208
CBOE Volatility Index,2026-04-07,25.78,0,1,0.50465363,-0.18386346004654774
CBOE Volatility Index,2026-04-08,21.04,0,1,0.5628979,-0.07366920152091261
CBOE Volatility Index,2026-04-09,19.49,0,1,0.61631835,-0.01334017444843505
CBOE Volatility Index,2026-04-10,19.23,0,1,0.625794,-0.00572022880915235
CBOE Volatility Index,2026-04-13,19.12,0,1,0.6503313,-0.03974895397489553
CBOE Volatility Index,2026-04-14,18.36,0,1,0.66813016,-0.010348583877995532
CBOE Volatility Index,2026-04-15,18.17,0,1,0.63530433,-0.012658227848101333
CBOE Volatility Index,2026-04-16,17.94,0,1,0.7212566,-0.02564102564102566
CBOE Volatility Index,2026-04-17,17.48,1,1,0.7571331,0.07951945080091538
CBOE Volatility Index,2026-04-20,18.87,1,1,0.7419158,0.03338632750397452
CBOE Volatility Index,2026-04-21,19.5,0,1,0.7586525,-0.029743589743589705
CBOE Volatility Index,2026-04-22,18.92,1,1,0.76395285,0.020613107822409882
CBOE Volatility Index,2026-04-23,19.31,0,1,0.7445069,-0.03107198342827544
CBOE Volatility Index,2026-04-24,18.71,0,1,0.65699625,-0.036878674505612
CBOE Volatility Index,2026-04-27,18.02,0,1,0.6239097,-0.010543840177580588
CBOE Volatility Index,2026-04-28,17.83,1,1,0.6713457,0.054963544587773416
CBOE Volatility Index,2026-04-29,18.81,0,1,0.64924425,-0.10207336523125987
CBOE Volatility Index,2026-04-30,16.89,0,0,0.49037012,0.0
CBOE Volatility Index,2026-04-30,16.89,1,0,0.28248167,0.005920663114268754
CBOE Volatility Index,2026-05-01,16.99,0,0,0.37643754,0.0
CBOE Volatility Index,2026-05-01,16.99,0,0,0.24073818,0.0
CBOE Volatility Index,2026-05-01,16.99,1,0,0.37903,0.07651559741024139
CBOE Volatility Index,2026-05-04,18.29,0,1,0.6167528,-0.049753963914707544
CBOE Volatility Index,2026-05-05,17.38,1,0,0.30720025,0.0005753739930955959
CBOE Volatility Index,2026-05-06,17.39,0,0,0.23746563,-0.01782633697527325
CBOE Volatility Index,2026-05-07,17.08,1,0,0.39759055,0.0064402810304451386
CBOE Volatility Index,2026-05-08,17.19,0,0,0.40801302,0.0
CBOE Volatility Index,2026-05-08,17.19,0,0,0.47040543,0.0
CBOE Volatility Index,2026-05-08,17.19,1,1,0.54163086,0.06922629435718419
